old_product_id,old_handle,sku,new_product_id,new_handle,status
"prod_01KP6FAQTKD6FJVB59ESZDZHM6","vevor-subterranean-wire-tracker-up-to-2-5m-detection-depth-voltage-ran-dxdldwq8ftlctslz2v9","DXDLDWQ3FTZSSNRRNV9","prod_01KPJV5JWR7R68JVNFH47SX4A9","vevor-underground-cable-locator-3-ft-max-detection-depth-wire-tracer-b-dxdldwq3ftzssnrrnv9","CREATED"
"prod_01KP6FAQTKD6FJVB59ESZDZHM6","vevor-subterranean-wire-tracker-up-to-2-5m-detection-depth-voltage-ran-dxdldwq8ftlctslz2v9","DXDLDWQ8FTLCTSLZ2V9","prod_01KPJV5K3A8H25S272HV4WDY2W","vevor-subterranean-wire-tracker-up-to-2-5m-detection-depth-voltage-ran-dxdldwq8ftlctslz2v9","CREATED"
"prod_01KP6FAQTKD6FJVB59ESZDZHM6","vevor-subterranean-wire-tracker-up-to-2-5m-detection-depth-voltage-ran-dxdldwq8ftlctslz2v9","DXDLDWQ65FTZOCK61V9","prod_01KPJV5K9SAQW8R78AGS40VP8B","vevor-subterranean-wire-locator-up-to-6-5-ft-detection-depth-earphone-dxdldwq65ftzock61v9","CREATED"
"prod_01KP6FAR5F0G11QRHRTZSTBJKG","vevor-10l-ultrasonic-cleaner-professional-ultrasonic-cleaner-machine-w-sxjjkcsbqxj1skjlq001v2","SXJJKCSBQXJ1SKJLQ001V2","prod_01KPJV5KRGJV5M1CJCRGQBTAHJ","vevor-10l-ultrasonic-cleaner-professional-ultrasonic-cleaner-machine-w-sxjjkcsbqxj1skjlq001v2","CREATED"
"prod_01KP6FAR5F0G11QRHRTZSTBJKG","vevor-10l-ultrasonic-cleaner-professional-ultrasonic-cleaner-machine-w-sxjjkcsbqxj1skjlq001v2","SXJJKCSBQXJ6G06TW001V2","prod_01KPJV5KZ0ZS193AWA1HSXQX85","vevor-6l-ultrasonic-cleaner-professional-ultrasonic-cleaner-machine-wi-sxjjkcsbqxj6g06tw001v2","CREATED"
"prod_01KP6FAR5F0G11QRHRTZSTBJKG","vevor-10l-ultrasonic-cleaner-professional-ultrasonic-cleaner-machine-w-sxjjkcsbqxj1skjlq001v2","SXJJKCSBQXJ1D0UAJ001V2","prod_01KPJV5M5FQTJF0A5QJTZXSAAB","vevor-15l-ultrasonic-cleaner-professional-ultrasonic-cleaner-machine-w-sxjjkcsbqxj1d0uaj001v2","CREATED"
"prod_01KP6FAR5F0G11QRHRTZSTBJKG","vevor-10l-ultrasonic-cleaner-professional-ultrasonic-cleaner-machine-w-sxjjkcsbqxj1skjlq001v2","SXJJKCSBQXJ38E4T5001V2","prod_01KPJV5MB8TN09SYBJDP2Y3EZ3","vevor-30l-ultrasonic-cleaner-professional-ultrasonic-cleaner-machine-w-sxjjkcsbqxj38e4t5001v2","CREATED"
"prod_01KP6FARECP6PC4ZBF47PJ8PR4","vevor-ash-bucket-4-pcs-with-lid-shovel-broom-and-gloves-metal-fireplac-blht4jtdgyxtvhe1a001v0","BLHT4JTDGYXTVHE1A001V0","prod_01KPJV5MSE3WH618SCBF53Q9WS","vevor-ash-bucket-4-pcs-with-lid-shovel-broom-and-gloves-metal-fireplac-blht4jtdgyxtvhe1a001v0","CREATED"
"prod_01KP6FARECP6PC4ZBF47PJ8PR4","vevor-ash-bucket-4-pcs-with-lid-shovel-broom-and-gloves-metal-fireplac-blht4jtdgyxtvhe1a001v0","BLHT4JTDGYXTGG4LL001V0","prod_01KPJV5MZF4QEK87C3EKDRJPQX","vevor-ash-bucket-4-pcs-with-lid-shovel-broom-and-gloves-metal-fireplac-blht4jtdgyxtgg4ll001v0","CREATED"
"prod_01KP6FARP576JXKVX5KVDRM5F2","vevor-fireplace-tool-set-4-pcs-fire-tool-set-and-holder-with-three-pro-blgjtj4jtszgob6qi001v0","BLGJTJ5JTWZGPZ6MX001V0","prod_01KPJV5NF97TPG9VGEV53N7YE8","vevor-fireplace-tool-set-5-pcs-fire-tool-set-and-holder-with-five-pron-blgjtj5jtwzgpz6mx001v0","CREATED"
"prod_01KP6FARP576JXKVX5KVDRM5F2","vevor-fireplace-tool-set-4-pcs-fire-tool-set-and-holder-with-three-pro-blgjtj4jtszgob6qi001v0","BLGJTJ5JTSZGDJ6II001V0","prod_01KPJV5NN83BWJ34YC8KAM9TXM","vevor-fireplace-tool-set-5-pcs-fire-tool-set-and-holder-with-four-pron-blgjtj5jtszgdj6ii001v0","CREATED"
"prod_01KP6FARP576JXKVX5KVDRM5F2","vevor-fireplace-tool-set-4-pcs-fire-tool-set-and-holder-with-three-pro-blgjtj4jtszgob6qi001v0","BLGJTJ5JTFKGGFSK1001V0","prod_01KPJV5NTRBGTMJZZPH3FB990Q","vevor-fireplace-tool-set-5-pcs-fire-tool-set-and-holder-with-square-fr-blgjtj5jtfkggfsk1001v0","CREATED"
"prod_01KP6FARP576JXKVX5KVDRM5F2","vevor-fireplace-tool-set-4-pcs-fire-tool-set-and-holder-with-three-pro-blgjtj4jtszgob6qi001v0","BLGJTJ5JTWZG9M137001V0","prod_01KPJV5P1PBY0YRY1CBMM27TPC","vevor-fireplace-tool-set-5-pcs-fire-tool-set-and-holder-with-five-pron-blgjtj5jtwzg9m137001v0","CREATED"
"prod_01KP6FARP576JXKVX5KVDRM5F2","vevor-fireplace-tool-set-4-pcs-fire-tool-set-and-holder-with-three-pro-blgjtj4jtszgob6qi001v0","BLGJTJ4JTSZGOB6QI001V0","prod_01KPJV5P89K1J9ZXJ797MP91AP","vevor-fireplace-tool-set-4-pcs-fire-tool-set-and-holder-with-three-pro-blgjtj4jtszgob6qi001v0","CREATED"
"prod_01KP6FARP576JXKVX5KVDRM5F2","vevor-fireplace-tool-set-4-pcs-fire-tool-set-and-holder-with-three-pro-blgjtj4jtszgob6qi001v0","BLGJTJ3JTCXGS1KU6001V0","prod_01KPJV5PEZYFTYFE70W77CGF3X","vevor-fireplace-tool-set-3-pcs-fire-tool-set-and-holder-with-stand-ton-blgjtj3jtcxgs1ku6001v0","CREATED"
"prod_01KP6FAS47GDY4ADQW19Z560KE","vevor-deep-squat-machine-adjustable-glutes-trainer-machine-with-3-high-sxsdjzlsgzlk1sonk001v0","SXSDJWLFTKDDM1SF5001V0","prod_01KPJV5PWW1KF55D5GMBYMWBSZ","vevor-sissy-squat-machine-multi-function-deep-sissy-squat-bench-for-le-sxsdjwlftkddm1sf5001v0","CREATED"
"prod_01KP6FAS47GDY4ADQW19Z560KE","vevor-deep-squat-machine-adjustable-glutes-trainer-machine-with-3-high-sxsdjzlsgzlk1sonk001v0","SXSDJZLSGZLK1SONK001V0","prod_01KPJV5Q3ND5HD436T9F3YFCAQ","vevor-deep-squat-machine-adjustable-glutes-trainer-machine-with-3-high-sxsdjzlsgzlk1sonk001v0","CREATED"
"prod_01KP6FASBX53ZE41BWPDCRDTA8","vevor-12v-linear-actuator-150mm-stroke-ultra-heavy-duty-9000n-linear-m-czxxxzxq9000d6j8m001v9","CZXXXZXQ9000NBK9C001V9","prod_01KPJV5QJ31R881Y9GSN0FD7VY","vevor-12v-linear-actuator-200mm-stroke-ultra-heavy-duty-9000n-linear-m-czxxxzxq9000nbk9c001v9","CREATED"
"prod_01KP6FASBX53ZE41BWPDCRDTA8","vevor-12v-linear-actuator-150mm-stroke-ultra-heavy-duty-9000n-linear-m-czxxxzxq9000d6j8m001v9","CZXXXZXQ9000D6J8M001V9","prod_01KPJV5QRK5NETGTZ2NCBRA03R","vevor-12v-linear-actuator-150mm-stroke-ultra-heavy-duty-9000n-linear-m-czxxxzxq9000d6j8m001v9","CREATED"
"prod_01KP6FAST1RV6Q4GPVP2FNRG7X","vevor-commercial-ice-maker-machine-head-204-kg-day-stainless-steel-ice-ftzbjjtxfb45ho1gs001v2","ZHSKU00000000000502","prod_01KPJV5R9JDCZFTC48B2HSFGDY","vevor-commercial-ice-maker-machine-136kg-24h-ice-making-machine-with-1-zhsku00000000000502","CREATED"
"prod_01KP6FAST1RV6Q4GPVP2FNRG7X","vevor-commercial-ice-maker-machine-head-204-kg-day-stainless-steel-ice-ftzbjjtxfb45ho1gs001v2","FTZBJJTXFB30BP3NB001V2","prod_01KPJV5RFBM0TF7EYH37XR5XNP","vevor-commercial-ice-maker-machine-head-136-kg-day-stainless-steel-ice-ftzbjjtxfb30bp3nb001v2","CREATED"
"prod_01KP6FAST1RV6Q4GPVP2FNRG7X","vevor-commercial-ice-maker-machine-head-204-kg-day-stainless-steel-ice-ftzbjjtxfb45ho1gs001v2","FTZBJJTXFB55OJG85001V2","prod_01KPJV5RNR7Z3YX6GFW5RDJ9HJ","vevor-commercial-ice-maker-machine-head-250-kg-day-stainless-steel-ice-ftzbjjtxfb55ojg85001v2","CREATED"
"prod_01KP6FAST1RV6Q4GPVP2FNRG7X","vevor-commercial-ice-maker-machine-head-204-kg-day-stainless-steel-ice-ftzbjjtxfb45ho1gs001v2","FTZBJJTXFB40B6APE001V2","prod_01KPJV5RVW18XQ9QVA379NSG91","vevor-commercial-ice-maker-machine-head-181-kg-day-stainless-steel-ice-ftzbjjtxfb40b6ape001v2","CREATED"
"prod_01KP6FAST1RV6Q4GPVP2FNRG7X","vevor-commercial-ice-maker-machine-head-204-kg-day-stainless-steel-ice-ftzbjjtxfb45ho1gs001v2","ZHSKU00000000000505","prod_01KPJV5S1WRSMXZXBE8J1X5GH3","vevor-commercial-ice-maker-machine-250kg-24h-ice-making-machine-with-1-zhsku00000000000505","CREATED"
"prod_01KP6FAST1RV6Q4GPVP2FNRG7X","vevor-commercial-ice-maker-machine-head-204-kg-day-stainless-steel-ice-ftzbjjtxfb45ho1gs001v2","ZHSKU00000000000504","prod_01KPJV5S7F69WRN4SEPG2BFZXY","vevor-commercial-ice-maker-machine-204kg-24h-ice-making-machine-with-1-zhsku00000000000504","CREATED"
"prod_01KP6FAST1RV6Q4GPVP2FNRG7X","vevor-commercial-ice-maker-machine-head-204-kg-day-stainless-steel-ice-ftzbjjtxfb45ho1gs001v2","ZHSKU00000000000503","prod_01KPJV5SDVSBCG5SCKJX5TJFXA","vevor-commercial-ice-maker-machine-181kg-24h-ice-making-machine-with-1-zhsku00000000000503","CREATED"
"prod_01KP6FAST1RV6Q4GPVP2FNRG7X","vevor-commercial-ice-maker-machine-head-204-kg-day-stainless-steel-ice-ftzbjjtxfb45ho1gs001v2","FTZBJJTXFB36KU3G1001V2","prod_01KPJV5SM6J28JJFTSB3JZE90R","vevor-commercial-ice-maker-machine-head-163-kg-day-stainless-steel-ice-ftzbjjtxfb36ku3g1001v2","CREATED"
"prod_01KP6FAST1RV6Q4GPVP2FNRG7X","vevor-commercial-ice-maker-machine-head-204-kg-day-stainless-steel-ice-ftzbjjtxfb45ho1gs001v2","FTZBJJTXFB45HO1GS001V2","prod_01KPJV5STRG54F8DC5GFCNPESE","vevor-commercial-ice-maker-machine-head-204-kg-day-stainless-steel-ice-ftzbjjtxfb45ho1gs001v2","CREATED"
"prod_01KP6FATKPYBMHZPE701XQ1D1H","vevor-breast-pump-bag-breast-feeding-bag-with-ice-pack-fits-for-s1-s2-xnbstbzhhs00ix0yv001v0","XNBSTBDHHS009R5W4001V0","prod_01KPJV5TB6SE91KWXENMEH8AWF","vevor-breast-pump-bag-breast-feeding-bag-with-waterproof-mat-fits-for-xnbstbdhhs009r5w4001v0","CREATED"
"prod_01KP6FATKPYBMHZPE701XQ1D1H","vevor-breast-pump-bag-breast-feeding-bag-with-ice-pack-fits-for-s1-s2-xnbstbzhhs00ix0yv001v0","XNBSTBXHHS00FUVQQ001V0","prod_01KPJV5THBH9ZMJPZCAJH96PS7","vevor-wearable-breast-pump-bag-breast-feeding-bag-with-waterproof-mat-xnbstbxhhs00fuvqq001v0","CREATED"
"prod_01KP6FATKPYBMHZPE701XQ1D1H","vevor-breast-pump-bag-breast-feeding-bag-with-ice-pack-fits-for-s1-s2-xnbstbzhhs00ix0yv001v0","XNBSTBZHHS00IX0YV001V0","prod_01KPJV5TQYKWH186ASQTMP51NW","vevor-breast-pump-bag-breast-feeding-bag-with-ice-pack-fits-for-s1-s2-xnbstbzhhs00ix0yv001v0","CREATED"
"prod_01KP6FATKPYBMHZPE701XQ1D1H","vevor-breast-pump-bag-breast-feeding-bag-with-ice-pack-fits-for-s1-s2-xnbstbzhhs00ix0yv001v0","XNBSTBZHHSDLLVDDX001V0","prod_01KPJV5TYH7YBN5441Y9ZGJJS1","vevor-wearable-breast-pump-bag-breast-feeding-bag-with-ice-pack-fits-f-xnbstbzhhsdllvddx001v0","CREATED"
"prod_01KP6FATWH3K7FDQMHD3J3K0XC","vevor-24-pcs-wooden-wedding-lantern-cedar-wood-and-plastic-wooden-lant-mzhldldlzs10smdj9001v0","MZHLDLDLLEDLYFZS2001V9","prod_01KPJV5VDGG0JMSMCYFWJK5RCX","vevor-20-set-60-pcs-wooden-wedding-lantern-centerpiece-includes-20-woo-mzhldldlledlyfzs2001v9","CREATED"
"prod_01KP6FATWH3K7FDQMHD3J3K0XC","vevor-24-pcs-wooden-wedding-lantern-cedar-wood-and-plastic-wooden-lant-mzhldldlzs10smdj9001v0","MZHLDLDLZS10SMDJ9001V0","prod_01KPJV5VKRFMPBW7H3VZMNSZFH","vevor-24-pcs-wooden-wedding-lantern-cedar-wood-and-plastic-wooden-lant-mzhldldlzs10smdj9001v0","CREATED"
"prod_01KP6FATWH3K7FDQMHD3J3K0XC","vevor-24-pcs-wooden-wedding-lantern-cedar-wood-and-plastic-wooden-lant-mzhldldlzs10smdj9001v0","MZHLDLDLLEDLBCYHN001V9","prod_01KPJV5VTGKM6JXJR0J6C47PVQ","vevor-10-set-30-pcs-wooden-wedding-lantern-centerpiece-includes-10-woo-mzhldldlledlbcyhn001v9","CREATED"
"prod_01KP6FATWH3K7FDQMHD3J3K0XC","vevor-24-pcs-wooden-wedding-lantern-cedar-wood-and-plastic-wooden-lant-mzhldldlzs10smdj9001v0","MZHLDLDLLEDLBXHV3001V9","prod_01KPJV5W0X2BBYF5W55XGJJJEA","vevor-12-set-36-pcs-wooden-wedding-lantern-centerpiece-includes-12-woo-mzhldldlledlbxhv3001v9","CREATED"
"prod_01KP6FATWH3K7FDQMHD3J3K0XC","vevor-24-pcs-wooden-wedding-lantern-cedar-wood-and-plastic-wooden-lant-mzhldldlzs10smdj9001v0","MZHLDLDLLEDL7TS16001V9","prod_01KPJV5W7G4J6PQ2MD8W8HH033","vevor-12-set-36-pcs-wooden-wedding-lantern-centerpiece-includes-12-woo-mzhldldlledl7ts16001v9","CREATED"
"prod_01KP6FAV6ZZSDDXFS9K7K2HV6P","vevor-12-pcs-decorative-candle-lantern-led-electric-flameless-candle-p-ledcdgts6incdmemf001v9","LEDCDBS10INCDW7VW001V9","prod_01KPJV5WNEK8TYHSPBSVCRQPF2","vevor-12-pcs-decorative-candle-lantern-led-electric-flameless-candle-p-ledcdbs10incdw7vw001v9","CREATED"
"prod_01KP6FAV6ZZSDDXFS9K7K2HV6P","vevor-12-pcs-decorative-candle-lantern-led-electric-flameless-candle-p-ledcdgts6incdmemf001v9","LEDCDGTS6INCDMEMF001V9","prod_01KPJV5WVKQW1SSWVJE75BY2GT","vevor-12-pcs-decorative-candle-lantern-led-electric-flameless-candle-p-ledcdgts6incdmemf001v9","CREATED"
"prod_01KP6FAVEE8VKVCTWZT1T6J6MX","vevor-storage-ottoman-bench-button-tufted-end-of-bed-bench-with-side-b-bywszyxtk404xzwny001v0","BYWSZYXTK404XZWNY001V0","prod_01KPJV5XBQK33W6N4V7AVN846K","vevor-storage-ottoman-bench-button-tufted-end-of-bed-bench-with-side-b-bywszyxtk404xzwny001v0","CREATED"
"prod_01KP6FAVEE8VKVCTWZT1T6J6MX","vevor-storage-ottoman-bench-button-tufted-end-of-bed-bench-with-side-b-bywszyxtk404xzwny001v0","BYWSZYKZDK40FW7EP001V0","prod_01KPJV5XHT3262GW3JZVR48TN0","vevor-foldable-storage-ottoman-bench-end-of-bed-bench-with-side-bags-f-bywszykzdk40fw7ep001v0","CREATED"
"prod_01KP6FAVEE8VKVCTWZT1T6J6MX","vevor-storage-ottoman-bench-button-tufted-end-of-bed-bench-with-side-b-bywszyxtk404xzwny001v0","BYWSZYKZDK406PEG4001V0","prod_01KPJV5XQDSJ1RMW5DNMP3XS7T","vevor-oval-storage-ottoman-bench-foldable-teddy-fleece-end-of-bed-benc-bywszykzdk406peg4001v0","CREATED"
"prod_01KP6FAVEE8VKVCTWZT1T6J6MX","vevor-storage-ottoman-bench-button-tufted-end-of-bed-bench-with-side-b-bywszyxtk404xzwny001v0","BYWSZYKZDK40KOB06001V0","prod_01KPJV5XXQ2NJ6B8Y7SK5NE1SK","vevor-oval-storage-ottoman-bench-foldable-teddy-fleece-end-of-bed-benc-bywszykzdk40kob06001v0","CREATED"
"prod_01KP6FAVEE8VKVCTWZT1T6J6MX","vevor-storage-ottoman-bench-button-tufted-end-of-bed-bench-with-side-b-bywszyxtk404xzwny001v0","BYWSZYKZDK40BI0GO001V0","prod_01KPJV5Y3KDEN131W27CNH5Q03","vevor-oval-storage-ottoman-bench-foldable-teddy-fleece-end-of-bed-benc-bywszykzdk40bi0go001v0","CREATED"
"prod_01KP6FAVEE8VKVCTWZT1T6J6MX","vevor-storage-ottoman-bench-button-tufted-end-of-bed-bench-with-side-b-bywszyxtk404xzwny001v0","BYWSZYKZDK405QXFB001V0","prod_01KPJV5YA4A4496DQ49SEXTWHX","vevor-foldable-storage-ottoman-bench-end-of-bed-bench-with-side-bags-f-bywszykzdk405qxfb001v0","CREATED"
"prod_01KP6FAVEE8VKVCTWZT1T6J6MX","vevor-storage-ottoman-bench-button-tufted-end-of-bed-bench-with-side-b-bywszyxtk404xzwny001v0","BYWSZYXTK404GT90L001V0","prod_01KPJV5YFX49XTT08GBG1MJC2S","vevor-storage-ottoman-bench-button-tufted-end-of-bed-bench-with-side-b-bywszyxtk404gt90l001v0","CREATED"
"prod_01KP6FAW4NZHG48KTY0DW596K4","vevor-rocker-switch-6-pin-momentary-dpdt-rocker-switch-3-position-on-o-xxzxqkzkgyxcmcbgy001v9","XXZXQKZKGYXCMCBGY001V9","prod_01KPJV5YY4DKC59ZMX5QG8MYQH","vevor-rocker-switch-6-pin-momentary-dpdt-rocker-switch-3-position-on-o-xxzxqkzkgyxcmcbgy001v9","CREATED"
"prod_01KP6FAW4NZHG48KTY0DW596K4","vevor-rocker-switch-6-pin-momentary-dpdt-rocker-switch-3-position-on-o-xxzxqkzkgyxcmcbgy001v9","XXZXQKZKGYXBNWRM6001V9","prod_01KPJV5Z4B9MAM81Z80MN9DX6V","vevor-toggle-switch-6-pin-momentary-polarity-reversing-toggle-switch-o-xxzxqkzkgyxbnwrm6001v9","CREATED"
"prod_01KP6FAWBXTE3RBJG554M5MTKP","vevor-stainless-steel-table-60-x-90-cm-food-prep-worktable-with-wheels-dlgzt2cwdb24absmo001v0","DLGZT2CWDB248JRDY001V0","prod_01KPJV5ZK4Y01ZDV24P86F1ET4","vevor-stainless-steel-table-60-x-76-cm-food-prep-worktable-with-wheels-dlgzt2cwdb248jrdy001v0","CREATED"
"prod_01KP6FAWBXTE3RBJG554M5MTKP","vevor-stainless-steel-table-60-x-90-cm-food-prep-worktable-with-wheels-dlgzt2cwdb24absmo001v0","DLGZT2CWDB24K995G001V0","prod_01KPJV5ZSJA82ABT1J4JE8BQ4D","vevor-stainless-steel-table-61-x-45-cm-food-prep-worktable-with-wheels-dlgzt2cwdb24k995g001v0","CREATED"
"prod_01KP6FAWBXTE3RBJG554M5MTKP","vevor-stainless-steel-table-60-x-90-cm-food-prep-worktable-with-wheels-dlgzt2cwdb24absmo001v0","DLGZT2CWDB24ABSMO001V0","prod_01KPJV5ZZD19H90VJMR1RDRKXT","vevor-stainless-steel-table-60-x-90-cm-food-prep-worktable-with-wheels-dlgzt2cwdb24absmo001v0","CREATED"
"prod_01KP6FAX1V6DVD8R4PMTSSMQ48","vevor-artificial-grass-plant-1194mm-reed-flower-grass-in-pot-premium-p-dpklwhls47injtac5001v0","DPKLWHLS47INJTAC5001V0","prod_01KPJV60EGGCX7FM6BY3TARY1Y","vevor-artificial-grass-plant-1194mm-reed-flower-grass-in-pot-premium-p-dpklwhls47injtac5001v0","CREATED"
"prod_01KP6FAX1V6DVD8R4PMTSSMQ48","vevor-artificial-grass-plant-1194mm-reed-flower-grass-in-pot-premium-p-dpklwhls47injtac5001v0","DPKMWCLS59INN4HXO001V0","prod_01KPJV60MWZAXVZJKQXQD77CRZ","vevor-artificial-grass-plant-2-pack-1499mm-horsetail-reed-grass-in-pot-dpkmwcls59inn4hxo001v0","CREATED"
"prod_01KP6FAX1V6DVD8R4PMTSSMQ48","vevor-artificial-grass-plant-1194mm-reed-flower-grass-in-pot-premium-p-dpklwhls47injtac5001v0","DPKLWHLS59IND2ABK001V0","prod_01KPJV60VFSZ3YTHSD2HKHWJP6","vevor-artificial-grass-plant-2-pack-1499mm-faux-reed-flower-grass-in-p-dpklwhls59ind2abk001v0","CREATED"
"prod_01KP6FAX1V6DVD8R4PMTSSMQ48","vevor-artificial-grass-plant-1194mm-reed-flower-grass-in-pot-premium-p-dpklwhls47injtac5001v0","DPKMWCLS47INQSMT0001V0","prod_01KPJV611TQQWR4GGZ54SMSVSN","vevor-artificial-grass-plant-2-pack-1194mm-horsetail-reed-grass-in-pot-dpkmwcls47inqsmt0001v0","CREATED"
"prod_01KP6FAX1V6DVD8R4PMTSSMQ48","vevor-artificial-grass-plant-1194mm-reed-flower-grass-in-pot-premium-p-dpklwhls47injtac5001v0","DPKXPLWCLS35CCHPH001V0","prod_01KPJV6187EH8ANE0CVEJJ65FS","vevor-artificial-grass-plant-2-pack-889mm-cattail-grass-in-pot-premium-dpkxplwcls35cchph001v0","CREATED"
"prod_01KP6FAX1V6DVD8R4PMTSSMQ48","vevor-artificial-grass-plant-1194mm-reed-flower-grass-in-pot-premium-p-dpklwhls47injtac5001v0","DPKLWHLS47INM48C5001V0","prod_01KPJV61EREFE1SRN6DAJSH6R8","vevor-artificial-grass-plant-2-pack-1194mm-reed-flower-grass-in-pot-pr-dpklwhls47inm48c5001v0","CREATED"
"prod_01KP6FAXDGGRPE82W4AK8GAERJ","vevor-breast-pump-backpack-breast-feeding-bag-with-ice-pack-fits-for-s-xnbbbdhhs000eu7vg001v0","XNBBBDHPUPGHGBTOR001V0","prod_01KPJV61X2X7W0D9F8MCQDDHPJ","vevor-breast-pump-backpack-breast-feeding-bag-with-ice-pack-fits-for-s-xnbbbdhpupghgbtor001v0","CREATED"
"prod_01KP6FAXDGGRPE82W4AK8GAERJ","vevor-breast-pump-backpack-breast-feeding-bag-with-ice-pack-fits-for-s-xnbbbdhhs000eu7vg001v0","XNBBBDHHS000EU7VG001V0","prod_01KPJV623B0K3A7E1ZKGXF43XF","vevor-breast-pump-backpack-breast-feeding-bag-with-ice-pack-fits-for-s-xnbbbdhhs000eu7vg001v0","CREATED"
"prod_01KP6FAXMYWPJHAFSFJPD9H19A","vevor-motorcycle-engine-toy-25-pieces-motorcycle-mechanic-toy-with-rem-mtcyqwjhsmtcjwsyw001v9","MTCYQWJHSMTCJWSYW001V9","prod_01KPJV62HPXJJ5YY7CRSF1YMNF","vevor-motorcycle-engine-toy-25-pieces-motorcycle-mechanic-toy-with-rem-mtcyqwjhsmtcjwsyw001v9","CREATED"
"prod_01KP6FAXMYWPJHAFSFJPD9H19A","vevor-motorcycle-engine-toy-25-pieces-motorcycle-mechanic-toy-with-rem-mtcyqwjhsmtcjwsyw001v9","MTCYQWJHSMTC9XG0X001V9","prod_01KPJV62R8MQJJVPHWY9QH61WZ","vevor-motorcycle-engine-toy-25-pieces-motorcycle-mechanic-toy-with-rem-mtcyqwjhsmtc9xg0x001v9","CREATED"
"prod_01KP6FAXMYWPJHAFSFJPD9H19A","vevor-motorcycle-engine-toy-25-pieces-motorcycle-mechanic-toy-with-rem-mtcyqwjhsmtcjwsyw001v9","MTCYQWJLSMTC2SKHP001V9","prod_01KPJV62YHV6PPK6JHPJCATP76","vevor-motorcycle-engine-toy-25-pieces-motorcycle-mechanic-toy-with-rem-mtcyqwjlsmtc2skhp001v9","CREATED"
"prod_01KP6FAY8FY4DZWFXWASDGHC70","vevor-yoga-chair-chaise-ergonomic-chaise-lounge-chair-for-yoga-modern-gdstyyjfytsqrw258001v0","GDSTYXDFYTSQYE335001V0","prod_01KPJV63CMH17PZXBVTFHMDPKB","vevor-chaise-lounge-chair-1240-mm-boneless-chaise-lounge-indoor-modern-gdstyxdfytsqye335001v0","CREATED"
"prod_01KP6FAY8FY4DZWFXWASDGHC70","vevor-yoga-chair-chaise-ergonomic-chaise-lounge-chair-for-yoga-modern-gdstyyjfytsqrw258001v0","GDSTYXDFYTSQUZHBH001V0","prod_01KPJV63JQQDMJ51D4Z2Z3F40M","vevor-chaise-lounge-chair-1380-mm-boneless-chaise-lounge-indoor-modern-gdstyxdfytsquzhbh001v0","CREATED"
"prod_01KP6FAY8FY4DZWFXWASDGHC70","vevor-yoga-chair-chaise-ergonomic-chaise-lounge-chair-for-yoga-modern-gdstyyjfytsqrw258001v0","GDSTYXDFYTSQCGRO8001V0","prod_01KPJV63S8T2KB2PKZ423VDTYM","vevor-chaise-lounge-chair-1380-mm-boneless-chaise-lounge-indoor-modern-gdstyxdfytsqcgro8001v0","CREATED"
"prod_01KP6FAY8FY4DZWFXWASDGHC70","vevor-yoga-chair-chaise-ergonomic-chaise-lounge-chair-for-yoga-modern-gdstyyjfytsqrw258001v0","GDSTYXDFFTSB5K9IW001V0","prod_01KPJV63ZS2W3P6T9CRXBTW2T4","vevor-chaise-lounge-chair-1115-mm-boneless-modular-chaise-lounge-indoo-gdstyxdfftsb5k9iw001v0","CREATED"
"prod_01KP6FAY8FY4DZWFXWASDGHC70","vevor-yoga-chair-chaise-ergonomic-chaise-lounge-chair-for-yoga-modern-gdstyyjfytsqrw258001v0","GDSTYXDFFTSB9SE6P001V0","prod_01KPJV646J04PY25CDBR8VNPWB","vevor-chaise-lounge-chair-1115-mm-boneless-modular-chaise-lounge-indoo-gdstyxdfftsb9se6p001v0","CREATED"
"prod_01KP6FAY8FY4DZWFXWASDGHC70","vevor-yoga-chair-chaise-ergonomic-chaise-lounge-chair-for-yoga-modern-gdstyyjfytsqrw258001v0","GDSTYYJFYTSQRW258001V0","prod_01KPJV64CTWGA3C16G6SSP9GY1","vevor-yoga-chair-chaise-ergonomic-chaise-lounge-chair-for-yoga-modern-gdstyyjfytsqrw258001v0","CREATED"
"prod_01KP6FAYN6690QZP1QXK2FMMJS","vevor-360-swivel-jewelry-cabinet-1550-mm-tall-full-length-mirror-with-zbjlskxzfxjk3qu6j001v0","ZBJLSKXZFXJK3QU6J001V0","prod_01KPJV64W2E4V98B1MRVDV1R7F","vevor-360-swivel-jewelry-cabinet-1550-mm-tall-full-length-mirror-with-zbjlskxzfxjk3qu6j001v0","CREATED"
"prod_01KP6FAYN6690QZP1QXK2FMMJS","vevor-360-swivel-jewelry-cabinet-1550-mm-tall-full-length-mirror-with-zbjlskxzfxjk3qu6j001v0","ZBJLSKXZTYJKM2YYG001V0","prod_01KPJV652P72K16MKXJ5H42D5H","vevor-360-swivel-jewelry-cabinet-1655-mm-tall-full-length-mirror-with-zbjlskxztyjkm2yyg001v0","CREATED"
"prod_01KP6FAYN6690QZP1QXK2FMMJS","vevor-360-swivel-jewelry-cabinet-1550-mm-tall-full-length-mirror-with-zbjlskxzfxjk3qu6j001v0","ZBJLSKXZTYJKCL4O2001V0","prod_01KPJV658YMTBM3H0PQ82RK8TS","vevor-360-swivel-jewelry-cabinet-1600-mm-tall-full-length-mirror-with-zbjlskxztyjkcl4o2001v0","CREATED"
"prod_01KP6FAZ5W79GTZN366356GVRV","vevor-car-ramps-2-pcs-5897-kg-gvw-capacity-155-mm-lift-height-portable-tswxpdsl61inll3y9001v0","TSWXPDSL66INNBEFO001V0","prod_01KPJV65RG3JYTC8TFH9TETTPK","vevor-car-ramps-2-pcs-7257-kg-gvw-capacity-170-mm-lift-height-portable-tswxpdsl66innbefo001v0","CREATED"
"prod_01KP6FAZ5W79GTZN366356GVRV","vevor-car-ramps-2-pcs-5897-kg-gvw-capacity-155-mm-lift-height-portable-tswxpdsl61inll3y9001v0","TSWXPDSL26IN5GSU9001V0","prod_01KPJV65YFC1YZ70R52KH4D3R5","vevor-car-ramps-2-pcs-9072-kg-gvw-capacity-66-mm-lift-height-portable-tswxpdsl26in5gsu9001v0","CREATED"
"prod_01KP6FAZ5W79GTZN366356GVRV","vevor-car-ramps-2-pcs-5897-kg-gvw-capacity-155-mm-lift-height-portable-tswxpdsl61inll3y9001v0","TSWXPDSL256IJ30RV001V0","prod_01KPJV6650V1A0B9Z2HSPKPJ0M","vevor-car-ramps-4-pcs-9072-kg-gvw-capacity-65-mm-lift-height-portable-tswxpdsl256ij30rv001v0","CREATED"
"prod_01KP6FAZ5W79GTZN366356GVRV","vevor-car-ramps-2-pcs-5897-kg-gvw-capacity-155-mm-lift-height-portable-tswxpdsl61inll3y9001v0","TSWXPDSL256IUXIGA001V0","prod_01KPJV66B7Z2167HM1N629D57J","vevor-car-ramps-2-pcs-9072-kg-gvw-capacity-65-mm-lift-height-portable-tswxpdsl256iuxiga001v0","CREATED"
"prod_01KP6FAZ5W79GTZN366356GVRV","vevor-car-ramps-2-pcs-5897-kg-gvw-capacity-155-mm-lift-height-portable-tswxpdsl61inll3y9001v0","TSWXPDSL61INLL3Y9001V0","prod_01KPJV66HKCJSEMC5X567AXVHR","vevor-car-ramps-2-pcs-5897-kg-gvw-capacity-155-mm-lift-height-portable-tswxpdsl61inll3y9001v0","CREATED"
"prod_01KP6FAZ5W79GTZN366356GVRV","vevor-car-ramps-2-pcs-5897-kg-gvw-capacity-155-mm-lift-height-portable-tswxpdsl61inll3y9001v0","TSWXPDSL63INMVUBK001V0","prod_01KPJV66R7DRG3VEK0DFBPM6NX","vevor-car-ramps-2-pcs-5897-kg-gvw-capacity-160-mm-lift-height-portable-tswxpdsl63inmvubk001v0","CREATED"
"prod_01KP6FAZGX2YSC4J3V84NCHN8X","vevor-indoor-grow-tent-60-x-60-x-180-cm-600d-high-reflective-mylar-ind-dlzpdlzp60602d5cs001v0","DLZPDLZP1001WHCFI001V0","prod_01KPJV677PV4BD9GQQPAE9P4NY","vevor-indoor-grow-tent-100-x-100-x-200-cm-600d-high-reflective-mylar-i-dlzpdlzp1001whcfi001v0","CREATED"
"prod_01KP6FAZGX2YSC4J3V84NCHN8X","vevor-indoor-grow-tent-60-x-60-x-180-cm-600d-high-reflective-mylar-ind-dlzpdlzp60602d5cs001v0","DLZP15015020QN4XL001V0","prod_01KPJV67DHY91P1Y9840GFREMK","vevor-indoor-grow-tent-kit-150-x-150-x-200cm-indoor-plant-tent-with-fu-dlzp15015020qn4xl001v0","CREATED"
"prod_01KP6FAZGX2YSC4J3V84NCHN8X","vevor-indoor-grow-tent-60-x-60-x-180-cm-600d-high-reflective-mylar-ind-dlzpdlzp60602d5cs001v0","DLZPDLZP1201A4M9I001V0","prod_01KPJV67KTAPF4GYZSD2E9AM83","vevor-indoor-grow-tent-120-x-120-x-200-cm-600d-high-reflective-mylar-i-dlzpdlzp1201a4m9i001v0","CREATED"
"prod_01KP6FAZGX2YSC4J3V84NCHN8X","vevor-indoor-grow-tent-60-x-60-x-180-cm-600d-high-reflective-mylar-ind-dlzpdlzp60602d5cs001v0","DLZPDLZP80806JBX8001V0","prod_01KPJV67T9ZJAN0CPSV8T0PRMV","vevor-indoor-grow-tent-80-x-80-x-180-cm-600d-high-reflective-mylar-ind-dlzpdlzp80806jbx8001v0","CREATED"
"prod_01KP6FAZGX2YSC4J3V84NCHN8X","vevor-indoor-grow-tent-60-x-60-x-180-cm-600d-high-reflective-mylar-ind-dlzpdlzp60602d5cs001v0","DLZPDLZP4040HU162001V0","prod_01KPJV6804TZ2TB7SJ8V9T0MSK","vevor-indoor-grow-tent-40-x-40-x-160-cm-600d-high-reflective-mylar-ind-dlzpdlzp4040hu162001v0","CREATED"
"prod_01KP6FAZGX2YSC4J3V84NCHN8X","vevor-indoor-grow-tent-60-x-60-x-180-cm-600d-high-reflective-mylar-ind-dlzpdlzp60602d5cs001v0","DLZPDLZP60602D5CS001V0","prod_01KPJV686DHEW0Z2CYGE3XT9FG","vevor-indoor-grow-tent-60-x-60-x-180-cm-600d-high-reflective-mylar-ind-dlzpdlzp60602d5cs001v0","CREATED"
"prod_01KP6FAZGX2YSC4J3V84NCHN8X","vevor-indoor-grow-tent-60-x-60-x-180-cm-600d-high-reflective-mylar-ind-dlzpdlzp60602d5cs001v0","DLZPDLZP1206UK1OH001V0","prod_01KPJV68D087BRG411FKKCSNK9","vevor-indoor-grow-tent-120-x-60-x-180-cm-600d-high-reflective-mylar-in-dlzpdlzp1206uk1oh001v0","CREATED"
"prod_01KP6FAZZJ1W9YCPGEZ5HJQ4PX","vevor-electric-trailer-mover-4082-kg-max-towing-capacity-remote-contro-wxddqycykk90hgnan001v2","WXDDQYCZLK36MHH10001V2","prod_01KPJV68V2PMSNDR0PDAYFZ46A","vevor-electric-trailer-dolly-1633-kg-max-trailer-weight-272-kg-max-ton-wxddqyczlk36mhh10001v2","CREATED"
"prod_01KP6FAZZJ1W9YCPGEZ5HJQ4PX","vevor-electric-trailer-mover-4082-kg-max-towing-capacity-remote-contro-wxddqycykk90hgnan001v2","WXDDQYCYKK90HGNAN001V2","prod_01KPJV691S2NNA5KVK1V5KC4YA","vevor-electric-trailer-mover-4082-kg-max-towing-capacity-remote-contro-wxddqycykk90hgnan001v2","CREATED"
"prod_01KP6FB0780WW0861HRB336K78","vevor-brochure-display-rack-narrow-6-tier-magazine-literature-display-wjzsxldsdzjls32si001v0","WJZSXLDSDZS3117YE001V0","prod_01KPJV69GXVSWZBAKDDP1A18K9","vevor-rotating-brochure-display-rack-30-pockets-mesh-magazine-literatu-wjzsxldsdzs3117ye001v0","CREATED"
"prod_01KP6FB0780WW0861HRB336K78","vevor-brochure-display-rack-narrow-6-tier-magazine-literature-display-wjzsxldsdzjls32si001v0","WJZSXLDSDZJLCN4PI001V0","prod_01KPJV69Q66QVEJYZ9J9VB4S79","vevor-brochure-display-rack-foldable-5-pockets-magazine-literature-dis-wjzsxldsdzjlcn4pi001v0","CREATED"
"prod_01KP6FB0780WW0861HRB336K78","vevor-brochure-display-rack-narrow-6-tier-magazine-literature-display-wjzsxldsdzjls32si001v0","WJZSXLDSDZJL4WA05001V0","prod_01KPJV69XE7BGTK0S9JWBEBWTK","vevor-brochure-display-rack-4-tier-magazine-literature-display-stand-w-wjzsxldsdzjl4wa05001v0","CREATED"
"prod_01KP6FB0780WW0861HRB336K78","vevor-brochure-display-rack-narrow-6-tier-magazine-literature-display-wjzsxldsdzjls32si001v0","WJZSXLDSDZS4EKNWY001V0","prod_01KPJV6A4240A5E2EZFCVJHYB2","vevor-brochure-display-rack-10-pockets-magazine-literature-display-sta-wjzsxldsdzs4eknwy001v0","CREATED"
"prod_01KP6FB0780WW0861HRB336K78","vevor-brochure-display-rack-narrow-6-tier-magazine-literature-display-wjzsxldsdzjls32si001v0","WJZSXLDSDZJLS32SI001V0","prod_01KPJV6AAJ9DRCKX2EE8R0G0FZ","vevor-brochure-display-rack-narrow-6-tier-magazine-literature-display-wjzsxldsdzjls32si001v0","CREATED"
"prod_01KP6FB0780WW0861HRB336K78","vevor-brochure-display-rack-narrow-6-tier-magazine-literature-display-wjzsxldsdzjls32si001v0","WJZSXLDSZJS2CXBZV001V0","prod_01KPJV6AH5QC22PJ70A4672C3W","vevor-brochure-display-rack-20-pockets-magazine-literature-display-sta-wjzsxldszjs2cxbzv001v0","CREATED"
"prod_01KP6FB0TFA9A3J4SBPZA2QXJN","vevor-loveseat-recliner-sofa-power-reclining-couch-with-heating-massag-ddbysrsfddkdad7lt001v2","DDBYSRSFDDKDAD7LT001V2","prod_01KPJV6AZG479ZWWZZ7RNHGNNH","vevor-loveseat-recliner-sofa-power-reclining-couch-with-heating-massag-ddbysrsfddkdad7lt001v2","CREATED"
"prod_01KP6FB0TFA9A3J4SBPZA2QXJN","vevor-loveseat-recliner-sofa-power-reclining-couch-with-heating-massag-ddbysrsfddkdad7lt001v2","DDBYSRSFDDKD7XMSB001V2","prod_01KPJV6B5QFH9BWXZY5DG2HBRW","vevor-loveseat-recliner-sofa-power-reclining-couch-with-heating-and-ma-ddbysrsfddkd7xmsb001v2","CREATED"
"prod_01KP6FB13E1FDW61SR2FP87CPM","vevor-water-rowing-machine-6-level-quiet-resistance-wooden-foldable-ro-hcjsztmzdklyb6no4001v9","HCJSZTMZDKLYB6NO4001V9","prod_01KPJV6BMJ142R3KFXZX24TGKH","vevor-water-rowing-machine-6-level-quiet-resistance-wooden-foldable-ro-hcjsztmzdklyb6no4001v9","CREATED"
"prod_01KP6FB13E1FDW61SR2FP87CPM","vevor-water-rowing-machine-6-level-quiet-resistance-wooden-foldable-ro-hcjsztmzdklyb6no4001v9","HCJCZJCKLYAP6FWN8001V9","prod_01KPJV6BTW6NV97R7C6Y0NHVVS","vevor-magnetic-rowing-machine-16-level-quiet-resistance-adjustable-fol-hcjczjcklyap6fwn8001v9","CREATED"
"prod_01KP6FB13E1FDW61SR2FP87CPM","vevor-water-rowing-machine-6-level-quiet-resistance-wooden-foldable-ro-hcjsztmzdklyb6no4001v9","HCJCZLXKLYAPPU96W001V9","prod_01KPJV6C1RDK9FY6MGHHB3N3XP","vevor-magnetic-rowing-machine-16-level-quiet-resistance-adjustable-fol-hcjczlxklyappu96w001v9","CREATED"
"prod_01KP6FB1NYYQZZ17JP647918W6","vevor-laser-engraver-20w-laser-engraving-and-cutting-machine-with-encl-fbsjgdkj20w3fuffh001v2","FBSJGDKJ20W52ONY0001V2","prod_01KPJV6CGDHW5TNJEHSR41PQGG","vevor-laser-engraver-20w-laser-engraving-and-cutting-machine-with-encl-fbsjgdkj20w52ony0001v2","CREATED"
"prod_01KP6FB1NYYQZZ17JP647918W6","vevor-laser-engraver-20w-laser-engraving-and-cutting-machine-with-encl-fbsjgdkj20w3fuffh001v2","FBSJGDKJ10W3Y5W9M001V2","prod_01KPJV6CPQECVBP41FT5DMS6B5","vevor-laser-engraver-10w-laser-engraving-and-cutting-machine-with-encl-fbsjgdkj10w3y5w9m001v2","CREATED"
"prod_01KP6FB1NYYQZZ17JP647918W6","vevor-laser-engraver-20w-laser-engraving-and-cutting-machine-with-encl-fbsjgdkj20w3fuffh001v2","FBSJGDKJ20W3FUFFH001V2","prod_01KPJV6CWVZKC2NSFWG93GCXZR","vevor-laser-engraver-20w-laser-engraving-and-cutting-machine-with-encl-fbsjgdkj20w3fuffh001v2","CREATED"
"prod_01KP6FB1NYYQZZ17JP647918W6","vevor-laser-engraver-20w-laser-engraving-and-cutting-machine-with-encl-fbsjgdkj20w3fuffh001v2","FBSJGDKJ4040EZLRF001V2","prod_01KPJV6D33GEYTE7MMMV3NXS7C","vevor-laser-engraver-20w-laser-engraving-and-cutting-machine-with-encl-fbsjgdkj4040ezlrf001v2","CREATED"
"prod_01KP6FB20M55KHQRABM601XY8W","vevor-portable-paint-booth-tent-2930-x-2930-x-1810mm-portable-garage-s-bxspqzpmskzdhn9ms001v0","BXSPQZPBSZDDAATTA001V0","prod_01KPJV6DJNHGNWJFTQE4KKRE8A","vevor-portable-paint-booth-tent-720-x-725-x-750mm-pop-up-portable-spra-bxspqzpbszddaatta001v0","CREATED"
"prod_01KP6FB20M55KHQRABM601XY8W","vevor-portable-paint-booth-tent-2930-x-2930-x-1810mm-portable-garage-s-bxspqzpmskzdhn9ms001v0","BXSPQZPBSZCGDOJ95001V0","prod_01KPJV6DS03HD7DV2GZRPM8526","vevor-portable-paint-booth-tent-2950-x-2920-x-2020mm-painting-tent-sta-bxspqzpbszcgdoj95001v0","CREATED"
"prod_01KP6FB20M55KHQRABM601XY8W","vevor-portable-paint-booth-tent-2930-x-2930-x-1810mm-portable-garage-s-bxspqzpmskzdhn9ms001v0","BXSPQZPBSZCG0MDW9001V0","prod_01KPJV6DYRBVDQ4AFAZMKRSJKV","vevor-portable-paint-booth-tent-2330-x-1720-x-1900mm-painting-tent-sta-bxspqzpbszcg0mdw9001v0","CREATED"
"prod_01KP6FB20M55KHQRABM601XY8W","vevor-portable-paint-booth-tent-2930-x-2930-x-1810mm-portable-garage-s-bxspqzpmskzdhn9ms001v0","BXSPQZPMSKZD68985001V0","prod_01KPJV6E504272NK8Y1V6XRTWJ","vevor-portable-paint-booth-tent-5870-x-3980-x-1780mm-portable-garage-s-bxspqzpmskzd68985001v0","CREATED"
"prod_01KP6FB20M55KHQRABM601XY8W","vevor-portable-paint-booth-tent-2930-x-2930-x-1810mm-portable-garage-s-bxspqzpmskzdhn9ms001v0","BXSPQZPBSZDDHP669001V0","prod_01KPJV6EBK6WM2J8WN84BAKXED","vevor-portable-paint-booth-tent-405-x-405-x-430mm-pop-up-portable-spra-bxspqzpbszddhp669001v0","CREATED"
"prod_01KP6FB20M55KHQRABM601XY8W","vevor-portable-paint-booth-tent-2930-x-2930-x-1810mm-portable-garage-s-bxspqzpmskzdhn9ms001v0","BXSPQZPBSZCGRWORQ001V0","prod_01KPJV6EJ59KP2QHZKMECAFTR8","vevor-portable-paint-booth-tent-32930-x-2300-x-1880mm-painting-tent-st-bxspqzpbszcgrworq001v0","CREATED"
"prod_01KP6FB20M55KHQRABM601XY8W","vevor-portable-paint-booth-tent-2930-x-2930-x-1810mm-portable-garage-s-bxspqzpmskzdhn9ms001v0","BXSPQZPMSKZDHN9MS001V0","prod_01KPJV6ERMFN2RD9R81ZCXQZ6J","vevor-portable-paint-booth-tent-2930-x-2930-x-1810mm-portable-garage-s-bxspqzpmskzdhn9ms001v0","CREATED"
"prod_01KP6FB2C2X6YYBJW573DZCR92","vevor-pizza-stone-508-x-355-mm-rectangular-cordierite-pizza-stone-extr-pssjqsjx2014uo3ye001v0","PSSJQSJX2014UO3YE001V0","prod_01KPJV6F7X727GDA99W7447WHD","vevor-pizza-stone-508-x-355-mm-rectangular-cordierite-pizza-stone-extr-pssjqsjx2014uo3ye001v0","CREATED"
"prod_01KP6FB2C2X6YYBJW573DZCR92","vevor-pizza-stone-508-x-355-mm-rectangular-cordierite-pizza-stone-extr-pssjqsjx2014uo3ye001v0","PSSJQSJX22140KPYQ001V0","prod_01KPJV6FDVSDHNN8925R0H7GVS","vevor-pizza-stone-508-x-355-mm-rectangular-cordierite-pizza-stone-extr-pssjqsjx22140kpyq001v0","CREATED"
"prod_01KP6FB2C2X6YYBJW573DZCR92","vevor-pizza-stone-508-x-355-mm-rectangular-cordierite-pizza-stone-extr-pssjqsjx2014uo3ye001v0","PSSJQSYX16INB39TR001V0","prod_01KPJV6FMC7D5JXBZH6QH76GFV","vevor-pizza-stone-406-mm-round-cordierite-pizza-stone-extra-large-baki-pssjqsyx16inb39tr001v0","CREATED"
"prod_01KP6FB2C2X6YYBJW573DZCR92","vevor-pizza-stone-508-x-355-mm-rectangular-cordierite-pizza-stone-extr-pssjqsjx2014uo3ye001v0","PSSJQSJX1512IHQ7A001V0","prod_01KPJV6FTY5MJ7TXRT08N1D71Q","vevor-pizza-stone-38-x-30-cm-rectangular-cordierite-pizza-stone-extra-pssjqsjx1512ihq7a001v0","CREATED"
"prod_01KP6FB2C2X6YYBJW573DZCR92","vevor-pizza-stone-508-x-355-mm-rectangular-cordierite-pizza-stone-extr-pssjqsjx2014uo3ye001v0","PSSJQSYX15INBTVJF001V0","prod_01KPJV6G1CBG7C0WR83V7ZR2WN","vevor-pizza-stone-381-mm-round-cordierite-pizza-stone-extra-large-baki-pssjqsyx15inbtvjf001v0","CREATED"
"prod_01KP6FB2C2X6YYBJW573DZCR92","vevor-pizza-stone-508-x-355-mm-rectangular-cordierite-pizza-stone-extr-pssjqsjx2014uo3ye001v0","PSSJQSJX1614V8WHJ001V0","prod_01KPJV6G7NFE3KTJ694BB1CF4J","vevor-pizza-stone-406-x-355-mm-rectangular-cordierite-pizza-stone-extr-pssjqsjx1614v8whj001v0","CREATED"
"prod_01KP6FB2SYTT3VEZE2H389T4C8","vevor-chimney-sweep-kit-9m-maximum-extendable-length-chimney-brush-chi-sstycqstj30yiib96001v0","SSTYCQSTJ26Y83UZW001V0","prod_01KPJV6GQGR7N939RR4704ZNCY","vevor-chimney-sweep-kit-7m-maximum-extendable-length-chimney-brush-chi-sstycqstj26y83uzw001v0","CREATED"
"prod_01KP6FB2SYTT3VEZE2H389T4C8","vevor-chimney-sweep-kit-9m-maximum-extendable-length-chimney-brush-chi-sstycqstj30yiib96001v0","SSTYCQSTJ33YU9QRM001V0","prod_01KPJV6GXJA9BJ69Q8T6B54TWW","vevor-chimney-sweep-kit-10m-maximum-extendable-length-chimney-brush-ch-sstycqstj33yu9qrm001v0","CREATED"
"prod_01KP6FB2SYTT3VEZE2H389T4C8","vevor-chimney-sweep-kit-9m-maximum-extendable-length-chimney-brush-chi-sstycqstj30yiib96001v0","SSTYCQSTJ39YVALXR001V0","prod_01KPJV6H2T1D25NKWXD85325F2","vevor-chimney-sweep-kit-12m-maximum-extendable-length-chimney-brush-ch-sstycqstj39yvalxr001v0","CREATED"
"prod_01KP6FB2SYTT3VEZE2H389T4C8","vevor-chimney-sweep-kit-9m-maximum-extendable-length-chimney-brush-chi-sstycqstj30yiib96001v0","SSTYCQSTJ30YIIB96001V0","prod_01KPJV6H999KCAMJHMNENHJ74H","vevor-chimney-sweep-kit-9m-maximum-extendable-length-chimney-brush-chi-sstycqstj30yiib96001v0","CREATED"
"prod_01KP6FB34PP4470PB83MJSRV99","vevor-200w-12v-complete-solar-power-kit-2pcs-100w-monocrystalline-sola-zhsku00000000000469","ZHSKU00000000000475","prod_01KPJV6HRHM2SP1RXET9JDBCQF","vevor-800w-12v-complete-solar-power-kit-4-200w-monocrystalline-solar-p-zhsku00000000000475","CREATED"
"prod_01KP6FB34PP4470PB83MJSRV99","vevor-200w-12v-complete-solar-power-kit-2pcs-100w-monocrystalline-sola-zhsku00000000000469","ZHSKU00000000000473","prod_01KPJV6HXSH3XP9HEHXB5JW1GC","vevor-400w-12v-complete-solar-power-kit-4-100w-monocrystalline-solar-p-zhsku00000000000473","CREATED"
"prod_01KP6FB34PP4470PB83MJSRV99","vevor-200w-12v-complete-solar-power-kit-2pcs-100w-monocrystalline-sola-zhsku00000000000469","ZHSKU00000000000471","prod_01KPJV6J40PSR4FVCPCB7P6NDE","vevor-400w-12v-complete-solar-power-kit-2pcs-200w-monocrystalline-sola-zhsku00000000000471","CREATED"
"prod_01KP6FB34PP4470PB83MJSRV99","vevor-200w-12v-complete-solar-power-kit-2pcs-100w-monocrystalline-sola-zhsku00000000000469","ZHSKU00000000000469","prod_01KPJV6JAMBWBMEXYGQ4DKS10T","vevor-200w-12v-complete-solar-power-kit-2pcs-100w-monocrystalline-sola-zhsku00000000000469","CREATED"
"prod_01KP6FB3R6RBKW9TV48KZRNDJ6","vevor-4800w-48v-complete-solar-power-kit-12-400w-monocrystalline-solar-zhsku00000000000481","ZHSKU00000000000479","prod_01KPJV6JQ349FDYST4WD7VND7Z","vevor-2400w-48v-complete-solar-power-kit-12pcs-200w-monocrystalline-so-zhsku00000000000479","CREATED"
"prod_01KP6FB3R6RBKW9TV48KZRNDJ6","vevor-4800w-48v-complete-solar-power-kit-12-400w-monocrystalline-solar-zhsku00000000000481","ZHSKU00000000000481","prod_01KPJV6JX8DBCHKSSB7S2ZBJM6","vevor-4800w-48v-complete-solar-power-kit-12-400w-monocrystalline-solar-zhsku00000000000481","CREATED"
"prod_01KP6FB3ZY2D51JGY140V0XVVW","vevor-cargo-bar-ratcheting-cargo-bar-adjustable-from-1499mm-to-1854mm-jlssshl1jtjl3fyt1001v0","JLSSSHLJLS1JUO4F3001V0","prod_01KPJV6KC7YQ6KCXTSHD3JK5CV","vevor-cargo-bar-ratcheting-cargo-bar-adjustable-from-1016mm-to-1854mm-jlssshljls1juo4f3001v0","CREATED"
"prod_01KP6FB3ZY2D51JGY140V0XVVW","vevor-cargo-bar-ratcheting-cargo-bar-adjustable-from-1499mm-to-1854mm-jlssshl1jtjl3fyt1001v0","JLSSSHL1JTJL3FYT1001V0","prod_01KPJV6KJ7XMBXY6C1T220NBT7","vevor-cargo-bar-ratcheting-cargo-bar-adjustable-from-1499mm-to-1854mm-jlssshl1jtjl3fyt1001v0","CREATED"
"prod_01KP6FB3ZY2D51JGY140V0XVVW","vevor-cargo-bar-ratcheting-cargo-bar-adjustable-from-1499mm-to-1854mm-jlssshl1jtjl3fyt1001v0","JLSSSHL1JTJL18PCX001V0","prod_01KPJV6KRT7XBG6ZW7KGFB4DEP","vevor-cargo-bar-ratcheting-cargo-bars-adjustable-from-1016mm-to-1854mm-jlssshl1jtjl18pcx001v0","CREATED"
"prod_01KP6FB3ZY2D51JGY140V0XVVW","vevor-cargo-bar-ratcheting-cargo-bar-adjustable-from-1499mm-to-1854mm-jlssshl1jtjl3fyt1001v0","JLSSSHL1JTJLL57AO001V0","prod_01KPJV6KZ3V4ECTER24J49NFHF","vevor-cargo-bar-ratcheting-cargo-bar-adjustable-from-1016mm-to-1854mm-jlssshl1jtjll57ao001v0","CREATED"
"prod_01KP6FB3ZY2D51JGY140V0XVVW","vevor-cargo-bar-ratcheting-cargo-bar-adjustable-from-1499mm-to-1854mm-jlssshl1jtjl3fyt1001v0","JLSSSHLLJZJLEU6QL001V0","prod_01KPJV6M5F6ZD26FHGFPREWRV5","vevor-cargo-bar-ratcheting-cargo-bar-adjustable-from-2261mm-to-2642mm-jlssshlljzjleu6ql001v0","CREATED"
"prod_01KP6FB4CCV0BVSVEX26K2F797","vevor-electric-hand-planer-82-mm-cut-width-900w-14500-rpm-corded-power-yxddscbc900wp52ww001v2","YXDDSCBC900WP52WW001V2","prod_01KPJV6MK9PD4GG4YR6TB571DW","vevor-electric-hand-planer-82-mm-cut-width-900w-14500-rpm-corded-power-yxddscbc900wp52ww001v2","CREATED"
"prod_01KP6FB4CCV0BVSVEX26K2F797","vevor-electric-hand-planer-82-mm-cut-width-900w-14500-rpm-corded-power-yxddscbc900wp52ww001v2","YXDDSCBC650WZLMZ1001V2","prod_01KPJV6MSSKXZJ01JXE02KTRDA","vevor-electric-hand-planer-82-mm-cut-width-650w-16800-rpm-corded-power-yxddscbc650wzlmz1001v2","CREATED"
"prod_01KP6FB4N15SS4DQ3AJ92TJ08R","vevor-classical-guitar-780-mm-wood-classical-guitar-starter-kit-for-be-jbgdjt30inch4dnfx001v0","JBGDJT30INCHT17W9001V0","prod_01KPJV6NBC84HYPQ51QZKXS118","vevor-classical-guitar-780-mm-wood-classical-guitar-starter-kit-for-be-jbgdjt30incht17w9001v0","CREATED"
"prod_01KP6FB4N15SS4DQ3AJ92TJ08R","vevor-classical-guitar-780-mm-wood-classical-guitar-starter-kit-for-be-jbgdjt30inch4dnfx001v0","JBGDJT38INCHHTR39001V0","prod_01KPJV6NGV6RABPFT37HW4YM3P","vevor-classical-guitar-960-mm-wood-classical-guitar-starter-kit-for-be-jbgdjt38inchhtr39001v0","CREATED"
"prod_01KP6FB4N15SS4DQ3AJ92TJ08R","vevor-classical-guitar-780-mm-wood-classical-guitar-starter-kit-for-be-jbgdjt30inch4dnfx001v0","JBGDJT38INCH6AI7I001V0","prod_01KPJV6NQCCQ3DBZ24QDKGAEWV","vevor-classical-guitar-960-mm-wood-classical-guitar-starter-kit-for-be-jbgdjt38inch6ai7i001v0","CREATED"
"prod_01KP6FB4N15SS4DQ3AJ92TJ08R","vevor-classical-guitar-780-mm-wood-classical-guitar-starter-kit-for-be-jbgdjt30inch4dnfx001v0","JBGDJT30INCH4DNFX001V0","prod_01KPJV6NXN3XR4QA15PRA0CX65","vevor-classical-guitar-780-mm-wood-classical-guitar-starter-kit-for-be-jbgdjt30inch4dnfx001v0","CREATED"
"prod_01KP6FB4N15SS4DQ3AJ92TJ08R","vevor-classical-guitar-780-mm-wood-classical-guitar-starter-kit-for-be-jbgdjt30inch4dnfx001v0","JBGDJT30INCHL30FD001V0","prod_01KPJV6P45EX20HNRM7KNR88MZ","vevor-classical-guitar-780-mm-wood-classical-guitar-starter-kit-for-be-jbgdjt30inchl30fd001v0","CREATED"
"prod_01KP6FB4N15SS4DQ3AJ92TJ08R","vevor-classical-guitar-780-mm-wood-classical-guitar-starter-kit-for-be-jbgdjt30inch4dnfx001v0","JBGDJT30INCHMHTMG001V0","prod_01KPJV6PAPK7420XGT028E8AB6","vevor-classical-guitar-780-mm-wood-classical-guitar-starter-kit-for-be-jbgdjt30inchmhtmg001v0","CREATED"
"prod_01KP6FB4N15SS4DQ3AJ92TJ08R","vevor-classical-guitar-780-mm-wood-classical-guitar-starter-kit-for-be-jbgdjt30inch4dnfx001v0","JBGDJT38INCH6KMWW001V0","prod_01KPJV6PH5CDJH4HVXMME8WWTN","vevor-classical-guitar-960-mm-wood-classical-guitar-starter-kit-for-be-jbgdjt38inch6kmww001v0","CREATED"
"prod_01KP6FB4N15SS4DQ3AJ92TJ08R","vevor-classical-guitar-780-mm-wood-classical-guitar-starter-kit-for-be-jbgdjt30inch4dnfx001v0","JBGDJT38INCHZSEK7001V0","prod_01KPJV6PQF59E69KQ90H9FNEEQ","vevor-classical-guitar-960-mm-wood-classical-guitar-starter-kit-for-be-jbgdjt38inchzsek7001v0","CREATED"
"prod_01KP6FB4N15SS4DQ3AJ92TJ08R","vevor-classical-guitar-780-mm-wood-classical-guitar-starter-kit-for-be-jbgdjt30inch4dnfx001v0","JBGDJT30INCH45PQQ001V0","prod_01KPJV6PXKZJ928Q8Y6D7P30FS","vevor-classical-guitar-780-mm-wood-classical-guitar-starter-kit-for-be-jbgdjt30inch45pqq001v0","CREATED"
"prod_01KP6FB4N15SS4DQ3AJ92TJ08R","vevor-classical-guitar-780-mm-wood-classical-guitar-starter-kit-for-be-jbgdjt30inch4dnfx001v0","JBGDJT38INCH15A4T001V0","prod_01KPJV6Q4446093HD5V5KWFJWP","vevor-classical-guitar-960-mm-wood-classical-guitar-starter-kit-for-be-jbgdjt38inch15a4t001v0","CREATED"
"prod_01KP6FB58CD0KQBS43W131Z2SQ","vevor-hand-truck-226-9-kg-load-capacity-heavy-duty-hand-truck-dolly-wi-zxsthcbkzd50jxvgr001v0","ZXSTHCBKZD50JXVGR001V0","prod_01KPJV6QJ5DZYY3C34TFF6RAV9","vevor-hand-truck-226-9-kg-load-capacity-heavy-duty-hand-truck-dolly-wi-zxsthcbkzd50jxvgr001v0","CREATED"
"prod_01KP6FB58CD0KQBS43W131Z2SQ","vevor-hand-truck-226-9-kg-load-capacity-heavy-duty-hand-truck-dolly-wi-zxsthcbkzd50jxvgr001v0","ZXSTHCBKZD6085N9X001V0","prod_01KPJV6QRE18E0087QK7DKNDY5","vevor-hand-truck-272-kg-load-capacity-heavy-duty-hand-truck-dolly-with-zxsthcbkzd6085n9x001v0","CREATED"
"prod_01KP6FB5JHCVH2YYYJ80T8C7BV","vevor-kick-scooter-for-kids-ages-8-teens-adults-2-wheel-toddler-scoote-jthbc2l8inchrhdjo001v0","JTHBC2L8INCHRHDJO001V0","prod_01KPJV6RKSXP2ZZAE6TCNH2FRY","vevor-kick-scooter-for-kids-ages-8-teens-adults-2-wheel-toddler-scoote-jthbc2l8inchrhdjo001v0","CREATED"
"prod_01KP6FB5JHCVH2YYYJ80T8C7BV","vevor-kick-scooter-for-kids-ages-8-teens-adults-2-wheel-toddler-scoote-jthbc2l8inchrhdjo001v0","JTHBC2L8INCHN9AOI001V0","prod_01KPJV6RS5BCK0XAPD6QC6M2K3","vevor-kick-scooter-for-kids-ages-8-teens-adults-2-wheel-toddler-scoote-jthbc2l8inchn9aoi001v0","CREATED"
"prod_01KP6FB5JHCVH2YYYJ80T8C7BV","vevor-kick-scooter-for-kids-ages-8-teens-adults-2-wheel-toddler-scoote-jthbc2l8inchrhdjo001v0","JTHBC2L8INCHQB6MP001V0","prod_01KPJV6RZK0NC6TQKYRRY3QJ9K","vevor-kick-scooter-for-kids-ages-8-teens-adults-2-wheel-toddler-scoote-jthbc2l8inchqb6mp001v0","CREATED"
"prod_01KP6FB5JHCVH2YYYJ80T8C7BV","vevor-kick-scooter-for-kids-ages-8-teens-adults-2-wheel-toddler-scoote-jthbc2l8inchrhdjo001v0","JTHBC2L5INCHAVJ9E001V9","prod_01KPJV6S5ZPYPABHMS9WVB8CYS","vevor-kick-scooter-for-kids-ages-3-2-wheel-toddler-scooter-with-light-jthbc2l5inchavj9e001v9","CREATED"
"prod_01KP6FB5JHCVH2YYYJ80T8C7BV","vevor-kick-scooter-for-kids-ages-8-teens-adults-2-wheel-toddler-scoote-jthbc2l8inchrhdjo001v0","JTHBC2L8INCH1GYWN001V0","prod_01KPJV6SBEZKAAACNVMN4Y28CP","vevor-kick-scooter-for-kids-ages-8-teens-adults-2-wheel-toddler-scoote-jthbc2l8inch1gywn001v0","CREATED"
"prod_01KP6FB5JHCVH2YYYJ80T8C7BV","vevor-kick-scooter-for-kids-ages-8-teens-adults-2-wheel-toddler-scoote-jthbc2l8inchrhdjo001v0","JTHBC3L5INCHI1Q2K001V9","prod_01KPJV6SHZEDF52T3JX6E935JR","vevor-kick-scooter-for-kids-ages-3-3-wheel-toddler-scooter-with-light-jthbc3l5inchi1q2k001v9","CREATED"
"prod_01KP6FB5JHCVH2YYYJ80T8C7BV","vevor-kick-scooter-for-kids-ages-8-teens-adults-2-wheel-toddler-scoote-jthbc2l8inchrhdjo001v0","JTHBC2L8INCHNRF07001V0","prod_01KPJV6SRB5VRVH3RWZEJSN3FK","vevor-kick-scooter-for-kids-ages-8-teens-adults-2-wheel-toddler-scoote-jthbc2l8inchnrf07001v0","CREATED"
"prod_01KP6FB5JHCVH2YYYJ80T8C7BV","vevor-kick-scooter-for-kids-ages-8-teens-adults-2-wheel-toddler-scoote-jthbc2l8inchrhdjo001v0","JTHBC2L8INCHDQ0I0001V0","prod_01KPJV6SYH17WWGPKY00FKCYK1","vevor-kick-scooter-for-kids-ages-8-teens-adults-2-wheel-toddler-scoote-jthbc2l8inchdq0i0001v0","CREATED"
"prod_01KP6FB5JHCVH2YYYJ80T8C7BV","vevor-kick-scooter-for-kids-ages-8-teens-adults-2-wheel-toddler-scoote-jthbc2l8inchrhdjo001v0","JTHBC2L8INCHIVTO9001V0","prod_01KPJV6T55NKQYS54YNCXF8Q6C","vevor-kick-scooter-for-kids-ages-8-teens-adults-2-wheel-toddler-scoote-jthbc2l8inchivto9001v0","CREATED"
"prod_01KP6FB5JHCVH2YYYJ80T8C7BV","vevor-kick-scooter-for-kids-ages-8-teens-adults-2-wheel-toddler-scoote-jthbc2l8inchrhdjo001v0","JTHBC2L8INCH0ZL6S001V0","prod_01KPJV6TBCF5200F5KQ9EHH62K","vevor-kick-scooter-for-kids-ages-8-teens-adults-2-wheel-toddler-scoote-jthbc2l8inch0zl6s001v0","CREATED"
"prod_01KP6FB5JHCVH2YYYJ80T8C7BV","vevor-kick-scooter-for-kids-ages-8-teens-adults-2-wheel-toddler-scoote-jthbc2l8inchrhdjo001v0","JTHBC2L8INCH4CZ4L001V0","prod_01KPJV6THW9JM0QCQVNCN1KNDF","vevor-kick-scooter-for-kids-ages-8-teens-adults-2-wheel-toddler-scoote-jthbc2l8inch4cz4l001v0","CREATED"
"prod_01KP6FB5JHCVH2YYYJ80T8C7BV","vevor-kick-scooter-for-kids-ages-8-teens-adults-2-wheel-toddler-scoote-jthbc2l8inchrhdjo001v0","JTHBC2L8INCHOKF5O001V0","prod_01KPJV6TRA6RHX9YM9C9Y8PR62","vevor-kick-scooter-for-kids-ages-8-teens-adults-2-wheel-toddler-scoote-jthbc2l8inchokf5o001v0","CREATED"
"prod_01KP6FB5JHCVH2YYYJ80T8C7BV","vevor-kick-scooter-for-kids-ages-8-teens-adults-2-wheel-toddler-scoote-jthbc2l8inchrhdjo001v0","JTHBC2L8INCHMEJZI001V0","prod_01KPJV6TYCVHQVFDG0XRGY20KA","vevor-kick-scooter-for-kids-ages-8-teens-adults-2-wheel-toddler-scoote-jthbc2l8inchmejzi001v0","CREATED"
"prod_01KP6FB5JHCVH2YYYJ80T8C7BV","vevor-kick-scooter-for-kids-ages-8-teens-adults-2-wheel-toddler-scoote-jthbc2l8inchrhdjo001v0","JTHBC2L8INCHI6FSH001V0","prod_01KPJV6V4W8HDS7PHKSS2NHB83","vevor-kick-scooter-for-kids-ages-8-teens-adults-2-wheel-toddler-scoote-jthbc2l8inchi6fsh001v0","CREATED"
"prod_01KP6FB5JHCVH2YYYJ80T8C7BV","vevor-kick-scooter-for-kids-ages-8-teens-adults-2-wheel-toddler-scoote-jthbc2l8inchrhdjo001v0","JTHBC2L5INCHA7MP8001V9","prod_01KPJV6VBASC7WVHYM005S1A8Z","vevor-kick-scooter-for-kids-ages-3-2-wheel-toddler-scooter-with-light-jthbc2l5incha7mp8001v9","CREATED"
"prod_01KP6FB5JHCVH2YYYJ80T8C7BV","vevor-kick-scooter-for-kids-ages-8-teens-adults-2-wheel-toddler-scoote-jthbc2l8inchrhdjo001v0","JTHBC2L8INCHTKFZX001V0","prod_01KPJV6VHV2768N1220N0Z34CD","vevor-kick-scooter-for-kids-ages-8-teens-adults-2-wheel-toddler-scoote-jthbc2l8inchtkfzx001v0","CREATED"
"prod_01KP6FB5JHCVH2YYYJ80T8C7BV","vevor-kick-scooter-for-kids-ages-8-teens-adults-2-wheel-toddler-scoote-jthbc2l8inchrhdjo001v0","JTHBC2L8INCH4A4B0001V0","prod_01KPJV6VQ4M48F2KV4C2FAD74B","vevor-kick-scooter-for-kids-ages-8-teens-adults-2-wheel-toddler-scoote-jthbc2l8inch4a4b0001v0","CREATED"
"prod_01KP6FB5JHCVH2YYYJ80T8C7BV","vevor-kick-scooter-for-kids-ages-8-teens-adults-2-wheel-toddler-scoote-jthbc2l8inchrhdjo001v0","JTHBC2L5INCHYYEUF001V9","prod_01KPJV6VXG607T3E7AWRRX31AN","vevor-kick-scooter-for-kids-ages-3-2-wheel-toddler-scooter-with-light-jthbc2l5inchyyeuf001v9","CREATED"
"prod_01KP6FB5JHCVH2YYYJ80T8C7BV","vevor-kick-scooter-for-kids-ages-8-teens-adults-2-wheel-toddler-scoote-jthbc2l8inchrhdjo001v0","JTHBC3L5INCH6Y4VY001V9","prod_01KPJV6W3ZH3E20ZVG69D026TE","vevor-kick-scooter-for-kids-ages-3-3-wheel-toddler-scooter-with-light-jthbc3l5inch6y4vy001v9","CREATED"
"prod_01KP6FB5JHCVH2YYYJ80T8C7BV","vevor-kick-scooter-for-kids-ages-8-teens-adults-2-wheel-toddler-scoote-jthbc2l8inchrhdjo001v0","JTHBC3L5INCHS3COD001V9","prod_01KPJV6WACGFQVTVWXJXF6YVHG","vevor-kick-scooter-for-kids-ages-3-3-wheel-toddler-scooter-with-light-jthbc3l5inchs3cod001v9","CREATED"
"prod_01KP6FB5JHCVH2YYYJ80T8C7BV","vevor-kick-scooter-for-kids-ages-8-teens-adults-2-wheel-toddler-scoote-jthbc2l8inchrhdjo001v0","JTHBC3L5INCH7X88Z001V9","prod_01KPJV6WGVVBRTPFDRK1X24X6D","vevor-kick-scooter-for-kids-ages-3-3-wheel-toddler-scooter-with-light-jthbc3l5inch7x88z001v9","CREATED"
"prod_01KP6FB5JHCVH2YYYJ80T8C7BV","vevor-kick-scooter-for-kids-ages-8-teens-adults-2-wheel-toddler-scoote-jthbc2l8inchrhdjo001v0","JTHBC3L5INCHRV5Y1001V9","prod_01KPJV6WQ1276H3Z1WRDR21BC9","vevor-kick-scooter-for-kids-ages-3-3-wheel-toddler-scooter-with-light-jthbc3l5inchrv5y1001v9","CREATED"
"prod_01KP6FB753X16HA7WC16RN1BKD","vevor-trailer-hitch-lock-fits-for-46-mm-50-8-mm-58-7-mm-couplers-heavy-czsohsdux178ureez001v0","CZSOHSDUX178UREEZ001V0","prod_01KPJV6X4GKTQ09XDDDNFF63MP","vevor-trailer-hitch-lock-fits-for-46-mm-50-8-mm-58-7-mm-couplers-heavy-czsohsdux178ureez001v0","CREATED"
"prod_01KP6FB753X16HA7WC16RN1BKD","vevor-trailer-hitch-lock-fits-for-46-mm-50-8-mm-58-7-mm-couplers-heavy-czsohsdux178ureez001v0","CZSOHSDUX178O5DO4001V0","prod_01KPJV6XAVMSW7GXFKNPSTHE6C","vevor-trailer-hitch-lock-kit-fits-for-46-mm-50-8-mm-58-7-mm-couplers-h-czsohsdux178o5do4001v0","CREATED"
"prod_01KP6FB7CBS0CGJXV1TJN0WH7Z","vevor-outdoor-playhouse-5-in-1-cottage-play-house-with-pretend-play-ba-slkxwjcslfbs6btgt001v0","SLKXWJCSLFBS6BTGT001V0","prod_01KPJV6XRSTTHY67YY57QPREWE","vevor-outdoor-playhouse-5-in-1-cottage-play-house-with-pretend-play-ba-slkxwjcslfbs6btgt001v0","CREATED"
"prod_01KP6FB7CBS0CGJXV1TJN0WH7Z","vevor-outdoor-playhouse-5-in-1-cottage-play-house-with-pretend-play-ba-slkxwjcslfbs6btgt001v0","SLKXWJCSL23MS6OXB001V0","prod_01KPJV6XZ5BVHTV3YZXKHSN9NZ","vevor-outdoor-playhouse-versatile-toddler-playground-with-slide-basket-slkxwjcsl23ms6oxb001v0","CREATED"
"prod_01KP6FB7KRBY3VT29A6AKVNWNB","vevor-clawfoot-tub-faucet-wall-mount-bathtub-faucets-with-handheld-sho-bgszzygltlthgv59o002v0","BGSZZYGLTLTH9A651002V0","prod_01KPJV6YE6S8PE7BKXWEPE9C00","vevor-clawfoot-tub-faucet-wall-mount-bathtub-faucets-with-handheld-sho-bgszzygltlth9a651002v0","CREATED"
"prod_01KP6FB7KRBY3VT29A6AKVNWNB","vevor-clawfoot-tub-faucet-wall-mount-bathtub-faucets-with-handheld-sho-bgszzygltlthgv59o002v0","BGSZZYGLTLTHGV59O002V0","prod_01KPJV6YMK40ACFEHW8FJXKXR8","vevor-clawfoot-tub-faucet-wall-mount-bathtub-faucets-with-handheld-sho-bgszzygltlthgv59o002v0","CREATED"
"prod_01KP6FB7KRBY3VT29A6AKVNWNB","vevor-clawfoot-tub-faucet-wall-mount-bathtub-faucets-with-handheld-sho-bgszzygltlthgv59o002v0","BGSZZYGLTLTHLAC1L002V0","prod_01KPJV6YTTH0SQS7PGNB83KFVH","vevor-clawfoot-tub-faucet-wall-mount-bathtub-faucets-with-handheld-sho-bgszzygltlthlac1l002v0","CREATED"
"prod_01KP6FB7WP7F2ZVXVN4TP0D5SP","vevor-jewelry-cabinet-armoire-standing-wood-jewelry-storage-chest-with-lsssh8000090yqpjt001v0","LSSSH8000090YQPJT001V0","prod_01KPJV6Z8E10GAFP1QCSE2ZEZ0","vevor-jewelry-cabinet-armoire-standing-wood-jewelry-storage-chest-with-lsssh8000090yqpjt001v0","CREATED"
"prod_01KP6FB7WP7F2ZVXVN4TP0D5SP","vevor-jewelry-cabinet-armoire-standing-wood-jewelry-storage-chest-with-lsssh8000090yqpjt001v0","LSSSH7000080XNMXS001V0","prod_01KPJV6ZEWDRM0AB54Z9RH34DH","vevor-jewelry-cabinet-armoire-standing-wood-jewelry-storage-chest-with-lsssh7000080xnmxs001v0","CREATED"
"prod_01KP6FB8637BYNAKDK3Q6S624A","vevor-chimney-sweep-kit-9m-maximum-extendable-length-chimney-sweep-chi-ycsqstj30yc16ngov001v0","YCSQSTJ30YC16NGOV001V0","prod_01KPJV6ZX5EZEP1AT0ZH49KMVH","vevor-chimney-sweep-kit-9m-maximum-extendable-length-chimney-sweep-chi-ycsqstj30yc16ngov001v0","CREATED"
"prod_01KP6FB8637BYNAKDK3Q6S624A","vevor-chimney-sweep-kit-9m-maximum-extendable-length-chimney-sweep-chi-ycsqstj30yc16ngov001v0","YCSQSTJ26YC1VS8X2001V0","prod_01KPJV703B4XGK9RATZGAF46N3","vevor-chimney-sweep-kit-8m-maximum-extendable-length-chimney-brush-chi-ycsqstj26yc1vs8x2001v0","CREATED"
"prod_01KP6FB8637BYNAKDK3Q6S624A","vevor-chimney-sweep-kit-9m-maximum-extendable-length-chimney-sweep-chi-ycsqstj30yc16ngov001v0","YCSQSTJ39YC1BNKTL001V0","prod_01KPJV709WABGZSBZ81YSJ3F8H","vevor-chimney-sweep-kit-12m-maximum-extendable-length-chimney-sweep-ch-ycsqstj39yc1bnktl001v0","CREATED"
"prod_01KP6FB8637BYNAKDK3Q6S624A","vevor-chimney-sweep-kit-9m-maximum-extendable-length-chimney-sweep-chi-ycsqstj30yc16ngov001v0","YCSQSTJ33YC1YSC71001V0","prod_01KPJV70G7RGN4CKAJ3P1N8DQ0","vevor-chimney-sweep-kit-10m-maximum-extendable-length-chimney-brush-ch-ycsqstj33yc1ysc71001v0","CREATED"
"prod_01KP6FB8637BYNAKDK3Q6S624A","vevor-chimney-sweep-kit-9m-maximum-extendable-length-chimney-sweep-chi-ycsqstj30yc16ngov001v0","YCSQSTJ23YC1697WZ001V0","prod_01KPJV70NWSC2ADZH42N30G72Z","vevor-chimney-sweep-kit-7m-maximum-extendable-length-chimney-brush-chi-ycsqstj23yc1697wz001v0","CREATED"
"prod_01KP6FB8HWDZKY1DH1CQ9330MV","vevor-automatic-home-beer-brewer-13l-all-in-one-home-brew-machine-1500-sx-zj10l0000000nst5c001v2","SX-ZJ10L0000000NST5C001V2","prod_01KPJV71454K78T15MFYN2ZE6E","vevor-automatic-home-beer-brewer-13l-all-in-one-home-brew-machine-1500-sx-zj10l0000000nst5c001v2","CREATED"
"prod_01KP6FB8HWDZKY1DH1CQ9330MV","vevor-automatic-home-beer-brewer-13l-all-in-one-home-brew-machine-1500-sx-zj10l0000000nst5c001v2","ZJ10L0000000NST5C001V2","prod_01KPJV71ACK2C40DQT1FQH4EZQ","vevor-automatic-home-beer-brewer-1500w-electric-beer-brewing-machine-1-zj10l0000000nst5c001v2","CREATED"
"prod_01KP6FB923SGDNJMY7SYVWRD7N","vevor-heated-socks-5000mah-battery-powered-rechargeable-heating-socks-jrwmhfjmaj00uuqo3001v9","JRWJZXWMMAPPDZ08R001V9","prod_01KPJV71S2ACWY98BQTAVY5BJ2","vevor-heated-socks-medium-size-5000mah-battery-rechargeable-heating-so-jrwjzxwmmappdz08r001v9","CREATED"
"prod_01KP6FB923SGDNJMY7SYVWRD7N","vevor-heated-socks-5000mah-battery-powered-rechargeable-heating-socks-jrwmhfjmaj00uuqo3001v9","JRWJZXWLMAPP0RIN2001V9","prod_01KPJV71Z6E9YVMJW8B3E0NN1A","vevor-heated-socks-5000mah-battery-powered-rechargeable-heating-socks-jrwjzxwlmapp0rin2001v9","CREATED"
"prod_01KP6FB923SGDNJMY7SYVWRD7N","vevor-heated-socks-5000mah-battery-powered-rechargeable-heating-socks-jrwmhfjmaj00uuqo3001v9","JRWJZXWXLMAP9MAV8001V9","prod_01KPJV725P303PVE1FWBY2K6RZ","vevor-heated-socks-x-large-size-5000mah-battery-rechargeable-heating-s-jrwjzxwxlmap9mav8001v9","CREATED"
"prod_01KP6FB923SGDNJMY7SYVWRD7N","vevor-heated-socks-5000mah-battery-powered-rechargeable-heating-socks-jrwmhfjmaj00uuqo3001v9","JRWJZXWSMAPPC7I9X001V9","prod_01KPJV72BSYKEZX5X2B4HD2YYM","vevor-heated-socks-small-size-5000mah-battery-rechargeable-heating-soc-jrwjzxwsmappc7i9x001v9","CREATED"
"prod_01KP6FB923SGDNJMY7SYVWRD7N","vevor-heated-socks-5000mah-battery-powered-rechargeable-heating-socks-jrwmhfjmaj00uuqo3001v9","JRWMHFJMAJ00UUQO3001V9","prod_01KPJV72J1PGFDM7Y4RKHHP4NH","vevor-heated-socks-5000mah-battery-powered-rechargeable-heating-socks-jrwmhfjmaj00uuqo3001v9","CREATED"
"prod_01KP6FB923SGDNJMY7SYVWRD7N","vevor-heated-socks-5000mah-battery-powered-rechargeable-heating-socks-jrwmhfjmaj00uuqo3001v9","JRWMHFJMAPPAMN9QT001V9","prod_01KPJV72QWZFRDT8G3SBQE941Z","vevor-heated-socks-6000mah-battery-powered-rechargeable-heating-socks-jrwmhfjmappamn9qt001v9","CREATED"
"prod_01KP6FB9DESF5HJ83FPF4M1G5H","vevor-karaoke-machine-for-adults-80w-8-inch-portable-bluetooth-speaker-klokjdxlswxsekvj6001v9","KLOKJXXLSWXSK6F3G001V9","prod_01KPJV737GSQYD34PCT58891C5","vevor-karaoke-machine-for-adults-15w-4-inch-portable-bluetooth-speaker-klokjxxlswxsk6f3g001v9","CREATED"
"prod_01KP6FB9DESF5HJ83FPF4M1G5H","vevor-karaoke-machine-for-adults-80w-8-inch-portable-bluetooth-speaker-klokjdxlswxsekvj6001v9","KLOKJZXLSWXSSJOT0001V9","prod_01KPJV73DRJZ4WHWXJDR0W0Z0N","vevor-karaoke-machine-for-adults-20w-6-5-inch-portable-bluetooth-speak-klokjzxlswxssjot0001v9","CREATED"
"prod_01KP6FB9DESF5HJ83FPF4M1G5H","vevor-karaoke-machine-for-adults-80w-8-inch-portable-bluetooth-speaker-klokjdxlswxsekvj6001v9","KLOKJZXLSWXSWL9B5001V9","prod_01KPJV73M6HAHN07TZ3TZ07X0X","vevor-karaoke-machine-for-adults-30w-6-5-inch-portable-bluetooth-speak-klokjzxlswxswl9b5001v9","CREATED"
"prod_01KP6FB9DESF5HJ83FPF4M1G5H","vevor-karaoke-machine-for-adults-80w-8-inch-portable-bluetooth-speaker-klokjdxlswxsekvj6001v9","KLOKJDXLSWXSEKVJ6001V9","prod_01KPJV73TC6KQSAX387K54VF4N","vevor-karaoke-machine-for-adults-80w-8-inch-portable-bluetooth-speaker-klokjdxlswxsekvj6001v9","CREATED"
"prod_01KP6FB9P4V3QGQ395WH76XAXM","vevor-pipe-water-leak-detector-with-4-sensors-1hz-10000hz-lcd-touchscr-gdlsjcdwqgdlzmhfz001v9","GDLSJCDWQGDLZMHFZ001V9","prod_01KPJV749CRKSTVCNFHQA6ZQW2","vevor-pipe-water-leak-detector-with-4-sensors-1hz-10000hz-lcd-touchscr-gdlsjcdwqgdlzmhfz001v9","CREATED"
"prod_01KP6FB9P4V3QGQ395WH76XAXM","vevor-pipe-water-leak-detector-with-4-sensors-1hz-10000hz-lcd-touchscr-gdlsjcdwqgdlzmhfz001v9","GDLSJCDWQGDLTJHH3001V9","prod_01KPJV74FCSPXGAH33K5D98Y5J","vevor-pipe-water-leak-detector-for-outdoors-1hz-10000hz-lcd-touchscree-gdlsjcdwqgdltjhh3001v9","CREATED"
"prod_01KP6FB9P4V3QGQ395WH76XAXM","vevor-pipe-water-leak-detector-with-4-sensors-1hz-10000hz-lcd-touchscr-gdlsjcdwqgdlzmhfz001v9","GDLSJCDWQGDL0NLZJ001V9","prod_01KPJV74N3FBVPD5VBRQG57ECY","vevor-pipe-water-leak-detector-1hz-5000hz-lcd-touchscreen-pipeline-lea-gdlsjcdwqgdl0nlzj001v9","CREATED"
"prod_01KP6FB9P4V3QGQ395WH76XAXM","vevor-pipe-water-leak-detector-with-4-sensors-1hz-10000hz-lcd-touchscr-gdlsjcdwqgdlzmhfz001v9","GDLSJCDWQGDL2KERD001V9","prod_01KPJV74VBQMGTTH1JSJBJKH45","vevor-pipe-water-leak-detector-for-indoors-1hz-10000hz-lcd-touchscreen-gdlsjcdwqgdl2kerd001v9","CREATED"
"prod_01KP6FB9P4V3QGQ395WH76XAXM","vevor-pipe-water-leak-detector-with-4-sensors-1hz-10000hz-lcd-touchscr-gdlsjcdwqgdlzmhfz001v9","GDLSJCDWQGDLHGSVD001V9","prod_01KPJV751H4F39WWEHFX435ED0","vevor-pipe-water-leak-detector-for-outdoors-1hz-10000hz-lcd-touchscree-gdlsjcdwqgdlhgsvd001v9","CREATED"
"prod_01KP6FBA4ES1EN3CTR82VKRJZ3","vevor-heated-vest-women-electric-heating-vest-with-16000-mah-battery-p-tcknk8qmmhs0vmvdq001v9","TCKNK8QLMHS083HST001V9","prod_01KPJV75FNG5HDQM1WSMKJQ0K6","vevor-heated-vest-men-electric-heating-vest-with-16000-mah-battery-pac-tcknk8qlmhs083hst001v9","CREATED"
"prod_01KP6FBA4ES1EN3CTR82VKRJZ3","vevor-heated-vest-women-electric-heating-vest-with-16000-mah-battery-p-tcknk8qmmhs0vmvdq001v9","TCKNK8QSMHS05TBK8001V9","prod_01KPJV75NBJW292EPSMR5Q4XKM","vevor-heated-vest-women-electric-heating-vest-with-16000-mah-battery-p-tcknk8qsmhs05tbk8001v9","CREATED"
"prod_01KP6FBA4ES1EN3CTR82VKRJZ3","vevor-heated-vest-women-electric-heating-vest-with-16000-mah-battery-p-tcknk8qmmhs0vmvdq001v9","TCKNK8QXLMHS79U98001V9","prod_01KPJV75VQEGFJ0KBEM5ZYJQT3","vevor-heated-vest-men-electric-heating-vest-with-16000-mah-battery-pac-tcknk8qxlmhs79u98001v9","CREATED"
"prod_01KP6FBA4ES1EN3CTR82VKRJZ3","vevor-heated-vest-women-electric-heating-vest-with-16000-mah-battery-p-tcknk8qmmhs0vmvdq001v9","TCKNK8QLMHS007A6Q001V9","prod_01KPJV761DP398KD2FYAF75YKS","vevor-heated-vest-women-electric-heating-vest-with-16000-mah-battery-p-tcknk8qlmhs007a6q001v9","CREATED"
"prod_01KP6FBA4ES1EN3CTR82VKRJZ3","vevor-heated-vest-women-electric-heating-vest-with-16000-mah-battery-p-tcknk8qmmhs0vmvdq001v9","TCKNK8QMMHS0VMVDQ001V9","prod_01KPJV767ZMZGMA3CKP8R8J22R","vevor-heated-vest-women-electric-heating-vest-with-16000-mah-battery-p-tcknk8qmmhs0vmvdq001v9","CREATED"
"prod_01KP6FBA4ES1EN3CTR82VKRJZ3","vevor-heated-vest-women-electric-heating-vest-with-16000-mah-battery-p-tcknk8qmmhs0vmvdq001v9","TCKNK8QMMHS0B3BG2001V9","prod_01KPJV76EG2W32A4J7WJGCJ7W6","vevor-heated-vest-men-electric-heating-vest-with-16000-mah-battery-pac-tcknk8qmmhs0b3bg2001v9","CREATED"
"prod_01KP6FBAK6HSH9ZE88C8VQ363X","vevor-cordless-brad-nailer-18-gauge-20v-battery-powered-nail-gun-with-ddblddq18ga29wg2v001v2","DDBLDDQ2H12IZEMT6001V2","prod_01KPJV76X0DPCXCMEEZ56RV8EF","vevor-2-in-1-cordless-brad-nailer-18-gauge-20v-battery-powered-nail-gu-ddblddq2h12izemt6001v2","CREATED"
"prod_01KP6FBAK6HSH9ZE88C8VQ363X","vevor-cordless-brad-nailer-18-gauge-20v-battery-powered-nail-gun-with-ddblddq18ga29wg2v001v2","DDBLDDQ2H12IQ39MP001V2","prod_01KPJV773GB8KE5FK6XPKMR671","vevor-2-in-1-cordless-brad-nailer-18-gauge-20v-battery-powered-nail-gu-ddblddq2h12iq39mp001v2","CREATED"
"prod_01KP6FBAK6HSH9ZE88C8VQ363X","vevor-cordless-brad-nailer-18-gauge-20v-battery-powered-nail-gun-with-ddblddq18ga29wg2v001v2","DDBLDDQ18GA29WG2V001V2","prod_01KPJV779Y6S117JEJVW9XV43K","vevor-cordless-brad-nailer-18-gauge-20v-battery-powered-nail-gun-with-ddblddq18ga29wg2v001v2","CREATED"
"prod_01KP6FBB4ZXYR5PZ5KH6WE5BJ7","vevor-modular-sectional-sofa-3-seater-modular-sofa-with-hidden-storage-ktsftzzp3zcgrypr0003v0","KTSFTZZP3ZCGRYPR0003V0","prod_01KPJV77QRQ72VRZYGYP7J966C","vevor-modular-sectional-sofa-3-seater-modular-sofa-with-hidden-storage-ktsftzzp3zcgrypr0003v0","CREATED"
"prod_01KP6FBB4ZXYR5PZ5KH6WE5BJ7","vevor-modular-sectional-sofa-3-seater-modular-sofa-with-hidden-storage-ktsftzzp3zcgrypr0003v0","KTSFTZZP5ZCG4MEQY003V0","prod_01KPJV77XYJP65EAC59EJ704DB","vevor-modular-sectional-sofa-modern-5-seater-modular-sofa-with-hidden-ktsftzzp5zcg4meqy003v0","CREATED"
"prod_01KP6FBBEGJAXZE84EECQFHMWS","vevor-white-tablecloths-for-rectangle-tables-6-pack-60-x-102-inches-re-dlzb60102incvf8hx001v0","DLZB70120INC1T7Y0001V0","prod_01KPJV78GBGM6ZJEBNSTPHYYWX","vevor-white-tablecloths-for-rectangle-tables-10-pack-70-x-120-inches-r-dlzb70120inc1t7y0001v0","CREATED"
"prod_01KP6FBBEGJAXZE84EECQFHMWS","vevor-white-tablecloths-for-rectangle-tables-6-pack-60-x-102-inches-re-dlzb60102incvf8hx001v0","DLZB120YCBS1OB0GB001V0","prod_01KPJV78NKQ87P1CTGM6NVC5G5","vevor-white-round-tablecloths-10-pack-120-inches-in-diameter-stain-wri-dlzb120ycbs1ob0gb001v0","CREATED"
"prod_01KP6FBBEGJAXZE84EECQFHMWS","vevor-white-tablecloths-for-rectangle-tables-6-pack-60-x-102-inches-re-dlzb60102incvf8hx001v0","DLZB120YCBS60CX0G001V0","prod_01KPJV78W0Y4TATZFG3HJA2JWM","vevor-white-round-tablecloths-6-pack-120-inches-in-diameter-stain-wrin-dlzb120ycbs60cx0g001v0","CREATED"
"prod_01KP6FBBEGJAXZE84EECQFHMWS","vevor-white-tablecloths-for-rectangle-tables-6-pack-60-x-102-inches-re-dlzb60102incvf8hx001v0","DLZB70120INCWJ6IY001V0","prod_01KPJV792FEWSNME4SK5JTQNEQ","vevor-white-tablecloths-for-rectangle-tables-6-pack-70-x-120-inches-re-dlzb70120incwj6iy001v0","CREATED"
"prod_01KP6FBBEGJAXZE84EECQFHMWS","vevor-white-tablecloths-for-rectangle-tables-6-pack-60-x-102-inches-re-dlzb60102incvf8hx001v0","DLZB60102INCVF8HX001V0","prod_01KPJV798YQWKGRAK24NP7GX41","vevor-white-tablecloths-for-rectangle-tables-6-pack-60-x-102-inches-re-dlzb60102incvf8hx001v0","CREATED"
"prod_01KP6FBBEGJAXZE84EECQFHMWS","vevor-white-tablecloths-for-rectangle-tables-6-pack-60-x-102-inches-re-dlzb60102incvf8hx001v0","DLZB70120INCVR5YI001V0","prod_01KPJV79F384NRJ9E9EAC6DQXA","vevor-black-tablecloths-for-rectangle-tables-6-pack-70-x-120-inches-re-dlzb70120incvr5yi001v0","CREATED"
"prod_01KP6FBBEGJAXZE84EECQFHMWS","vevor-white-tablecloths-for-rectangle-tables-6-pack-60-x-102-inches-re-dlzb60102incvf8hx001v0","DLZB120YCHS6CPU1U001V0","prod_01KPJV79NPSJ20EZ55VG2F41PB","vevor-black-round-tablecloths-6-pack-120-inches-in-diameter-stain-wrin-dlzb120ychs6cpu1u001v0","CREATED"
"prod_01KP6FBBEGJAXZE84EECQFHMWS","vevor-white-tablecloths-for-rectangle-tables-6-pack-60-x-102-inches-re-dlzb60102incvf8hx001v0","DLZB132INCHBQ9NPD001V0","prod_01KPJV79VXC8PJZ6RC5HPMPP62","vevor-white-round-tablecloths-6-pack-132-inches-in-diameter-stain-wrin-dlzb132inchbq9npd001v0","CREATED"
"prod_01KP6FBBEGJAXZE84EECQFHMWS","vevor-white-tablecloths-for-rectangle-tables-6-pack-60-x-102-inches-re-dlzb60102incvf8hx001v0","DLZB120YCBS2JJVKT001V0","prod_01KPJV7A1Q59JX8J3211GDP1MY","vevor-white-round-tablecloths-2-pack-120-inches-in-diameter-stain-wrin-dlzb120ycbs2jjvkt001v0","CREATED"
"prod_01KP6FBBEGJAXZE84EECQFHMWS","vevor-white-tablecloths-for-rectangle-tables-6-pack-60-x-102-inches-re-dlzb60102incvf8hx001v0","DLZB90YCBS10H4KP5001V0","prod_01KPJV7A89HQQFSFQXV0NZ2AYT","vevor-white-round-tablecloths-10-pack-90-inches-in-diameter-stain-wrin-dlzb90ycbs10h4kp5001v0","CREATED"
"prod_01KP6FBBEGJAXZE84EECQFHMWS","vevor-white-tablecloths-for-rectangle-tables-6-pack-60-x-102-inches-re-dlzb60102incvf8hx001v0","DLZB90132INCOKU2C001V0","prod_01KPJV7AEQH0GXZ85F5VHE02SZ","vevor-white-tablecloths-for-rectangle-tables-6-pack-90-x-132-inches-re-dlzb90132incoku2c001v0","CREATED"
"prod_01KP6FBBEGJAXZE84EECQFHMWS","vevor-white-tablecloths-for-rectangle-tables-6-pack-60-x-102-inches-re-dlzb60102incvf8hx001v0","DLZB60102INC2UDEF001V0","prod_01KPJV7AM5N7QFGAD8BR410Y32","vevor-white-tablecloths-for-rectangle-tables-10-pack-60-x-102-inches-r-dlzb60102inc2udef001v0","CREATED"
"prod_01KP6FBC3RJQ2WMG91PCEWCFKD","vevor-6-pack-table-cloth-for-8ft-rectangular-fitted-events-wrinkle-res-dlzz8ft6pcsbza0uw001v0","DLZZ6FT6PCSHT5RXH001V0","prod_01KPJV7B2BPSYX5TNSFR9Q27F3","vevor-6-pack-table-cloth-for-6ft-rectangular-fitted-events-wrinkle-res-dlzz6ft6pcsht5rxh001v0","CREATED"
"prod_01KP6FBC3RJQ2WMG91PCEWCFKD","vevor-6-pack-table-cloth-for-8ft-rectangular-fitted-events-wrinkle-res-dlzz8ft6pcsbza0uw001v0","DLZZ8FT6PCSBZA0UW001V0","prod_01KPJV7B8DS0Y820BHFPX0PADK","vevor-6-pack-table-cloth-for-8ft-rectangular-fitted-events-wrinkle-res-dlzz8ft6pcsbza0uw001v0","CREATED"
"prod_01KP6FBC3RJQ2WMG91PCEWCFKD","vevor-6-pack-table-cloth-for-8ft-rectangular-fitted-events-wrinkle-res-dlzz8ft6pcsbza0uw001v0","DLZZ6FT10PCSGR2JA001V0","prod_01KPJV7BEX9B4E28YZ10JPZRTD","vevor-10-pack-table-cloth-for-6ft-rectangular-fitted-events-wrinkle-re-dlzz6ft10pcsgr2ja001v0","CREATED"
"prod_01KP6FBC3RJQ2WMG91PCEWCFKD","vevor-6-pack-table-cloth-for-8ft-rectangular-fitted-events-wrinkle-res-dlzz8ft6pcsbza0uw001v0","DLZZ6FT3PCSHJVRFS001V0","prod_01KPJV7BNCYBM1PSSW7RJGD670","vevor-3-pack-table-cloth-for-6ft-rectangular-fitted-events-wrinkle-res-dlzz6ft3pcshjvrfs001v0","CREATED"
"prod_01KP6FBC3RJQ2WMG91PCEWCFKD","vevor-6-pack-table-cloth-for-8ft-rectangular-fitted-events-wrinkle-res-dlzz8ft6pcsbza0uw001v0","DLZZ8FT6PCSHH9E4C001V0","prod_01KPJV7BVJAVVD5VDNBCSP6ZN1","vevor-6-pack-table-cloth-for-8ft-rectangular-fitted-events-wrinkle-res-dlzz8ft6pcshh9e4c001v0","CREATED"
"prod_01KP6FBCDZW3SBPQFY68XANBDW","vevor-portable-power-station-3600w-3840wh-power-station-solar-generato-kzscndyzj384xv0w5001v2","KZSCNDYZJ384XV0W5001V2","prod_01KPJV7C9GBRGHMZQQ2P5X19X8","vevor-portable-power-station-3600w-3840wh-power-station-solar-generato-kzscndyzj384xv0w5001v2","CREATED"
"prod_01KP6FBCDZW3SBPQFY68XANBDW","vevor-portable-power-station-3600w-3840wh-power-station-solar-generato-kzscndyzj384xv0w5001v2","KZSCNDYZJ2046MZUY001V2","prod_01KPJV7CFS0V6V8SP74EEZQ7XK","vevor-portable-power-station-2400w-2160wh-power-station-solar-generato-kzscndyzj2046mzuy001v2","CREATED"
"prod_01KP6FBCNA5EHRECH22BRWK9VW","vevor-extra-battery-for-portable-power-station-3840wh-lifepo4-extra-ex-rlkzdcb3840wf1xq0001v9","RLKZDCB3840WF1XQ0001V9","prod_01KPJV7CXP2T512PDFJ5GN9XBK","vevor-extra-battery-for-portable-power-station-3840wh-lifepo4-extra-ex-rlkzdcb3840wf1xq0001v9","CREATED"
"prod_01KP6FBCNA5EHRECH22BRWK9VW","vevor-extra-battery-for-portable-power-station-3840wh-lifepo4-extra-ex-rlkzdcb3840wf1xq0001v9","RLKZDCB2048W8OFJV001V9","prod_01KPJV7D453Q8H60SSPNWXJ9V7","vevor-extra-battery-for-portable-power-station-2160wh-lifepo4-extra-ex-rlkzdcb2048w8ofjv001v9","CREATED"
"prod_01KP6FBCXY0XVPT53GFBAJF784","vevor-shopping-baskets-4-pcs-21l-stackable-pe-plastic-grocery-baskets-dsbdgwl4pcshw85hm001v0","DSBDGWL4PCSHW85HM001V0","prod_01KPJV7DKA6G13TKSYD08AB1B4","vevor-shopping-baskets-4-pcs-21l-stackable-pe-plastic-grocery-baskets-dsbdgwl4pcshw85hm001v0","CREATED"
"prod_01KP6FBCXY0XVPT53GFBAJF784","vevor-shopping-baskets-4-pcs-21l-stackable-pe-plastic-grocery-baskets-dsbdgwl4pcshw85hm001v0","DSBDGWL12PCS3HZT0001V0","prod_01KPJV7DSPNJDVPH2P4BHS9BN3","vevor-shopping-baskets-12-pcs-22l-stackable-metal-grocery-baskets-with-dsbdgwl12pcs3hzt0001v0","CREATED"
"prod_01KP6FBCXY0XVPT53GFBAJF784","vevor-shopping-baskets-4-pcs-21l-stackable-pe-plastic-grocery-baskets-dsbdgwl4pcshw85hm001v0","DSBDGWL20PCSQD1UT001V0","prod_01KPJV7E00C36K5RCTK0WZJFP4","vevor-shopping-baskets-20-pcs-21l-stackable-pe-plastic-grocery-baskets-dsbdgwl20pcsqd1ut001v0","CREATED"
"prod_01KP6FBCXY0XVPT53GFBAJF784","vevor-shopping-baskets-4-pcs-21l-stackable-pe-plastic-grocery-baskets-dsbdgwl4pcshw85hm001v0","DSBDGWL12PCSTCUJ7001V0","prod_01KPJV7E61091NYAEA4XT9FW5P","vevor-shopping-baskets-12-pcs-21l-stackable-pe-plastic-grocery-baskets-dsbdgwl12pcstcuj7001v0","CREATED"
"prod_01KP6FBCXY0XVPT53GFBAJF784","vevor-shopping-baskets-4-pcs-21l-stackable-pe-plastic-grocery-baskets-dsbdgwl4pcshw85hm001v0","DSBDGWL12PCSZBUYA001V0","prod_01KPJV7EC652RESMTNHWTP5QCR","vevor-shopping-baskets-12-pcs-21l-stackable-pe-plastic-grocery-baskets-dsbdgwl12pcszbuya001v0","CREATED"
"prod_01KP6FBCXY0XVPT53GFBAJF784","vevor-shopping-baskets-4-pcs-21l-stackable-pe-plastic-grocery-baskets-dsbdgwl4pcshw85hm001v0","DSBDGWLSL21LM6U8Q001V0","prod_01KPJV7EHJ1M7WEQGXAFCVDXTC","vevor-shopping-baskets-12-pcs-21l-stackable-pe-plastic-grocery-baskets-dsbdgwlsl21lm6u8q001v0","CREATED"
"prod_01KP6FBDBNZR5V4G538B8QTNDD","vevor-air-operated-double-diaphragm-pump-132-l-min-max-standard-inlet-qdgmblhjbt1i5xhun001v0","QDGMBJBXBT1IOM3V0001V0","prod_01KPJV7EYY7D8ZE183PSSP3AZR","vevor-air-operated-double-diaphragm-pump-95-l-min-max-standard-inlet-o-qdgmbjbxbt1iom3v0001v0","CREATED"
"prod_01KP6FBDBNZR5V4G538B8QTNDD","vevor-air-operated-double-diaphragm-pump-132-l-min-max-standard-inlet-qdgmblhjbt1i5xhun001v0","QDGMBLHJBT2I1YH7J001V0","prod_01KPJV7F4XBQ959VGGDZ24Z77C","vevor-air-operated-double-diaphragm-pump-598-l-min-max-standard-inlet-qdgmblhjbt2i1yh7j001v0","CREATED"
"prod_01KP6FBDBNZR5V4G538B8QTNDD","vevor-air-operated-double-diaphragm-pump-132-l-min-max-standard-inlet-qdgmblhjbt1i5xhun001v0","QDGMBLHJBT03N0N95001V0","prod_01KPJV7FAB655P1CVQ8S980SKB","vevor-air-operated-double-diaphragm-pump-25-l-min-max-standard-inlet-o-qdgmblhjbt03n0n95001v0","CREATED"
"prod_01KP6FBDBNZR5V4G538B8QTNDD","vevor-air-operated-double-diaphragm-pump-132-l-min-max-standard-inlet-qdgmblhjbt1i5xhun001v0","QDGMBJBXBT05NLWJL001V0","prod_01KPJV7FG63K18QPW9AZS4NH8G","vevor-air-operated-double-diaphragm-pump-17-l-min-max-standard-inlet-o-qdgmbjbxbt05nlwjl001v0","CREATED"
"prod_01KP6FBDBNZR5V4G538B8QTNDD","vevor-air-operated-double-diaphragm-pump-132-l-min-max-standard-inlet-qdgmblhjbt1i5xhun001v0","QDGMBLHJBT1I5XHUN001V0","prod_01KPJV7FPMD8VYN2GYJAX9XMFH","vevor-air-operated-double-diaphragm-pump-132-l-min-max-standard-inlet-qdgmblhjbt1i5xhun001v0","CREATED"
"prod_01KP6FBDN3PBAWQ3RJ2035947T","vevor-motorcycle-wheel-balancer-40-kg-capacity-tire-balancer-truing-st-zxclphjddpqpb8lab001v0","ZXCLPHJDDPQPZAW19001V0","prod_01KPJV7G4CQT3B6XC88E66VMRK","vevor-motorcycle-wheel-balancer-40-kg-capacity-tire-balancer-truing-st-zxclphjddpqpzaw19001v0","CREATED"
"prod_01KP6FBDN3PBAWQ3RJ2035947T","vevor-motorcycle-wheel-balancer-40-kg-capacity-tire-balancer-truing-st-zxclphjddpqpb8lab001v0","ZXCLPHJDDPQPB8LAB001V0","prod_01KPJV7GAXB7C9V24905724H15","vevor-motorcycle-wheel-balancer-40-kg-capacity-tire-balancer-truing-st-zxclphjddpqpb8lab001v0","CREATED"
"prod_01KP6FBDYVQK104RE6AEF5208E","vevor-rectangle-chafing-dish-8-5l-2-pack-stainless-steel-chafing-dish-zfxcl2jt9qtyc55md001v0","ZFXCL2JT9QTYC55MD001V0","prod_01KPJV7GT0WV0MNQR0JT6XV0WR","vevor-rectangle-chafing-dish-8-5l-2-pack-stainless-steel-chafing-dish-zfxcl2jt9qtyc55md001v0","CREATED"
"prod_01KP6FBDYVQK104RE6AEF5208E","vevor-rectangle-chafing-dish-8-5l-2-pack-stainless-steel-chafing-dish-zfxcl2jt9qtyc55md001v0","ZFXCL4JT9QTYYM59Q001V0","prod_01KPJV7H07ZTCAEWZY44VD7HXK","vevor-rectangle-chafing-dish-9-91l-4-pack-stainless-steel-chafing-dish-zfxcl4jt9qtyym59q001v0","CREATED"
"prod_01KP6FBDYVQK104RE6AEF5208E","vevor-rectangle-chafing-dish-8-5l-2-pack-stainless-steel-chafing-dish-zfxcl2jt9qtyc55md001v0","ZFXCL6JT9QTYNY4QN001V0","prod_01KPJV7H6A42D9K01VB4D30AYR","vevor-rectangle-chafing-dish-9-91l-6-pack-stainless-steel-chafing-dish-zfxcl6jt9qtyny4qn001v0","CREATED"
"prod_01KP6FBE7KB4T23VVM0RAZTASK","vevor-stadium-seat-folding-bleacher-chair-with-back-support-and-thick-bxtygzy1pcsh8q4f8001v0","BXTYGZY1PCSLUJQUI001V0","prod_01KPJV7HNRY9BNPP3541DJFQB9","vevor-stadium-seat-folding-bleacher-chair-with-back-support-and-thick-bxtygzy1pcslujqui001v0","CREATED"
"prod_01KP6FBE7KB4T23VVM0RAZTASK","vevor-stadium-seat-folding-bleacher-chair-with-back-support-and-thick-bxtygzy1pcsh8q4f8001v0","BXTYGZY1PCSHW78LT001V0","prod_01KPJV7HV443HPGBBFQE48T5H9","vevor-stadium-seat-portable-bleacher-seat-with-armrest-back-support-an-bxtygzy1pcshw78lt001v0","CREATED"
"prod_01KP6FBE7KB4T23VVM0RAZTASK","vevor-stadium-seat-folding-bleacher-chair-with-back-support-and-thick-bxtygzy1pcsh8q4f8001v0","BXTYGZY2PCSHPADLQ001V0","prod_01KPJV7J1AT4MQF173HZ5XXZJ1","vevor-stadium-seat-portable-bleacher-seat-with-armrest-back-support-an-bxtygzy2pcshpadlq001v0","CREATED"
"prod_01KP6FBE7KB4T23VVM0RAZTASK","vevor-stadium-seat-folding-bleacher-chair-with-back-support-and-thick-bxtygzy1pcsh8q4f8001v0","BXTYGZY2PCSLV1MCQ001V0","prod_01KPJV7J7RE8YJZ159JRB1KA0D","vevor-stadium-seat-folding-bleacher-seat-with-back-support-thick-cushi-bxtygzy2pcslv1mcq001v0","CREATED"
"prod_01KP6FBE7KB4T23VVM0RAZTASK","vevor-stadium-seat-folding-bleacher-chair-with-back-support-and-thick-bxtygzy1pcsh8q4f8001v0","BXTYGZY1PCSH0W4CN001V0","prod_01KPJV7JDXT5361KMEVHY39M48","vevor-stadium-seat-folding-bleacher-chair-with-back-support-and-thick-bxtygzy1pcsh0w4cn001v0","CREATED"
"prod_01KP6FBE7KB4T23VVM0RAZTASK","vevor-stadium-seat-folding-bleacher-chair-with-back-support-and-thick-bxtygzy1pcsh8q4f8001v0","BXTYGZY2PCSHT1TWM001V0","prod_01KPJV7JMESKSZK533AERJ2QCM","vevor-stadium-seat-folding-bleacher-seat-with-back-support-and-thick-c-bxtygzy2pcsht1twm001v0","CREATED"
"prod_01KP6FBE7KB4T23VVM0RAZTASK","vevor-stadium-seat-folding-bleacher-chair-with-back-support-and-thick-bxtygzy1pcsh8q4f8001v0","BXTYGZY1PCSH8Q4F8001V0","prod_01KPJV7JTNP6MXC4S5QRBMEQV1","vevor-stadium-seat-folding-bleacher-chair-with-back-support-and-thick-bxtygzy1pcsh8q4f8001v0","CREATED"
"prod_01KP6FBEKTBKKR5DVTNV2KMREN","vevor-undermount-bathroom-sink-400-x-305-mm-rectangular-white-ceramic-jxpjxptxazbs9uhsq001v0","JXPJXPTXAZBSHAP3P001V0","prod_01KPJV7KAE06NNRD43WT9D6J8G","vevor-undermount-bathroom-sink-460-x-330-mm-rectangular-white-ceramic-jxpjxptxazbshap3p001v0","CREATED"
"prod_01KP6FBEKTBKKR5DVTNV2KMREN","vevor-undermount-bathroom-sink-400-x-305-mm-rectangular-white-ceramic-jxpjxptxazbs9uhsq001v0","JXPJXPTXAZBS5IUG8001V0","prod_01KPJV7KG24RMK9Z8T8P3BANB2","vevor-undermount-bathroom-sink-530-x-375-mm-rectangular-white-ceramic-jxpjxptxazbs5iug8001v0","CREATED"
"prod_01KP6FBEKTBKKR5DVTNV2KMREN","vevor-undermount-bathroom-sink-400-x-305-mm-rectangular-white-ceramic-jxpjxptxazbs9uhsq001v0","JXPJXPTMAZBS6WHKT001V0","prod_01KPJV7KPHRN0WR9K4DB742CSM","vevor-semi-recessed-bathroom-sink-510-x-465-mm-rectangular-white-ceram-jxpjxptmazbs6whkt001v0","CREATED"
"prod_01KP6FBEKTBKKR5DVTNV2KMREN","vevor-undermount-bathroom-sink-400-x-305-mm-rectangular-white-ceramic-jxpjxptxazbs9uhsq001v0","JXPJXPTXAZBSMFETC001V0","prod_01KPJV7KW1DTRTNDBY27GHHSXH","vevor-undermount-bathroom-sink-515-x-385-mm-rectangular-white-ceramic-jxpjxptxazbsmfetc001v0","CREATED"
"prod_01KP6FBEKTBKKR5DVTNV2KMREN","vevor-undermount-bathroom-sink-400-x-305-mm-rectangular-white-ceramic-jxpjxptxazbs9uhsq001v0","JXPJXPTXAZBSUC4SN001V0","prod_01KPJV7M2HRSBKKWWE49498YD6","vevor-undermount-bathroom-sink-470-x-335-mm-rectangular-white-ceramic-jxpjxptxazbsuc4sn001v0","CREATED"
"prod_01KP6FBEKTBKKR5DVTNV2KMREN","vevor-undermount-bathroom-sink-400-x-305-mm-rectangular-white-ceramic-jxpjxptxazbs9uhsq001v0","JXPJXPTXAZBS9UHSQ001V0","prod_01KPJV7M90A1ZRXMTBYBY7Y01S","vevor-undermount-bathroom-sink-400-x-305-mm-rectangular-white-ceramic-jxpjxptxazbs9uhsq001v0","CREATED"
"prod_01KP6FBEKTBKKR5DVTNV2KMREN","vevor-undermount-bathroom-sink-400-x-305-mm-rectangular-white-ceramic-jxpjxptxazbs9uhsq001v0","JXPJXPTMAZBS0X9RG001V0","prod_01KPJV7MER32MPXT3XG4REQ2F9","vevor-semi-recessed-bathroom-sink-490-x-305-mm-rectangular-white-ceram-jxpjxptmazbs0x9rg001v0","CREATED"
"prod_01KP6FBF9E1D8RSJNG8JVWG0XN","vevor-clothes-rack-rolling-clothing-garment-rack-with-hanging-rod-and-jycyjdeddlptyqwef001v0","JYCYJDEDDLCZ0WPON001V0","prod_01KPJV7MWY5QQ7PWNYSKGZKGXT","vevor-clothes-rack-rolling-clothing-garment-rack-with-adjustable-cross-jycyjdeddlcz0wpon001v0","CREATED"
"prod_01KP6FBF9E1D8RSJNG8JVWG0XN","vevor-clothes-rack-rolling-clothing-garment-rack-with-hanging-rod-and-jycyjdeddlptyqwef001v0","JYCYJDEDDLAXVCUTB001V0","prod_01KPJV7N24H6EHH3XKKQBQC4VX","vevor-clothes-rack-rolling-clothing-garment-rack-with-hanging-rod-and-jycyjdeddlaxvcutb001v0","CREATED"
"prod_01KP6FBF9E1D8RSJNG8JVWG0XN","vevor-clothes-rack-rolling-clothing-garment-rack-with-hanging-rod-and-jycyjdeddlptyqwef001v0","JYCYJDEDDLPTYQWEF001V0","prod_01KPJV7N8M9Q1G6PE2X4XRJMES","vevor-clothes-rack-rolling-clothing-garment-rack-with-hanging-rod-and-jycyjdeddlptyqwef001v0","CREATED"
"prod_01KP6FBF9E1D8RSJNG8JVWG0XN","vevor-clothes-rack-rolling-clothing-garment-rack-with-hanging-rod-and-jycyjdeddlptyqwef001v0","JYCYJDEDDLPXVI28Z001V0","prod_01KPJV7NF7RDW9F6FD25JWB75Q","vevor-clothes-rack-rolling-clothing-garment-rack-with-2-hanging-rods-a-jycyjdeddlpxvi28z001v0","CREATED"
"prod_01KP6FBF9E1D8RSJNG8JVWG0XN","vevor-clothes-rack-rolling-clothing-garment-rack-with-hanging-rod-and-jycyjdeddlptyqwef001v0","JYCYJDEDDLPX7OSCW001V0","prod_01KPJV7NNNMNBP013YVC0K3SN5","vevor-clothes-rack-rolling-clothing-garment-rack-with-2-hanging-rods-a-jycyjdeddlpx7oscw001v0","CREATED"
"prod_01KP6FBG0S12C80E4900K9E3JM","vevor-cross-slide-drill-press-vise-4-inch-jaw-width-2-way-x-y-axis-ben-jcthq4ycszs0aqei0001v0","JCTHQ4YCSZS0AQEI0001V0","prod_01KPJV7P4GAP4V9YQA0R2FNZ6Z","vevor-cross-slide-drill-press-vise-4-inch-jaw-width-2-way-x-y-axis-ben-jcthq4ycszs0aqei0001v0","CREATED"
"prod_01KP6FBG0S12C80E4900K9E3JM","vevor-cross-slide-drill-press-vise-4-inch-jaw-width-2-way-x-y-axis-ben-jcthq4ycszs0aqei0001v0","JCTHQ6YCJYPKFZG4G001V0","prod_01KPJV7PAG1EWNRTGAB7J6GP56","vevor-drill-press-vise-6-inch-jaw-width-portable-bench-vise-slotted-ba-jcthq6ycjypkfzg4g001v0","CREATED"
"prod_01KP6FBG0S12C80E4900K9E3JM","vevor-cross-slide-drill-press-vise-4-inch-jaw-width-2-way-x-y-axis-ben-jcthq4ycszs0aqei0001v0","JCTHQ425INCH3WAE1001V0","prod_01KPJV7PGZH1MR5ZTK3HH90N8D","vevor-tilting-vise-4-25-inch-jaw-width-portable-drill-press-bench-vise-jcthq425inch3wae1001v0","CREATED"
"prod_01KP6FBG0S12C80E4900K9E3JM","vevor-cross-slide-drill-press-vise-4-inch-jaw-width-2-way-x-y-axis-ben-jcthq4ycszs0aqei0001v0","JCTHQ4YCJYPKK6UEY001V0","prod_01KPJV7PQH88HGJ1VMPZFDJH4J","vevor-drill-press-vise-4-inch-jaw-width-portable-bench-vise-slotted-ba-jcthq4ycjypkk6uey001v0","CREATED"
"prod_01KP6FBG0S12C80E4900K9E3JM","vevor-cross-slide-drill-press-vise-4-inch-jaw-width-2-way-x-y-axis-ben-jcthq4ycszs0aqei0001v0","JCTHQ6YCSZS0E42A7001V0","prod_01KPJV7PY08WBBRYVHYKQE966G","vevor-cross-slide-drill-press-vise-6-inch-jaw-width-2-way-x-y-axis-ben-jcthq6ycszs0e42a7001v0","CREATED"
"prod_01KP6FBGAVJ7W678PDKB3G0GYM","vevor-teeth-whitening-kit-with-led-light-32-led-accelerator-lights-whi-jbycmbjwxsaj35vig001v9","JBYCMBJWXSAJ35VIG001V9","prod_01KPJV7QBM6MNGPRC82D4GPNYN","vevor-teeth-whitening-kit-with-led-light-32-led-accelerator-lights-whi-jbycmbjwxsaj35vig001v9","CREATED"
"prod_01KP6FBGAVJ7W678PDKB3G0GYM","vevor-teeth-whitening-kit-with-led-light-32-led-accelerator-lights-whi-jbycmbjwxsaj35vig001v9","JBYCMBJWXSAJM641T001V9","prod_01KPJV7QJ0CVZKSV65FYAXN6E0","vevor-teeth-whitening-kit-with-led-light-32-led-accelerator-lights-whi-jbycmbjwxsajm641t001v9","CREATED"
"prod_01KP6FBH1TRSZQA4SG48JW9VWJ","vevor-conference-table-1800-mm-office-meeting-table-for-6-8-person-mod-bghyzjx6ft00o6lgr001v0","BGHYZJX6FT00O6LGR001V0","prod_01KPJV7R0F32P3Q07EQX0PPMWR","vevor-conference-table-1800-mm-office-meeting-table-for-6-8-person-mod-bghyzjx6ft00o6lgr001v0","CREATED"
"prod_01KP6FBH1TRSZQA4SG48JW9VWJ","vevor-conference-table-1800-mm-office-meeting-table-for-6-8-person-mod-bghyzjx6ft00o6lgr001v0","BGHYZJX8FT00MUW5E001V0","prod_01KPJV7R6E2A4SPFC7YVMGTFFY","vevor-conference-table-2400-mm-office-meeting-table-for-10-person-mode-bghyzjx8ft00muw5e001v0","CREATED"
"prod_01KP6FBH1TRSZQA4SG48JW9VWJ","vevor-conference-table-1800-mm-office-meeting-table-for-6-8-person-mod-bghyzjx6ft00o6lgr001v0","BGHYZTYX6FT0CCUFW001V0","prod_01KPJV7RBMC5NCK7J6STDQNZ7M","vevor-conference-table-1800-mm-oval-office-meeting-table-for-6-8-perso-bghyztyx6ft0ccufw001v0","CREATED"
"prod_01KP6FBH1TRSZQA4SG48JW9VWJ","vevor-conference-table-1800-mm-office-meeting-table-for-6-8-person-mod-bghyzjx6ft00o6lgr001v0","BGHYZCX8FT00WKUN4001V0","prod_01KPJV7RHVQ6T0SDV3JSA1K8Q2","vevor-conference-table-2400-mm-boat-shaped-office-meeting-table-for-10-bghyzcx8ft00wkun4001v0","CREATED"
"prod_01KP6FBH1TRSZQA4SG48JW9VWJ","vevor-conference-table-1800-mm-office-meeting-table-for-6-8-person-mod-bghyzjx6ft00o6lgr001v0","BGHYZJX45FT641LV2001V0","prod_01KPJV7RRB366WGKX2B8AEZ202","vevor-conference-table-set-of-6-1400-mm-office-meeting-table-for-16-pe-bghyzjx45ft641lv2001v0","CREATED"
"prod_01KP6FBHJR42YV6NM4994P7VT6","vevor-safety-gas-can-9-5-l-type-i-red-safety-can-for-gasoline-with-sta-ixaqghsjs25j0frgj001v0","IXAQGHSJS5JLW7T1O001V0","prod_01KPJV7S6Q7AQTGXGB0MEVPS9Z","vevor-safety-can-19-l-type-i-yellow-safety-can-for-diesel-with-stainle-ixaqghsjs5jlw7t1o001v0","CREATED"
"prod_01KP6FBHJR42YV6NM4994P7VT6","vevor-safety-gas-can-9-5-l-type-i-red-safety-can-for-gasoline-with-sta-ixaqghsjs25j0frgj001v0","IXAQGHSJS5JL94ZJ9001V0","prod_01KPJV7SCVW0ZGA46FEPEPDJ7M","vevor-safety-gas-can-19-l-type-i-red-safety-can-for-gasoline-with-stai-ixaqghsjs5jl94zj9001v0","CREATED"
"prod_01KP6FBHJR42YV6NM4994P7VT6","vevor-safety-gas-can-9-5-l-type-i-red-safety-can-for-gasoline-with-sta-ixaqghsjs25j0frgj001v0","IXAQGHSJS25J0FRGJ001V0","prod_01KPJV7SK9MPAM0FHNCQNFQXKB","vevor-safety-gas-can-9-5-l-type-i-red-safety-can-for-gasoline-with-sta-ixaqghsjs25j0frgj001v0","CREATED"
"prod_01KP6FBJ4D14VDYH0FMSKCFQ4K","vevor-safety-gas-can-19-l-type-ii-red-safety-can-for-gasoline-with-sta-iixaqghsjs5j6x3jb001v0","IIXAQGHSJS5J6X3JB001V0","prod_01KPJV7T1CV4DPXZGN05GGRD3M","vevor-safety-gas-can-19-l-type-ii-red-safety-can-for-gasoline-with-sta-iixaqghsjs5j6x3jb001v0","CREATED"
"prod_01KP6FBJ4D14VDYH0FMSKCFQ4K","vevor-safety-gas-can-19-l-type-ii-red-safety-can-for-gasoline-with-sta-iixaqghsjs5j6x3jb001v0","IIXAQGHSJS25Y4I7A001V0","prod_01KPJV7T7PD6N43771C7BDWR8V","vevor-safety-gas-can-9-5-l-type-ii-red-safety-can-for-gasoline-with-st-iixaqghsjs25y4i7a001v0","CREATED"
"prod_01KP6FBJBBMCS51KETAEQRBPAZ","vevor-female-garage-floors-transition-edge-kit-15-pcs-sturdy-pp-interl-lsckddbyjmkpknjai001v0","LSCKDDBYJGKPQ9TCE001V0","prod_01KPJV7TPXCTJVMAR5DHKXDRQZ","vevor-male-garage-floors-transition-edge-kit-15-pcs-sturdy-pp-interloc-lsckddbyjgkpq9tce001v0","CREATED"
"prod_01KP6FBJBBMCS51KETAEQRBPAZ","vevor-female-garage-floors-transition-edge-kit-15-pcs-sturdy-pp-interl-lsckddbyjmkpknjai001v0","LSCKDDBYJHSPY2RE6001V0","prod_01KPJV7TX3CKZ2T0CQ3FGY9MS7","vevor-male-garage-floors-transition-edge-kit-12-edges-and-4-corners-st-lsckddbyjhspy2re6001v0","CREATED"
"prod_01KP6FBJBBMCS51KETAEQRBPAZ","vevor-female-garage-floors-transition-edge-kit-15-pcs-sturdy-pp-interl-lsckddbyjmkpknjai001v0","LSCKDDBYJMKPKNJAI001V0","prod_01KPJV7V37N0GMFGS6ANR7VEJ0","vevor-female-garage-floors-transition-edge-kit-15-pcs-sturdy-pp-interl-lsckddbyjmkpknjai001v0","CREATED"
"prod_01KP6FBJKTTHR90RSRVKRMFYZ1","vevor-pool-cue-1-piece-pool-stick-1473-2mm-538g-canadian-maple-wood-bi-mstqgmsgfm58pzjnr001v0","MSTQGMSGFM58WZGEZ001V0","prod_01KPJV7VKC9TSAB2PKZYFXP307","vevor-pool-cue-4-pieces-pool-stick-1473-2mm-canadian-maple-wood-billia-mstqgmsgfm58wzgez001v0","CREATED"
"prod_01KP6FBJKTTHR90RSRVKRMFYZ1","vevor-pool-cue-1-piece-pool-stick-1473-2mm-538g-canadian-maple-wood-bi-mstqgmsgfm58pzjnr001v0","MSTQGMSGTXW5ZOR3B001V0","prod_01KPJV7VSJB5CYZGXMSVBDM099","vevor-pool-cue-1-piece-pool-stick-1473-2mm-538g-carbon-fiber-billiard-mstqgmsgtxw5zor3b001v0","CREATED"
"prod_01KP6FBJKTTHR90RSRVKRMFYZ1","vevor-pool-cue-1-piece-pool-stick-1473-2mm-538g-canadian-maple-wood-bi-mstqgmsgfm58pzjnr001v0","MSTQGMSGFM58PZJNR001V0","prod_01KPJV7VZWCMP0D7BQGJRM351M","vevor-pool-cue-1-piece-pool-stick-1473-2mm-538g-canadian-maple-wood-bi-mstqgmsgfm58pzjnr001v0","CREATED"
"prod_01KP6FBJKTTHR90RSRVKRMFYZ1","vevor-pool-cue-1-piece-pool-stick-1473-2mm-538g-canadian-maple-wood-bi-mstqgmsgfm58pzjnr001v0","MSTQGMSGBLXWUIK33001V0","prod_01KPJV7W63CMTAZ54TZGFWVD8F","vevor-pool-cue-1-piece-pool-stick-1473-2mm-595g-fiberglass-titanium-co-mstqgmsgblxwuik33001v0","CREATED"
"prod_01KP6FBJWXRDQ7GV243X334093","vevor-pool-cue-1447-8mm-jointed-snooker-cue-snooker-cues-stick-with-ex-snkgsnkgblm573ux5001v0","SNKGSNKGBLM5E09I0001V0","prod_01KPJV7WM652T82PA631KSK3AS","vevor-pool-cue-1447-8mm-jointed-snooker-cue-snooker-cues-stick-with-ex-snkgsnkgblm5e09i0001v0","CREATED"
"prod_01KP6FBJWXRDQ7GV243X334093","vevor-pool-cue-1447-8mm-jointed-snooker-cue-snooker-cues-stick-with-ex-snkgsnkgblm573ux5001v0","SNKGSNKGBLM573UX5001V0","prod_01KPJV7WT6Z0JPT3ETSWTFKRP5","vevor-pool-cue-1447-8mm-jointed-snooker-cue-snooker-cues-stick-with-ex-snkgsnkgblm573ux5001v0","CREATED"
"prod_01KP6FBK6RN463ZKSYGG30W9DA","vevor-fuel-container-19-l-gas-tank-with-spout-clear-scale-15-l-min-max-slbxsyxjyk2j7lccp001v0","SLBXSYXCZK1JAO871001V0","prod_01KPJV7XB7DAPEK4S49797DRNZ","vevor-fuel-container-10-l-gas-can-with-spout-and-lockable-bracket-15-l-slbxsyxczk1jao871001v0","CREATED"
"prod_01KP6FBK6RN463ZKSYGG30W9DA","vevor-fuel-container-19-l-gas-tank-with-spout-clear-scale-15-l-min-max-slbxsyxjyk2j7lccp001v0","SLBXSYXJYK1JATPJ0001V0","prod_01KPJV7XGGTGRH6120Y67PDZ0Q","vevor-fuel-container-19-l-gas-tank-with-spout-clear-scale-15-l-min-max-slbxsyxjyk1jatpj0001v0","CREATED"
"prod_01KP6FBK6RN463ZKSYGG30W9DA","vevor-fuel-container-19-l-gas-tank-with-spout-clear-scale-15-l-min-max-slbxsyxjyk2j7lccp001v0","SLBXSYXJYK2J5UBBB001V0","prod_01KPJV7XQ019HK82547KPHC7V4","vevor-fuel-container-19-l-gas-tank-with-spout-clear-scale-15-l-min-max-slbxsyxjyk2j5ubbb001v0","CREATED"
"prod_01KP6FBK6RN463ZKSYGG30W9DA","vevor-fuel-container-19-l-gas-tank-with-spout-clear-scale-15-l-min-max-slbxsyxjyk2j7lccp001v0","SLBXSYXJYK2J7LCCP001V0","prod_01KPJV7XXJVENQ36N3T764VCZ9","vevor-fuel-container-19-l-gas-tank-with-spout-clear-scale-15-l-min-max-slbxsyxjyk2j7lccp001v0","CREATED"
"prod_01KP6FBK6RN463ZKSYGG30W9DA","vevor-fuel-container-19-l-gas-tank-with-spout-clear-scale-15-l-min-max-slbxsyxjyk2j7lccp001v0","SLBXSYXJYK1JGUEUB001V0","prod_01KPJV7Y40T9THAFBCPNNEXTF9","vevor-fuel-container-6-l-fuel-tank-with-spout-1-9-l-extra-oil-containe-slbxsyxjyk1jgueub001v0","CREATED"
"prod_01KP6FBK6RN463ZKSYGG30W9DA","vevor-fuel-container-19-l-gas-tank-with-spout-clear-scale-15-l-min-max-slbxsyxjyk2j7lccp001v0","SLBXSYXCZK1JQWB8R001V0","prod_01KPJV7YAFD60TQJ10ERDE33D8","vevor-fuel-container-5-l-gas-can-with-spout-and-lockable-bracket-15-l-slbxsyxczk1jqwb8r001v0","CREATED"
"prod_01KP6FBK6RN463ZKSYGG30W9DA","vevor-fuel-container-19-l-gas-tank-with-spout-clear-scale-15-l-min-max-slbxsyxjyk2j7lccp001v0","SLBXSYXJYK1J5QA1K001V0","prod_01KPJV7YH2Z8JF4DCHPVKBWAFG","vevor-fuel-container-9-5-l-gas-tank-with-spout-clear-scale-15-l-min-ma-slbxsyxjyk1j5qa1k001v0","CREATED"
"prod_01KP6FBK6RN463ZKSYGG30W9DA","vevor-fuel-container-19-l-gas-tank-with-spout-clear-scale-15-l-min-max-slbxsyxjyk2j7lccp001v0","SLBXSYXJYK1JNR1TZ001V0","prod_01KPJV7YQTB03JEQXH1HT71Q7E","vevor-fuel-container-19-l-gas-tank-with-spout-clear-scale-15-l-min-max-slbxsyxjyk1jnr1tz001v0","CREATED"
"prod_01KP6FBK6RN463ZKSYGG30W9DA","vevor-fuel-container-19-l-gas-tank-with-spout-clear-scale-15-l-min-max-slbxsyxjyk2j7lccp001v0","SLBXSYXHS5GA17VP8001V0","prod_01KPJV7YY1Q83KVVHW40ZGJ2NW","vevor-fuel-container-19-l-gas-tank-with-spout-clear-scale-15-l-min-max-slbxsyxhs5ga17vp8001v0","CREATED"
"prod_01KP6FBK6RN463ZKSYGG30W9DA","vevor-fuel-container-19-l-gas-tank-with-spout-clear-scale-15-l-min-max-slbxsyxjyk2j7lccp001v0","SLBXSYXCZK1JO7VTN001V0","prod_01KPJV7Z3WJKX13ZJHMW5Q5VQJ","vevor-fuel-container-5-l-gas-can-with-spout-and-lockable-bracket-15-l-slbxsyxczk1jo7vtn001v0","CREATED"
"prod_01KP6FBKSA4H5B81E6PN6VTAM4","vevor-snowflake-ice-machine-20kg-24h-snowflake-ice-maker-ice-shaver-ma-jynbjfl20kg2yy89c001v2","JYNBJFL40KG2DH503001V2","prod_01KPJV7ZM4Z6P9BGKKCTY59PC9","vevor-snowflake-ice-machine-40kg-24h-snowflake-ice-maker-ice-shaver-ma-jynbjfl40kg2dh503001v2","CREATED"
"prod_01KP6FBKSA4H5B81E6PN6VTAM4","vevor-snowflake-ice-machine-20kg-24h-snowflake-ice-maker-ice-shaver-ma-jynbjfl20kg2yy89c001v2","JYNBJFL20KG2YY89C001V2","prod_01KPJV7ZTDHC83BV7DDVF7V3HW","vevor-snowflake-ice-machine-20kg-24h-snowflake-ice-maker-ice-shaver-ma-jynbjfl20kg2yy89c001v2","CREATED"
"prod_01KP6FBKSA4H5B81E6PN6VTAM4","vevor-snowflake-ice-machine-20kg-24h-snowflake-ice-maker-ice-shaver-ma-jynbjfl20kg2yy89c001v2","JYNBJFL80KG2AWYVE001V2","prod_01KPJV800WZ6FQS014AAMZBYG3","vevor-snowflake-ice-machine-80kg-24h-snowflake-ice-maker-ice-shaver-ma-jynbjfl80kg2awyve001v2","CREATED"
"prod_01KP6FBKSA4H5B81E6PN6VTAM4","vevor-snowflake-ice-machine-20kg-24h-snowflake-ice-maker-ice-shaver-ma-jynbjfl20kg2yy89c001v2","JYNBJFL60KG2QMVKB001V2","prod_01KPJV807DPEHTMNPYVA1YMKVY","vevor-snowflake-ice-machine-60kg-24h-snowflake-ice-maker-ice-shaver-ma-jynbjfl60kg2qmvkb001v2","CREATED"
"prod_01KP6FBM42VHQCQ9KR4JEN0KYA","vevor-gun-safe-heavy-duty-handgun-safe-with-fingerprint-password-key-3-sqbxhskptk00gdmh0001v0","SQBXHCHDDGK0KW4MX001V0","prod_01KPJV80QCDZYDWTF8865X21XT","vevor-gun-safe-slider-handgun-gun-safe-with-fingerprint-password-key-3-sqbxhchddgk0kw4mx001v0","CREATED"
"prod_01KP6FBM42VHQCQ9KR4JEN0KYA","vevor-gun-safe-heavy-duty-handgun-safe-with-fingerprint-password-key-3-sqbxhskptk00gdmh0001v0","SQBXHSKPTK00GDMH0001V0","prod_01KPJV80XKXVQ8GMSR97J3FTPW","vevor-gun-safe-heavy-duty-handgun-safe-with-fingerprint-password-key-3-sqbxhskptk00gdmh0001v0","CREATED"
"prod_01KP6FBM42VHQCQ9KR4JEN0KYA","vevor-gun-safe-heavy-duty-handgun-safe-with-fingerprint-password-key-3-sqbxhskptk00gdmh0001v0","SQBXHCTSHWXCEKOO5001V2","prod_01KPJV81423MZH7C5PKHBA5VNF","vevor-gun-safe-pistol-handgun-drawer-safe-with-fingerprint-password-ke-sqbxhctshwxcekoo5001v2","CREATED"
"prod_01KP6FBM42VHQCQ9KR4JEN0KYA","vevor-gun-safe-heavy-duty-handgun-safe-with-fingerprint-password-key-3-sqbxhskptk00gdmh0001v0","SQBXHCDPMK00UX2ZU001V0","prod_01KPJV81AHXZ71MH1NEJZ2VNW3","vevor-gun-safe-slider-handgun-gun-safe-with-screen-fingerprint-passwor-sqbxhcdpmk00ux2zu001v0","CREATED"
"prod_01KP6FBMD9JE302KCVJ7DZZ34Z","vevor-hydraulic-pipe-crimping-tool-stainless-steel-tube-fittings-crimp-ytsyyyjgjtbvm4j7n001v0","YTSYYYJGJTBVM4J7N001V0","prod_01KPJV81TFAEP9SRGT5KS8CPV5","vevor-hydraulic-pipe-crimping-tool-stainless-steel-tube-fittings-crimp-ytsyyyjgjtbvm4j7n001v0","CREATED"
"prod_01KP6FBMD9JE302KCVJ7DZZ34Z","vevor-hydraulic-pipe-crimping-tool-stainless-steel-tube-fittings-crimp-ytsyyyjgjtbvm4j7n001v0","YTSYYYJGJTBT28X5W001V0","prod_01KPJV820M1V23J9V26CZDZ0YT","vevor-hydraulic-pipe-crimping-tool-pex-aluminum-plastic-tube-fittings-ytsyyyjgjtbt28x5w001v0","CREATED"
"prod_01KP6FBMD9JE302KCVJ7DZZ34Z","vevor-hydraulic-pipe-crimping-tool-stainless-steel-tube-fittings-crimp-ytsyyyjgjtbvm4j7n001v0","YTSYYYJGJTBTAEM2U001V0","prod_01KPJV8261DSJXJNN5NCDJCRGF","vevor-hydraulic-pipe-crimping-tool-multi-functional-tube-fittings-crim-ytsyyyjgjtbtaem2u001v0","CREATED"
"prod_01KP6FBMD9JE302KCVJ7DZZ34Z","vevor-hydraulic-pipe-crimping-tool-stainless-steel-tube-fittings-crimp-ytsyyyjgjtbvm4j7n001v0","YTSYYYJGJTBUTFD58001V0","prod_01KPJV82BR1T5DBVXXR60CNEBC","vevor-hydraulic-pipe-crimping-tool-pex-aluminum-plastic-tube-fittings-ytsyyyjgjtbutfd58001v0","CREATED"
"prod_01KP6FBN4TKGVZA2K500DHMYT2","vevor-ski-snowboard-roof-rack-carry-up-to-4-pairs-of-skis-or-2-snowboa-hxbcdjtxc4203x8v7001v0","HXBCDJTXC4203X8V7001V0","prod_01KPJV82RR7TP0SBF5FEW4JHJV","vevor-ski-snowboard-roof-rack-carry-up-to-4-pairs-of-skis-or-2-snowboa-hxbcdjtxc4203x8v7001v0","CREATED"
"prod_01KP6FBN4TKGVZA2K500DHMYT2","vevor-ski-snowboard-roof-rack-carry-up-to-4-pairs-of-skis-or-2-snowboa-hxbcdjtxc4203x8v7001v0","HXBCDJTXC640R93P6002V0","prod_01KPJV82Z2QPTJD4ADH5WK1GXD","vevor-ski-snowboard-roof-rack-carry-up-to-6-pairs-of-skis-or-4-snowboa-hxbcdjtxc640r93p6002v0","CREATED"
"prod_01KP6FBNC2SVK3VTH0A7JF2BKP","vevor-91-4-cm-t-post-puller-heavy-duty-steel-fence-post-puller-300-kg-ggs36inchwqzne8ia001v0","GGS36INCHWQZNE8IA001V0","prod_01KPJV83CM1JKK90P5Y56XQG9J","vevor-91-4-cm-t-post-puller-heavy-duty-steel-fence-post-puller-300-kg-ggs36inchwqzne8ia001v0","CREATED"
"prod_01KP6FBNC2SVK3VTH0A7JF2BKP","vevor-91-4-cm-t-post-puller-heavy-duty-steel-fence-post-puller-300-kg-ggs36inchwqzne8ia001v0","GGS36INCHHQZT08LK001V0","prod_01KPJV83JRK18FDGHCYZK2EFGQ","vevor-91-4-cm-t-post-puller-heavy-duty-fence-post-pullers-with-puller-ggs36inchhqzt08lk001v0","CREATED"
"prod_01KP6FBNC2SVK3VTH0A7JF2BKP","vevor-91-4-cm-t-post-puller-heavy-duty-steel-fence-post-puller-300-kg-ggs36inchwqzne8ia001v0","GGS32INCHHQZ428ID001V0","prod_01KPJV83S8SVA9YJ1EDTTHN16T","vevor-78-cm-t-post-puller-heavy-duty-fence-post-puller-with-109-2-cm-l-ggs32inchhqz428id001v0","CREATED"
"prod_01KP6FBNMFSX5M77NR23YXYQZZ","vevor-pizza-oven-304-8-mm-electric-pizza-maker-1200w-electric-pizzas-c-jsksxnwdb12yx16b9001v2","JSKSXNWDB12YX16B9001V2","prod_01KPJV847GV86AXXSFJ4W97VVR","vevor-pizza-oven-304-8-mm-electric-pizza-maker-1200w-electric-pizzas-c-jsksxnwdb12yx16b9001v2","CREATED"
"prod_01KP6FBNMFSX5M77NR23YXYQZZ","vevor-pizza-oven-304-8-mm-electric-pizza-maker-1200w-electric-pizzas-c-jsksxnwdb12yx16b9001v2","JSKSXNWDB12YLFMJX001V2","prod_01KPJV84DXR9JPEDR2SVEARAE2","vevor-pizza-oven-304-8-mm-electric-pizza-maker-1200w-electric-pizzas-c-jsksxnwdb12ylfmjx001v2","CREATED"
"prod_01KP6FBPBP8Q6AX89TTNZ4MDWZ","vevor-15-2m-mini-split-line-set-6-4-9-5mm-od-ac-copper-tubing-pipe-3-8-kdljtg06550fn9y1j001v0","KDLJTG06550FGDM4Y001V0","prod_01KPJV84W06A0MDFXQZ719CHQD","vevor-15-2m-mini-split-line-set-6-4-12-7mm-od-ac-copper-tubing-pipe-3-kdljtg06550fgdm4y001v0","CREATED"
"prod_01KP6FBPBP8Q6AX89TTNZ4MDWZ","vevor-15-2m-mini-split-line-set-6-4-9-5mm-od-ac-copper-tubing-pipe-3-8-kdljtg06550fn9y1j001v0","KDLJTG06550FN9Y1J001V0","prod_01KPJV852DQN4J9X40S5TPXW8Y","vevor-15-2m-mini-split-line-set-6-4-9-5mm-od-ac-copper-tubing-pipe-3-8-kdljtg06550fn9y1j001v0","CREATED"
"prod_01KP6FBPT9T5K8TS4EZHDWAMWW","vevor-landscape-rake-914-mm-wide-head-2590-mm-handle-large-heavy-duty-ysscplhj36in5c4ld001v0","YSSCPLHJ36INDYGLK001V0","prod_01KPJV85G65WT3EE55Q43X4668","vevor-landscape-rake-914-mm-wide-head-3380-mm-handle-large-heavy-duty-ysscplhj36indyglk001v0","CREATED"
"prod_01KP6FBPT9T5K8TS4EZHDWAMWW","vevor-landscape-rake-914-mm-wide-head-2590-mm-handle-large-heavy-duty-ysscplhj36in5c4ld001v0","YSSCPLHJ36IN5C4LD001V0","prod_01KPJV85PPZEQY4FS6ZER7RDCC","vevor-landscape-rake-914-mm-wide-head-2590-mm-handle-large-heavy-duty-ysscplhj36in5c4ld001v0","CREATED"
"prod_01KP6FBQ1ZR9WH2EP787FWNH2P","vevor-forever-flowers-100-preserved-roses-in-a-heart-shape-box-eternal-yshlhk100dhs7jwke001v0","YSHLHK27DLSXJEJD9001V0","prod_01KPJV868EMQYHVPM3XF7WSBM8","vevor-forever-flowers-27-preserved-roses-in-a-heart-shape-box-eternal-yshlhk27dlsxjejd9001v0","CREATED"
"prod_01KP6FBQ1ZR9WH2EP787FWNH2P","vevor-forever-flowers-100-preserved-roses-in-a-heart-shape-box-eternal-yshlhk100dhs7jwke001v0","YSHLHK27DFSXB7NZJ001V0","prod_01KPJV86E0G6W199ES2FST86BT","vevor-forever-flowers-27-preserved-roses-in-a-heart-shape-box-eternal-yshlhk27dfsxb7nzj001v0","CREATED"
"prod_01KP6FBQ1ZR9WH2EP787FWNH2P","vevor-forever-flowers-100-preserved-roses-in-a-heart-shape-box-eternal-yshlhk100dhs7jwke001v0","YSHLHK50DFSYT676L001V0","prod_01KPJV86MK2FAANY66JHZ3N4EZ","vevor-forever-flowers-50-preserved-roses-in-a-box-eternal-flowers-immo-yshlhk50dfsyt676l001v0","CREATED"
"prod_01KP6FBQ1ZR9WH2EP787FWNH2P","vevor-forever-flowers-100-preserved-roses-in-a-heart-shape-box-eternal-yshlhk100dhs7jwke001v0","YSHLHK27DHSYWDA6T001V0","prod_01KPJV86V45JRVW9FFCYY072PW","vevor-forever-flowers-27-preserved-roses-in-a-box-eternal-flowers-immo-yshlhk27dhsywda6t001v0","CREATED"
"prod_01KP6FBQ1ZR9WH2EP787FWNH2P","vevor-forever-flowers-100-preserved-roses-in-a-heart-shape-box-eternal-yshlhk100dhs7jwke001v0","YSHLHK27DFSYIYMHB001V0","prod_01KPJV871R1B8DS85MX9FMDKZ2","vevor-forever-flowers-27-preserved-roses-in-a-box-eternal-flowers-immo-yshlhk27dfsyiymhb001v0","CREATED"
"prod_01KP6FBQ1ZR9WH2EP787FWNH2P","vevor-forever-flowers-100-preserved-roses-in-a-heart-shape-box-eternal-yshlhk100dhs7jwke001v0","YSHLHK27DZSXA7D27001V0","prod_01KPJV8787085CN1057AHV4586","vevor-forever-flowers-27-preserved-roses-in-heart-shape-box-eternal-fl-yshlhk27dzsxa7d27001v0","CREATED"
"prod_01KP6FBQ1ZR9WH2EP787FWNH2P","vevor-forever-flowers-100-preserved-roses-in-a-heart-shape-box-eternal-yshlhk100dhs7jwke001v0","YSHLHK50DZSY1L6MI001V0","prod_01KPJV87EPV7FM303AVC7HGYC6","vevor-forever-flowers-50-preserved-roses-in-a-box-eternal-flowers-immo-yshlhk50dzsy1l6mi001v0","CREATED"
"prod_01KP6FBQ1ZR9WH2EP787FWNH2P","vevor-forever-flowers-100-preserved-roses-in-a-heart-shape-box-eternal-yshlhk100dhs7jwke001v0","YSHLHK27DHSXNUD9H001V0","prod_01KPJV87MVF9QJK2SC27JAA0RV","vevor-forever-flowers-27-preserved-roses-in-a-heart-shape-box-eternal-yshlhk27dhsxnud9h001v0","CREATED"
"prod_01KP6FBQ1ZR9WH2EP787FWNH2P","vevor-forever-flowers-100-preserved-roses-in-a-heart-shape-box-eternal-yshlhk100dhs7jwke001v0","YSHLHK100DHS7JWKE001V0","prod_01KPJV87VA0BYNJ2SJ8DGXSZS0","vevor-forever-flowers-100-preserved-roses-in-a-heart-shape-box-eternal-yshlhk100dhs7jwke001v0","CREATED"
"prod_01KP6FBQ1ZR9WH2EP787FWNH2P","vevor-forever-flowers-100-preserved-roses-in-a-heart-shape-box-eternal-yshlhk100dhs7jwke001v0","YSHLHK50DHSXXD8L7001V0","prod_01KPJV881S9JKZ5NHXF2M385MA","vevor-forever-flowers-50-preserved-roses-in-a-heart-shape-box-eternal-yshlhk50dhsxxd8l7001v0","CREATED"
"prod_01KP6FBQ1ZR9WH2EP787FWNH2P","vevor-forever-flowers-100-preserved-roses-in-a-heart-shape-box-eternal-yshlhk100dhs7jwke001v0","YSHLHK27DHSXOQ6ME001V0","prod_01KPJV887H8CMDQJB7E9TTYHC3","vevor-forever-flowers-27-preserved-roses-in-a-heart-shape-box-eternal-yshlhk27dhsxoq6me001v0","CREATED"
"prod_01KP6FBQWB5KBFBGFYBE70ZMTK","vevor-hitch-mounted-ski-snowboard-rack-fits-50-mm-receiver-carries-up-hxbcdjzdkzdk3br4l001v0","HXBCDJZDKZDK3BR4L001V0","prod_01KPJV88MS6P8GB0T14V97H3J8","vevor-hitch-mounted-ski-snowboard-rack-fits-50-mm-receiver-carries-up-hxbcdjzdkzdk3br4l001v0","CREATED"
"prod_01KP6FBQWB5KBFBGFYBE70ZMTK","vevor-hitch-mounted-ski-snowboard-rack-fits-50-mm-receiver-carries-up-hxbcdjzdkzdk3br4l001v0","HXBCDJZDKZDKJ98UK001V0","prod_01KPJV88V1DN2GE8CVBJ6CQTAZ","vevor-folding-hitch-mounted-ski-snowboard-rack-fits-50-mm-receiver-car-hxbcdjzdkzdkj98uk001v0","CREATED"
"prod_01KP6FBRC7R9RDZR1S4T6S5WQC","vevor-hot-towel-warmer-23l-large-towel-warmer-cabinet-with-see-through-mjxdjekdjrk2f5ntd001v2","MJXDJEKDJRK2F5NTD001V2","prod_01KPJV8993W4XJNR8VEYEMVJC3","vevor-hot-towel-warmer-23l-large-towel-warmer-cabinet-with-see-through-mjxdjekdjrk2f5ntd001v2","CREATED"
"prod_01KP6FBRC7R9RDZR1S4T6S5WQC","vevor-hot-towel-warmer-23l-large-towel-warmer-cabinet-with-see-through-mjxdjekdjrk2f5ntd001v2","MJXDJEKDJRK8F3LQR001V2","prod_01KPJV89F89BHTDENW5KHPM1FN","vevor-hot-towel-warmer-8l-small-towel-warmer-cabinet-with-clip-stainle-mjxdjekdjrk8f3lqr001v2","CREATED"
"prod_01KP6FBRT853321C5T7F0EP3T4","vevor-turbidity-calibration-solution-kit-20-100-400-800-ntu-20-ml-each-jhwxzrypjhg082af8001v0","JHWXZRYPJBG0UUWFG001V0","prod_01KPJV89WZGDZQYC07C6P3XP89","vevor-turbidity-calibration-solution-kit-20-100-400-800-ntu-20-ml-each-jhwxzrypjbg0uuwfg001v0","CREATED"
"prod_01KP6FBRT853321C5T7F0EP3T4","vevor-turbidity-calibration-solution-kit-20-100-400-800-ntu-20-ml-each-jhwxzrypjhg082af8001v0","JHWXZRYPJHG082AF8001V0","prod_01KPJV8A34R6KCPV21A1659X4W","vevor-turbidity-calibration-solution-kit-20-100-400-800-ntu-20-ml-each-jhwxzrypjhg082af8001v0","CREATED"
"prod_01KP6FBSFA4CV9KACKM42FPCGH","vevor-indoor-plush-area-rugs-2-44-x-3-05m-soft-plush-carpet-furry-shag-jxddtsm8x10ft7fhu001v0","JXDDTSM8X10F3M1OV001V0","prod_01KPJV8AHY010KSZCTHADAMDVM","vevor-indoor-plush-area-rugs-2-44-x-3-05m-soft-plush-carpet-furry-shag-jxddtsm8x10f3m1ov001v0","CREATED"
"prod_01KP6FBSFA4CV9KACKM42FPCGH","vevor-indoor-plush-area-rugs-2-44-x-3-05m-soft-plush-carpet-furry-shag-jxddtsm8x10ft7fhu001v0","JXDDTSM8X10FT7FHU001V0","prod_01KPJV8ARCVDZM26S4DAXJPTBP","vevor-indoor-plush-area-rugs-2-44-x-3-05m-soft-plush-carpet-furry-shag-jxddtsm8x10ft7fhu001v0","CREATED"
"prod_01KP6FBSFA4CV9KACKM42FPCGH","vevor-indoor-plush-area-rugs-2-44-x-3-05m-soft-plush-carpet-furry-shag-jxddtsm8x10ft7fhu001v0","JXDDTSM8X10FS61MV001V0","prod_01KPJV8AYTYHA0NEVPT2PHTJWJ","vevor-indoor-plush-area-rugs-2-44-x-3-05m-soft-plush-carpet-furry-shag-jxddtsm8x10fs61mv001v0","CREATED"
"prod_01KP6FBSR3H346AJZWEQPBBZ18","vevor-indoor-plush-area-rugs-2-44-x-3-05m-plush-carpet-area-rugs-furry-jxddtsscr8x1htyn7001v0","JXDDTSSCR8X1HTYN7001V0","prod_01KPJV8BCH48RJ0H8CZSBQNAWD","vevor-indoor-plush-area-rugs-2-44-x-3-05m-plush-carpet-area-rugs-furry-jxddtsscr8x1htyn7001v0","CREATED"
"prod_01KP6FBSR3H346AJZWEQPBBZ18","vevor-indoor-plush-area-rugs-2-44-x-3-05m-plush-carpet-area-rugs-furry-jxddtsscr8x1htyn7001v0","JXDDTSSCR8X10TZKW001V0","prod_01KPJV8BJQ08NHSCW2ZJ4Y1NSA","vevor-indoor-plush-area-rugs-2-44-x-3-05m-plush-carpet-area-rugs-furry-jxddtsscr8x10tzkw001v0","CREATED"
"prod_01KP6FBT5WNPEF7SSPYAD1XK0J","vevor-indoor-plush-area-rugs-1-83x2-74-m-soft-plush-carpet-ffurry-shag-jxzxdtsm6x9fyv2lw001v0","JXZXDTSM5X8FIY14O001V0","prod_01KPJV8BZKF3N5710NZBPV1N8K","vevor-indoor-plush-area-rugs-1-52-x-2-44-m-soft-plush-carpet-furry-sha-jxzxdtsm5x8fiy14o001v0","CREATED"
"prod_01KP6FBT5WNPEF7SSPYAD1XK0J","vevor-indoor-plush-area-rugs-1-83x2-74-m-soft-plush-carpet-ffurry-shag-jxzxdtsm6x9fyv2lw001v0","JXZXDTSM6X9FYV2LW001V0","prod_01KPJV8C5TW4DZMZPW4FG8RH7E","vevor-indoor-plush-area-rugs-1-83x2-74-m-soft-plush-carpet-ffurry-shag-jxzxdtsm6x9fyv2lw001v0","CREATED"
"prod_01KP6FBTMHB28BSHT92840R276","vevor-bench-vise-3-inch-portable-workbench-vice-with-360-swivel-base-q-bxsthq3yczysrc37i001v0","BXSTHQ45YCZYALM7W001V0","prod_01KPJV8CJD7RSV4MWBM225TPDT","vevor-bench-vise-4-5-inch-portable-workbench-vice-with-270-swivel-base-bxsthq45yczyalm7w001v0","CREATED"
"prod_01KP6FBTMHB28BSHT92840R276","vevor-bench-vise-3-inch-portable-workbench-vice-with-360-swivel-base-q-bxsthq3yczysrc37i001v0","BXSTHQ3YCZYSRC37I001V0","prod_01KPJV8CRYVWQS3XEEXAS69QWN","vevor-bench-vise-3-inch-portable-workbench-vice-with-360-swivel-base-q-bxsthq3yczysrc37i001v0","CREATED"
"prod_01KP6FBVHDXRC09S8STZMVH608","vevor-coolant-pressure-tester-kit-28pcs-radiator-vacuum-refill-kit-wit-srqylcshlqyt566o4001v0","SRQYLCSHLQYTWMIWW001V0","prod_01KPJV8D6ZXZYE7B8CCMNT9J1T","vevor-coolant-pressure-tester-kit-47pcs-radiator-vacuum-refill-kit-wit-srqylcshlqytwmiww001v0","CREATED"
"prod_01KP6FBVHDXRC09S8STZMVH608","vevor-coolant-pressure-tester-kit-28pcs-radiator-vacuum-refill-kit-wit-srqylcshlqyt566o4001v0","SRQYLCSHLQYTCRQMI001V0","prod_01KPJV8DDAZAXDTJ53688H7V40","vevor-coolant-pressure-tester-kit-47pcs-radiator-vacuum-refill-kit-wit-srqylcshlqytcrqmi001v0","CREATED"
"prod_01KP6FBVHDXRC09S8STZMVH608","vevor-coolant-pressure-tester-kit-28pcs-radiator-vacuum-refill-kit-wit-srqylcshlqyt566o4001v0","SRQYLCSHLQYT566O4001V0","prod_01KPJV8DKYT8ND9WCGZBK0G42N","vevor-coolant-pressure-tester-kit-28pcs-radiator-vacuum-refill-kit-wit-srqylcshlqyt566o4001v0","CREATED"
"prod_01KP6FBVVYCC6X3J67HW8KFDJ6","vevor-shopping-cart-folding-grocery-utility-cart-with-dual-baskets-wat-xyc2zdstcsjsjvklw001v0","XYC2LKSJSCL04UN2C001V0","prod_01KPJV8E3XRRQ0QC622XSTS3HM","vevor-laundry-cart-rolling-grocery-utility-cart-with-waterproof-liner-xyc2lksjscl04un2c001v0","CREATED"
"prod_01KP6FBVVYCC6X3J67HW8KFDJ6","vevor-shopping-cart-folding-grocery-utility-cart-with-dual-baskets-wat-xyc2zdstcsjsjvklw001v0","XYC2LKSJSS005XA8V001V0","prod_01KPJV8EAHBW60YVBSJKM4TBSF","vevor-laundry-cart-rolling-round-grocery-utility-cart-with-360-swivel-xyc2lksjss005xa8v001v0","CREATED"
"prod_01KP6FBVVYCC6X3J67HW8KFDJ6","vevor-shopping-cart-folding-grocery-utility-cart-with-dual-baskets-wat-xyc2zdstcsjsjvklw001v0","XYC2ZDSTCSJSJVKLW001V0","prod_01KPJV8EGT9HQ0QPC4KXM3EJEN","vevor-shopping-cart-folding-grocery-utility-cart-with-dual-baskets-wat-xyc2zdstcsjsjvklw001v0","CREATED"
"prod_01KP6FBVVYCC6X3J67HW8KFDJ6","vevor-shopping-cart-folding-grocery-utility-cart-with-dual-baskets-wat-xyc2zdstcsjsjvklw001v0","XYC2ZDSTCSJS7HKN9001V0","prod_01KPJV8EQCMKZYAFZ7PG0P8T4C","vevor-shopping-cart-folding-grocery-utility-cart-with-swivel-wheels-40-xyc2zdstcsjs7hkn9001v0","CREATED"
"prod_01KP6FBW4YJHACSVPY2AFNKAKZ","vevor-2pcs-welding-curtains-1-74-x-2-34m-welding-screen-curtain-flame-dmpf2jz68ftwx6vde001v0","DMPF1JZ68FTYFQJGS001V0","prod_01KPJV8F67NSM9F2QPZD2N91MB","vevor-welding-screen-with-frame-1-74-x-2-34m-welding-curtain-screen-fl-dmpf1jz68ftyfqjgs001v0","CREATED"
"prod_01KP6FBW4YJHACSVPY2AFNKAKZ","vevor-2pcs-welding-curtains-1-74-x-2-34m-welding-screen-curtain-flame-dmpf2jz68ftwx6vde001v0","DMPF1JZ66FTYYDKKS001V0","prod_01KPJV8FCDKGB4T1YWK920C3AZ","vevor-welding-screen-with-frame-1-74-x-1-74-m-welding-curtain-screen-f-dmpf1jz66ftyydkks001v0","CREATED"
"prod_01KP6FBW4YJHACSVPY2AFNKAKZ","vevor-2pcs-welding-curtains-1-74-x-2-34m-welding-screen-curtain-flame-dmpf2jz68ftwx6vde001v0","DMPF2JZ68FTWX6VDE001V0","prod_01KPJV8FJY28VS1N96CET6848H","vevor-2pcs-welding-curtains-1-74-x-2-34m-welding-screen-curtain-flame-dmpf2jz68ftwx6vde001v0","CREATED"
"prod_01KP6FBWCZKA6RYP3PBBTVHNQR","vevor-carbon-felt-welding-blanket-1016mm-x-1016mm-flame-retardant-weld-fhtzt4040inc2gwcv001v0","FHTZT2036INCMITTK001V0","prod_01KPJV8G0YJN6ED0NWW23HRJ8M","vevor-carbon-felt-welding-blankets-2-pack-508mm-x-914mm-flame-retardan-fhtzt2036incmittk001v0","CREATED"
"prod_01KP6FBWCZKA6RYP3PBBTVHNQR","vevor-carbon-felt-welding-blanket-1016mm-x-1016mm-flame-retardant-weld-fhtzt4040inc2gwcv001v0","FHTZT4040INC2GWCV001V0","prod_01KPJV8G7EXJEPBKCYGBYCVDB3","vevor-carbon-felt-welding-blanket-1016mm-x-1016mm-flame-retardant-weld-fhtzt4040inc2gwcv001v0","CREATED"
"prod_01KP6FBWMPHSQ7YEAHZJQ1GFDV","vevor-wheel-chock-tie-down-kit-tire-style-motorcycle-tie-down-system-c-cljgtj2ltxbpn6te9001v0","CLJGTJ2LDXKKJLXJW001V0","prod_01KPJV8GTF0MRQQ1JHF228WR8Y","vevor-wheel-chock-tie-down-kit-chock-style-trailer-tie-down-strap-car-cljgtj2ldxkkjlxjw001v0","CREATED"
"prod_01KP6FBWMPHSQ7YEAHZJQ1GFDV","vevor-wheel-chock-tie-down-kit-tire-style-motorcycle-tie-down-system-c-cljgtj2ltxbpn6te9001v0","CLJGTJ2LTXBPN6TE9001V0","prod_01KPJV8H00GMQR603V82KG10GY","vevor-wheel-chock-tie-down-kit-tire-style-motorcycle-tie-down-system-c-cljgtj2ltxbpn6te9001v0","CREATED"
"prod_01KP6FBWMPHSQ7YEAHZJQ1GFDV","vevor-wheel-chock-tie-down-kit-tire-style-motorcycle-tie-down-system-c-cljgtj2ltxbpn6te9001v0","CLJGTJ2CZXDHAKDUZ001V0","prod_01KPJV8H6C9KZ37C23RYZTQ8RP","vevor-wheel-chock-tie-down-kit-axle-type-trailer-tie-down-strap-car-ti-cljgtj2czxdhakduz001v0","CREATED"
"prod_01KP6FBWMPHSQ7YEAHZJQ1GFDV","vevor-wheel-chock-tie-down-kit-tire-style-motorcycle-tie-down-system-c-cljgtj2ltxbpn6te9001v0","CLJGTJ2LTXZXN7NFW001V0","prod_01KPJV8HCYY6W6NMF8EMJKAEDS","vevor-wheel-chock-tie-down-kit-tire-style-tow-dolly-strap-car-tie-down-cljgtj2ltxzxn7nfw001v0","CREATED"
"prod_01KP6FBWMPHSQ7YEAHZJQ1GFDV","vevor-wheel-chock-tie-down-kit-tire-style-motorcycle-tie-down-system-c-cljgtj2ltxbpn6te9001v0","CLJGTJ2LTXBPIGNRS001V0","prod_01KPJV8HKDWP6GKZ1F3C6SARWE","vevor-wheel-chock-tie-down-kit-tire-style-trailer-tie-down-strap-car-t-cljgtj2ltxbpignrs001v0","CREATED"
"prod_01KP6FBWMPHSQ7YEAHZJQ1GFDV","vevor-wheel-chock-tie-down-kit-tire-style-motorcycle-tie-down-system-c-cljgtj2ltxbpn6te9001v0","CLJGTJ2LTXZXMFDY9001V0","prod_01KPJV8HSWF1JA5WHPSSFMPWPS","vevor-wheel-chock-tie-down-kit-tire-style-tow-dolly-strap-car-tie-down-cljgtj2ltxzxmfdy9001v0","CREATED"
"prod_01KP6FBWMPHSQ7YEAHZJQ1GFDV","vevor-wheel-chock-tie-down-kit-tire-style-motorcycle-tie-down-system-c-cljgtj2ltxbpn6te9001v0","CLJGTJ2CZXDHSWC35001V0","prod_01KPJV8HZY7RRDRYJR97DM7QQS","vevor-wheel-chock-tie-down-kit-axle-type-trailer-tie-down-strap-car-ti-cljgtj2czxdhswc35001v0","CREATED"
"prod_01KP6FBWMPHSQ7YEAHZJQ1GFDV","vevor-wheel-chock-tie-down-kit-tire-style-motorcycle-tie-down-system-c-cljgtj2ltxbpn6te9001v0","CLJGTJ2JBXJX0SH2A001V0","prod_01KPJV8J5C259P3B0TB4HJMH2V","vevor-wheel-chock-tie-down-kit-deck-style-trailer-tie-down-strap-car-t-cljgtj2jbxjx0sh2a001v0","CREATED"
"prod_01KP6FBWMPHSQ7YEAHZJQ1GFDV","vevor-wheel-chock-tie-down-kit-tire-style-motorcycle-tie-down-system-c-cljgtj2ltxbpn6te9001v0","CLJGTJ2GDSSXOFYCV001V0","prod_01KPJV8JBRN1JQF3KZ1D2RHQY4","vevor-wheel-chock-tie-down-kit-fixed-trailer-tie-down-strap-car-tie-do-cljgtj2gdssxofycv001v0","CREATED"
"prod_01KP6FBWMPHSQ7YEAHZJQ1GFDV","vevor-wheel-chock-tie-down-kit-tire-style-motorcycle-tie-down-system-c-cljgtj2ltxbpn6te9001v0","CLJGTJ2LTXDHMHSKB001V0","prod_01KPJV8JJ61B8SXT4ERWV53WMA","vevor-wheel-chock-tie-down-kit-tire-style-trailer-tie-down-strap-car-t-cljgtj2ltxdhmhskb001v0","CREATED"
"prod_01KP6FBWMPHSQ7YEAHZJQ1GFDV","vevor-wheel-chock-tie-down-kit-tire-style-motorcycle-tie-down-system-c-cljgtj2ltxbpn6te9001v0","CLJGTJ2LTXZX66N3Q001V0","prod_01KPJV8JRQTY11B8MT67845R7K","vevor-wheel-chock-tie-down-kit-tire-style-tow-dolly-strap-car-tie-down-cljgtj2ltxzx66n3q001v0","CREATED"
"prod_01KP6FBWMPHSQ7YEAHZJQ1GFDV","vevor-wheel-chock-tie-down-kit-tire-style-motorcycle-tie-down-system-c-cljgtj2ltxbpn6te9001v0","CLJGTJ2LDXKKG5GOH001V0","prod_01KPJV8JYYGC44YWCTAY13CE7Y","vevor-wheel-chock-tie-down-kit-chock-style-trailer-tie-down-strap-car-cljgtj2ldxkkg5goh001v0","CREATED"
"prod_01KP6FBXC7VXHYW0Y9DE9YBMJ9","vevor-e-track-tie-down-rail-kit-4-pack-0-4-m-e-tracks-set-21-pcs-inclu-spexgd13ft15aagqd001v0","SPEXGD5FT4FTQVVHV001V0","prod_01KPJV8KEFZAS6B1V9WWR8BMWV","vevor-e-track-tie-down-rail-kit-8-pack-1-5m-1-2m-0-6m-0-3m-e-track-rai-spexgd5ft4ftqvvhv001v0","CREATED"
"prod_01KP6FBXC7VXHYW0Y9DE9YBMJ9","vevor-e-track-tie-down-rail-kit-4-pack-0-4-m-e-tracks-set-21-pcs-inclu-spexgd13ft15aagqd001v0","SPEXGD8FT1506Q87W001V0","prod_01KPJV8KMDNCSX1B54C10VVXTM","vevor-e-track-tie-down-rail-kit-4-pack-2-3-m-e-track-rails-26-pcs-incl-spexgd8ft1506q87w001v0","CREATED"
"prod_01KP6FBXC7VXHYW0Y9DE9YBMJ9","vevor-e-track-tie-down-rail-kit-4-pack-0-4-m-e-tracks-set-21-pcs-inclu-spexgd13ft15aagqd001v0","SPEXGD8FT150UEFX4001V0","prod_01KPJV8KTMFT3N4QV14GCY0F36","vevor-e-track-tie-down-rails-4-pack-2-3-m-e-track-rails-secures-cargo-spexgd8ft150uefx4001v0","CREATED"
"prod_01KP6FBXC7VXHYW0Y9DE9YBMJ9","vevor-e-track-tie-down-rail-kit-4-pack-0-4-m-e-tracks-set-21-pcs-inclu-spexgd13ft15aagqd001v0","SPEXGD2FT15042BV5001V0","prod_01KPJV8M13KRD8JZH6710BR3P9","vevor-e-track-tie-down-rail-kit-4-pack-0-6-m-e-track-rails-20-pcs-incl-spexgd2ft15042bv5001v0","CREATED"
"prod_01KP6FBXC7VXHYW0Y9DE9YBMJ9","vevor-e-track-tie-down-rail-kit-4-pack-0-4-m-e-tracks-set-21-pcs-inclu-spexgd13ft15aagqd001v0","SPEXGD5FT150KBVTE001V0","prod_01KPJV8M7MJF7N74JW9P7N7QR3","vevor-e-track-tie-down-rail-kit-6-pack-1-5-m-e-track-rails-26-pcs-incl-spexgd5ft150kbvte001v0","CREATED"
"prod_01KP6FBXC7VXHYW0Y9DE9YBMJ9","vevor-e-track-tie-down-rail-kit-4-pack-0-4-m-e-tracks-set-21-pcs-inclu-spexgd13ft15aagqd001v0","SPEXGD13FT157646B001V0","prod_01KPJV8MDS09HMGN2XE21M8SQB","vevor-e-track-tie-down-rail-kit-4-pack-0-4-m-e-track-rails-2-u-shaped-spexgd13ft157646b001v0","CREATED"
"prod_01KP6FBXC7VXHYW0Y9DE9YBMJ9","vevor-e-track-tie-down-rail-kit-4-pack-0-4-m-e-tracks-set-21-pcs-inclu-spexgd13ft15aagqd001v0","SPEXGD13FT15AAGQD001V0","prod_01KPJV8MM58WXZAHR2VHRVW0BY","vevor-e-track-tie-down-rail-kit-4-pack-0-4-m-e-tracks-set-21-pcs-inclu-spexgd13ft15aagqd001v0","CREATED"
"prod_01KP6FBXVC6SJJDM4MFEVXN086","vevor-garage-floor-tiles-interlocking-16-pack-513-x-513-x-5-mm-interlo-pvclsckddpvc15jh8001v0","PVCLSCKDDPVCSZMMI001V0","prod_01KPJV8N3898KCW44SMBPCNDFC","vevor-garage-floor-tiles-interlocking-8-pack-513-x-513-x-5-mm-interloc-pvclsckddpvcszmmi001v0","CREATED"
"prod_01KP6FBXVC6SJJDM4MFEVXN086","vevor-garage-floor-tiles-interlocking-16-pack-513-x-513-x-5-mm-interlo-pvclsckddpvc15jh8001v0","PVCLSCKDDPVC15JH8001V0","prod_01KPJV8N9E99CMMT06D81N0DD1","vevor-garage-floor-tiles-interlocking-16-pack-513-x-513-x-5-mm-interlo-pvclsckddpvc15jh8001v0","CREATED"
"prod_01KP6FBXVC6SJJDM4MFEVXN086","vevor-garage-floor-tiles-interlocking-16-pack-513-x-513-x-5-mm-interlo-pvclsckddpvc15jh8001v0","PVCLSCKDDPVC9AKRO001V0","prod_01KPJV8NFY52VV08NKFXR4EM45","vevor-garage-floor-tiles-interlocking-16-pack-513-x-513-x-5-mm-interlo-pvclsckddpvc9akro001v0","CREATED"
"prod_01KP6FBXVC6SJJDM4MFEVXN086","vevor-garage-floor-tiles-interlocking-16-pack-513-x-513-x-5-mm-interlo-pvclsckddpvc15jh8001v0","PVCLSCKDDPVCGJRBB001V0","prod_01KPJV8NNZA00VQSQVMTPF1BB0","vevor-garage-floor-tiles-interlocking-8-pack-513-x-513-x-5-mm-interloc-pvclsckddpvcgjrbb001v0","CREATED"
"prod_01KP6FBXVC6SJJDM4MFEVXN086","vevor-garage-floor-tiles-interlocking-16-pack-513-x-513-x-5-mm-interlo-pvclsckddpvc15jh8001v0","PVCLSCKDDPVCWH8WG001V0","prod_01KPJV8NW9BE8STCHCXA8SRASB","vevor-garage-floor-tiles-interlocking-8-pack-513-x-513-x-5-mm-interloc-pvclsckddpvcwh8wg001v0","CREATED"
"prod_01KP6FBXVC6SJJDM4MFEVXN086","vevor-garage-floor-tiles-interlocking-16-pack-513-x-513-x-5-mm-interlo-pvclsckddpvc15jh8001v0","PVCLSCKDDPVCATRWI001V0","prod_01KPJV8P2SGK3WA6JFVJJEGMRP","vevor-garage-floor-tiles-interlocking-16-pack-513-x-513-x-5-mm-interlo-pvclsckddpvcatrwi001v0","CREATED"
"prod_01KP6FBY64ZP63KX1GCVYG62BG","vevor-parking-stopper-1840-mm-2-pcs-heavy-duty-parking-aid-for-garage-tcdk7264inchy753h001v0","TCDK1835125I3ODB9001V0","prod_01KPJV8PHF1SB0G66FBJ74XKV9","vevor-parking-stopper-446-mm-2-pcs-heavy-duty-parking-aid-for-garage-p-tcdk1835125i3odb9001v0","CREATED"
"prod_01KP6FBY64ZP63KX1GCVYG62BG","vevor-parking-stopper-1840-mm-2-pcs-heavy-duty-parking-aid-for-garage-tcdk7264inchy753h001v0","TCDK163718INW4I4C001V0","prod_01KPJV8PPZGBEDJ7TFJK5RXENP","vevor-parking-stopper-406-mm-2-pcs-heavy-duty-parking-aid-for-garage-p-tcdk163718inw4i4c001v0","CREATED"
"prod_01KP6FBY64ZP63KX1GCVYG62BG","vevor-parking-stopper-1840-mm-2-pcs-heavy-duty-parking-aid-for-garage-tcdk7264inchy753h001v0","TCDK7264INCHUM669001V0","prod_01KPJV8PXF6J8T9K893YRS4M3X","vevor-parking-stopper-1840-mm-heavy-duty-parking-aid-for-garage-rubber-tcdk7264inchum669001v0","CREATED"
"prod_01KP6FBY64ZP63KX1GCVYG62BG","vevor-parking-stopper-1840-mm-2-pcs-heavy-duty-parking-aid-for-garage-tcdk7264inchy753h001v0","TCDK2156237I1TKG0001V0","prod_01KPJV8Q35EJ4E0FY0X9K2VYHF","vevor-parking-stopper-548-mm-2-pcs-heavy-duty-parking-aid-for-garage-r-tcdk2156237i1tkg0001v0","CREATED"
"prod_01KP6FBY64ZP63KX1GCVYG62BG","vevor-parking-stopper-1840-mm-2-pcs-heavy-duty-parking-aid-for-garage-tcdk7264inchy753h001v0","TCDK7264INCHY753H001V0","prod_01KPJV8Q9GHNEH1VMZS2QV3Y77","vevor-parking-stopper-1840-mm-2-pcs-heavy-duty-parking-aid-for-garage-tcdk7264inchy753h001v0","CREATED"
"prod_01KP6FBYSJX4CDQ70P0YEXB3GF","vevor-garage-floor-roll-2-28-x-6-1-m-garage-flooring-mat-2-2-mm-thicke-pvcjzckddpvcbxmrt001v0","PVCJZCKDDPVCBXMRT001V0","prod_01KPJV8QS04JCSFZ9T9ZQ77FVW","vevor-garage-floor-roll-2-28-x-6-1-m-garage-flooring-mat-2-2-mm-thicke-pvcjzckddpvcbxmrt001v0","CREATED"
"prod_01KP6FBYSJX4CDQ70P0YEXB3GF","vevor-garage-floor-roll-2-28-x-6-1-m-garage-flooring-mat-2-2-mm-thicke-pvcjzckddpvcbxmrt001v0","PVCJZCKDDPVCKD1AQ001V0","prod_01KPJV8QZ9MVFDQYTP6SM9FGWR","vevor-garage-floor-roll-2-28-x-5-2-m-garage-flooring-mat-2-2-mm-thicke-pvcjzckddpvckd1aq001v0","CREATED"
"prod_01KP6FBYSJX4CDQ70P0YEXB3GF","vevor-garage-floor-roll-2-28-x-6-1-m-garage-flooring-mat-2-2-mm-thicke-pvcjzckddpvcbxmrt001v0","PVCJZCKDDPVCBRBH7001V0","prod_01KPJV8R5FJ3WKNYV6X7A91J3X","vevor-garage-floor-roll-1-2-x-3-05-m-garage-flooring-mat-2-2-mm-thicke-pvcjzckddpvcbrbh7001v0","CREATED"
"prod_01KP6FBYSJX4CDQ70P0YEXB3GF","vevor-garage-floor-roll-2-28-x-6-1-m-garage-flooring-mat-2-2-mm-thicke-pvcjzckddpvcbxmrt001v0","PVCJZCKDDPVCMKIE4001V0","prod_01KPJV8RBPEY75EDBXP0HM6MY6","vevor-garage-floor-roll-1-2-x-2-13-m-garage-flooring-mat-2-2-mm-thicke-pvcjzckddpvcmkie4001v0","CREATED"
"prod_01KP6FBYSJX4CDQ70P0YEXB3GF","vevor-garage-floor-roll-2-28-x-6-1-m-garage-flooring-mat-2-2-mm-thicke-pvcjzckddpvcbxmrt001v0","PVCJZCKDDPVCIL99H001V0","prod_01KPJV8RJ8ZFCRS5ZAE6AQF5ZH","vevor-garage-floor-roll-2-28-x-6-1-m-garage-flooring-mat-2-2-mm-thicke-pvcjzckddpvcil99h001v0","CREATED"
"prod_01KP6FBYSJX4CDQ70P0YEXB3GF","vevor-garage-floor-roll-2-28-x-6-1-m-garage-flooring-mat-2-2-mm-thicke-pvcjzckddpvcbxmrt001v0","PVCJZCKDDPVCRWJ32001V0","prod_01KPJV8RRP120GKPF0RZJ042NM","vevor-garage-floor-roll-2-28-x-5-2-m-garage-flooring-mat-2-2-mm-thicke-pvcjzckddpvcrwj32001v0","CREATED"
"prod_01KP6FBZ63TYX85BP17TDDQ9H2","vevor-dog-door-for-sliding-glass-door-2311-2439-mm-adjustable-height-a-hdgmlxckjblmi4xme001v0","HDGMLXCKJBLMH1YNK001V0","prod_01KPJV8S78WP5JVZ59QF1HXDKX","vevor-dog-door-for-sliding-glass-door-1927-mm-to-2040-mm-adjustable-he-hdgmlxckjblmh1ynk001v0","CREATED"
"prod_01KP6FBZ63TYX85BP17TDDQ9H2","vevor-dog-door-for-sliding-glass-door-2311-2439-mm-adjustable-height-a-hdgmlxckjblmi4xme001v0","HDGMLXCKJBLMKJCZ4001V0","prod_01KPJV8SCPZ61WNF8D66TKJ65V","vevor-dog-door-for-sliding-glass-door-2311-2439-mm-adjustable-height-a-hdgmlxckjblmkjcz4001v0","CREATED"
"prod_01KP6FBZ63TYX85BP17TDDQ9H2","vevor-dog-door-for-sliding-glass-door-2311-2439-mm-adjustable-height-a-hdgmlxckjblmi4xme001v0","HDGMLXCKJBLMF6MCZ001V0","prod_01KPJV8SJR4Q5D87BC40HME13V","vevor-dog-door-for-sliding-glass-door-2311-2439-mm-adjustable-height-a-hdgmlxckjblmf6mcz001v0","CREATED"
"prod_01KP6FBZ63TYX85BP17TDDQ9H2","vevor-dog-door-for-sliding-glass-door-2311-2439-mm-adjustable-height-a-hdgmlxckjblmi4xme001v0","HDGMLXCKJBLMI4XME001V0","prod_01KPJV8SS4CJXPEG6YNG25RZ57","vevor-dog-door-for-sliding-glass-door-2311-2439-mm-adjustable-height-a-hdgmlxckjblmi4xme001v0","CREATED"
"prod_01KP6FBZ63TYX85BP17TDDQ9H2","vevor-dog-door-for-sliding-glass-door-2311-2439-mm-adjustable-height-a-hdgmlxckjblmi4xme001v0","HDGMLXCKJBLMB1FDY001V0","prod_01KPJV8SZP85X5SQ6BP7X91ZKW","vevor-dog-door-for-sliding-glass-door-1927-mm-to-2040-mm-adjustable-he-hdgmlxckjblmb1fdy001v0","CREATED"
"prod_01KP6FBZF9MKQRTBXZJ6V3KP3M","vevor-dog-ramp-for-cars-180-x-43-2-cm-folding-pet-ramps-for-medium-lar-jshwzdscwaqp9lq8p001v0","JSHWZDSCWAQP9LQ8P001V0","prod_01KPJV8TBRE34CYVKRT13JNA3R","vevor-dog-ramp-for-cars-180-x-43-2-cm-folding-pet-ramps-for-medium-lar-jshwzdscwaqp9lq8p001v0","CREATED"
"prod_01KP6FBZF9MKQRTBXZJ6V3KP3M","vevor-dog-ramp-for-cars-180-x-43-2-cm-folding-pet-ramps-for-medium-lar-jshwzdscwaqp9lq8p001v0","JSHWZDSCWAQPMQRB6001V0","prod_01KPJV8THCW4B2TKEPM2S307HQ","vevor-dog-ramp-for-cars-180-x-50-8-cm-folding-pet-ramps-for-medium-lar-jshwzdscwaqpmqrb6001v0","CREATED"
"prod_01KP6FBZF9MKQRTBXZJ6V3KP3M","vevor-dog-ramp-for-cars-180-x-43-2-cm-folding-pet-ramps-for-medium-lar-jshwzdscwaqp9lq8p001v0","JSHWZDSCWAQPJ4B65001V0","prod_01KPJV8TQQK2A5Z22YAN6S5MNF","vevor-dog-ramp-for-cars-160-x-43-2-cm-folding-pet-ramps-for-medium-lar-jshwzdscwaqpj4b65001v0","CREATED"
"prod_01KP6FBZF9MKQRTBXZJ6V3KP3M","vevor-dog-ramp-for-cars-180-x-43-2-cm-folding-pet-ramps-for-medium-lar-jshwzdscwaqp9lq8p001v0","JSHWZDSCWAQP39ZKL001V0","prod_01KPJV8TYDWEFEADA8ND8EQDSA","vevor-dog-ramp-for-cars-160-x-43-2-cm-folding-pet-ramps-for-medium-lar-jshwzdscwaqp39zkl001v0","CREATED"
"prod_01KP6FBZF9MKQRTBXZJ6V3KP3M","vevor-dog-ramp-for-cars-180-x-43-2-cm-folding-pet-ramps-for-medium-lar-jshwzdscwaqp9lq8p001v0","JSHWZDSCWAQP47SCS001V0","prod_01KPJV8V4SB36K59J02QRMWV1Q","vevor-dog-ramp-for-cars-180-x-43-2-cm-folding-pet-ramps-for-medium-lar-jshwzdscwaqp47scs001v0","CREATED"
"prod_01KP6FC09GZ09WPPW4379N9N1G","vevor-welding-blanket-1829mm-x-2438mm-silicone-coated-fiberglass-weldi-gjtcblxwhttcej8vr001v0","GJTCBLXWHTTCEJ8VR001V0","prod_01KPJV8VJF8J1ZV7MKF9NX4ZXV","vevor-welding-blanket-1829mm-x-2438mm-silicone-coated-fiberglass-weldi-gjtcblxwhttcej8vr001v0","CREATED"
"prod_01KP6FC09GZ09WPPW4379N9N1G","vevor-welding-blanket-1829mm-x-2438mm-silicone-coated-fiberglass-weldi-gjtcblxwhttcej8vr001v0","GJTCBLXWHTHTTMTJZ001V0","prod_01KPJV8VRJ8ZVHXHHQCN4HY3QC","vevor-welding-blanket-roll-45-7-x-1-5m-silicone-coated-fiberglass-weld-gjtcblxwhthttmtjz001v0","CREATED"
"prod_01KP6FC09GZ09WPPW4379N9N1G","vevor-welding-blanket-1829mm-x-2438mm-silicone-coated-fiberglass-weldi-gjtcblxwhttcej8vr001v0","GJTCBLXWHTTCO5VKE001V0","prod_01KPJV8VZ4VFYBDG11Y0T047D3","vevor-welding-blanket-1219mm-x-1829mm-silicone-coated-fiberglass-weldi-gjtcblxwhttco5vke001v0","CREATED"
"prod_01KP6FC0J9C9K3W8XXTNEYF7ED","vevor-bandsaw-blade-3810-mm-length-4-tpi-band-saw-blade-with-18-hrc-ha-jt1jt150inchd9z9h001v0","JT1JT150INCHD9Z9H001V0","prod_01KPJV8WERN4HCKVEC80FSVD7C","vevor-bandsaw-blade-3810-mm-length-4-tpi-band-saw-blade-with-18-hrc-ha-jt1jt150inchd9z9h001v0","CREATED"
"prod_01KP6FC0J9C9K3W8XXTNEYF7ED","vevor-bandsaw-blade-3810-mm-length-4-tpi-band-saw-blade-with-18-hrc-ha-jt1jt150inchd9z9h001v0","JT1JT72INCH0G8X83001V0","prod_01KPJV8WN811VVAM7WHMSPZFSX","vevor-bandsaw-blade-1832-mm-length-4-tpi-band-saw-blade-with-18-hrc-ha-jt1jt72inch0g8x83001v0","CREATED"
"prod_01KP6FC0J9C9K3W8XXTNEYF7ED","vevor-bandsaw-blade-3810-mm-length-4-tpi-band-saw-blade-with-18-hrc-ha-jt1jt150inchd9z9h001v0","JT1JT60INCH0TCZ6C001V0","prod_01KPJV8WVSBCT6DN4NW7JEYDS4","vevor-bandsaw-blade-1511-mm-length-6-tpi-band-saw-blade-with-15-hrc-ha-jt1jt60inch0tcz6c001v0","CREATED"
"prod_01KP6FC0J9C9K3W8XXTNEYF7ED","vevor-bandsaw-blade-3810-mm-length-4-tpi-band-saw-blade-with-18-hrc-ha-jt1jt150inchd9z9h001v0","JT1JT10945INA0Z93001V0","prod_01KPJV8X1ZCKKN1ZGWZGR770WN","vevor-bandsaw-blade-2780-mm-length-4-tpi-band-saw-blade-with-18-hrc-ha-jt1jt10945ina0z93001v0","CREATED"
"prod_01KP6FC0VB6BSEAGE2YJCGENFV","vevor-trailer-hitch-lock-compatible-with-58-7-mm-couplers-heavy-duty-a-spsohscx25164v9wr001v0","SPSOHSCX2INC4U3BJ001V0","prod_01KPJV8XFR75X41MW372QBP9PJ","vevor-trailer-hitch-lock-compatible-with-50-8-mm-couplers-heavy-duty-a-spsohscx2inc4u3bj001v0","CREATED"
"prod_01KP6FC0VB6BSEAGE2YJCGENFV","vevor-trailer-hitch-lock-compatible-with-58-7-mm-couplers-heavy-duty-a-spsohscx25164v9wr001v0","SPSOHSCX2516GV08O001V0","prod_01KPJV8XNET3ZYWYJ2E4WQFS8Y","vevor-trailer-hitch-lock-kit-compatible-with-58-7-mm-couplers-heavy-du-spsohscx2516gv08o001v0","CREATED"
"prod_01KP6FC0VB6BSEAGE2YJCGENFV","vevor-trailer-hitch-lock-compatible-with-58-7-mm-couplers-heavy-duty-a-spsohscx25164v9wr001v0","SPSOHSLX1782RF6A0001V0","prod_01KPJV8XVEYC6T8R11P8ZB90YK","vevor-trailer-hitch-lock-fits-for-46-mm-50-8-mm-58-7-mm-couplers-heavy-spsohslx1782rf6a0001v0","CREATED"
"prod_01KP6FC0VB6BSEAGE2YJCGENFV","vevor-trailer-hitch-lock-compatible-with-58-7-mm-couplers-heavy-duty-a-spsohscx25164v9wr001v0","SPSOHSLX1782AO1SQ001V0","prod_01KPJV8Y20KBVT53HXQSEGE7RT","vevor-trailer-hitch-lock-fits-for-46-mm-50-8-mm-58-7-mm-couplers-heavy-spsohslx1782ao1sq001v0","CREATED"
"prod_01KP6FC0VB6BSEAGE2YJCGENFV","vevor-trailer-hitch-lock-compatible-with-58-7-mm-couplers-heavy-duty-a-spsohscx25164v9wr001v0","SPSOHSCX25164V9WR001V0","prod_01KPJV8Y8E54BP8S59YRPZ27MT","vevor-trailer-hitch-lock-compatible-with-58-7-mm-couplers-heavy-duty-a-spsohscx25164v9wr001v0","CREATED"
"prod_01KP6FC17D1G9B1627X0ZMM209","vevor-3-point-hitch-pallet-forks-680-kg-clamp-on-pallet-forks-128-cm-t-tphcsdsk50in3as0w001v0","TPHCKDJK60INXOZ1G001V0","prod_01KPJV8YP4JPYVAAQ8F1WZ9CM4","vevor-pallet-forks-1814-kg-clamp-on-pallet-forks-149-cm-total-length-h-tphckdjk60inxoz1g001v0","CREATED"
"prod_01KP6FC17D1G9B1627X0ZMM209","vevor-3-point-hitch-pallet-forks-680-kg-clamp-on-pallet-forks-128-cm-t-tphcsdsk50in3as0w001v0","TPHCSDSK50IN3AS0W001V0","prod_01KPJV8YW5MP9JF6MTCYRXJ5BS","vevor-3-point-hitch-pallet-forks-680-kg-clamp-on-pallet-forks-128-cm-t-tphcsdsk50in3as0w001v0","CREATED"
"prod_01KP6FC17D1G9B1627X0ZMM209","vevor-3-point-hitch-pallet-forks-680-kg-clamp-on-pallet-forks-128-cm-t-tphcsdsk50in3as0w001v0","TPHCKDJK60INVJ53T001V0","prod_01KPJV8Z2S99RX5H733KD2Z2CK","vevor-pallet-forks-907-kg-clamp-on-pallet-forks-149-cm-total-length-he-tphckdjk60invj53t001v0","CREATED"
"prod_01KP6FC17D1G9B1627X0ZMM209","vevor-3-point-hitch-pallet-forks-680-kg-clamp-on-pallet-forks-128-cm-t-tphcsdsk50in3as0w001v0","TPHCCS43INCH1NBTY001V0","prod_01KPJV8Z99098SV990N4T3TX0H","vevor-pallet-forks-907-kg-clamp-on-pallet-forks-109-cm-total-length-he-tphccs43inch1nbty001v0","CREATED"
"prod_01KP6FC17D1G9B1627X0ZMM209","vevor-3-point-hitch-pallet-forks-680-kg-clamp-on-pallet-forks-128-cm-t-tphcsdsk50in3as0w001v0","TPHCKDJK43INP6R7Z001V0","prod_01KPJV8ZFHQ96YYPDR16BN708Y","vevor-pallet-forks-907-kg-clamp-on-pallet-forks-109-cm-total-length-he-tphckdjk43inp6r7z001v0","CREATED"
"prod_01KP6FC17D1G9B1627X0ZMM209","vevor-3-point-hitch-pallet-forks-680-kg-clamp-on-pallet-forks-128-cm-t-tphcsdsk50in3as0w001v0","TPHCKDJK60INR87LB001V0","prod_01KPJV8ZNQS5E2SVJF84DPY20K","vevor-pallet-forks-1814-kg-clamp-on-pallet-forks-149-cm-total-length-h-tphckdjk60inr87lb001v0","CREATED"
"prod_01KP6FC1RGE7BR1G3CS2MMWFVY","vevor-moving-straps-2-person-lifting-and-moving-system-with-2-harness-bydzhsdtx100rq80t001v0","BYDZHSJCX100P2GMJ001V0","prod_01KPJV903QPNEWN6G9Q66X8QB9","vevor-moving-straps-2-person-lifting-and-moving-system-with-2-harness-bydzhsjcx100p2gmj001v0","CREATED"
"prod_01KP6FC1RGE7BR1G3CS2MMWFVY","vevor-moving-straps-2-person-lifting-and-moving-system-with-2-harness-bydzhsdtx100rq80t001v0","BYDZHSDTX100RQ80T001V0","prod_01KPJV909NYZKVCR22R52J0AB0","vevor-moving-straps-2-person-lifting-and-moving-system-with-2-harness-bydzhsdtx100rq80t001v0","CREATED"
"prod_01KP6FC201DKE0TV65EMFFTQPT","vevor-moving-straps-supports-up-to-453-6-kg-2-person-lifting-and-movin-bydjksjcx800g9y2p001v0","BYDJKSJCX800G9Y2P001V0","prod_01KPJV90PFK77W15V0KKQ6PEAV","vevor-moving-straps-supports-up-to-453-6-kg-2-person-lifting-and-movin-bydjksjcx800g9y2p001v0","CREATED"
"prod_01KP6FC201DKE0TV65EMFFTQPT","vevor-moving-straps-supports-up-to-453-6-kg-2-person-lifting-and-movin-bydjksjcx800g9y2p001v0","BYDJKSDTX8003WHVE001V0","prod_01KPJV90W63T7SWR7ACR09NRBA","vevor-moving-straps-supports-up-to-453-6-kg-2-person-lifting-and-movin-bydjksdtx8003whve001v0","CREATED"
"prod_01KP6FC2E8QRGFVBH3BA0T0K7H","vevor-125mm-disc-sander-25mm-x-762mm-belt-sander-250w-benchtop-belt-di-dpsgjzhypwbx87xuh001v2","DPSGJZHYPWBX87XUH001V2","prod_01KPJV91B5166FNK4ST467G5BK","vevor-125mm-disc-sander-25mm-x-762mm-belt-sander-250w-benchtop-belt-di-dpsgjzhypwbx87xuh001v2","CREATED"
"prod_01KP6FC2E8QRGFVBH3BA0T0K7H","vevor-125mm-disc-sander-25mm-x-762mm-belt-sander-250w-benchtop-belt-di-dpsgjzhypwbx87xuh001v2","DPSGJZHLSSDM08QQJ001V2","prod_01KPJV91HCT48A1ZKCQ265FWP1","vevor-76mm-x-2007-mm-belt-grinder-sander-2100w-900rpm-industrial-grade-dpsgjzhlssdm08qqj001v2","CREATED"
"prod_01KP6FC2E8QRGFVBH3BA0T0K7H","vevor-125mm-disc-sander-25mm-x-762mm-belt-sander-250w-benchtop-belt-di-dpsgjzhypwbx87xuh001v2","DPSGJZHYPHBX7MQ9F001V2","prod_01KPJV91QY32K5BM5S61B50VBN","vevor-152-4mm-disc-sander-101-6mm-x-914-4mm-belt-sander-400w-professio-dpsgjzhyphbx7mq9f001v2","CREATED"
"prod_01KP6FC2PH6NVF4S5T688B5TMF","vevor-portable-basketball-stand-1-35-to-3-05m-height-adjustment-basket-kslqj44czgmd3qygz001v0","KSLQJ44CZGMD3QYGZ001V0","prod_01KPJV927S4C06A2SV8G1HB756","vevor-portable-basketball-stand-1-35-to-3-05m-height-adjustment-basket-kslqj44czgmd3qygz001v0","CREATED"
"prod_01KP6FC2PH6NVF4S5T688B5TMF","vevor-portable-basketball-stand-1-35-to-3-05m-height-adjustment-basket-kslqj44czgmd3qygz001v0","KSLQJ28CZGMDEYF7G001V0","prod_01KPJV92DZ8ZESN89DKMMXD58J","vevor-portable-basketball-stand-1-6-to-2-1m-height-adjustment-basketba-kslqj28czgmdeyf7g001v0","CREATED"
"prod_01KP6FC2PH6NVF4S5T688B5TMF","vevor-portable-basketball-stand-1-35-to-3-05m-height-adjustment-basket-kslqj44czgmd3qygz001v0","KSLQJ50CXGKDVCUI8001V0","prod_01KPJV92KR3HMTQ2ZV02NJCTBD","vevor-portable-basketball-stand-3-05m-height-adjustment-basketball-hoo-kslqj50cxgkdvcui8001v0","CREATED"
"prod_01KP6FC2PH6NVF4S5T688B5TMF","vevor-portable-basketball-stand-1-35-to-3-05m-height-adjustment-basket-kslqj44czgmd3qygz001v0","KSLQJ54CXGKDUSO0T001V0","prod_01KPJV92S8307EEVHNF0N8QFH2","vevor-portable-basketball-stand-2-3-to-3-05m-height-adjustment-basketb-kslqj54cxgkduso0t001v0","CREATED"
"prod_01KP6FC31R15718VFF1CAADCNK","vevor-flood-barrier-4-pack-1530-x-210-mm-flood-bags-activated-by-water-fhpzsjhfht15rn7s7001v0","FHPZSJHFHT15RN7S7001V0","prod_01KPJV937WZ0WA7P8XEPNDSHBS","vevor-flood-barrier-4-pack-1530-x-210-mm-flood-bags-activated-by-water-fhpzsjhfht15rn7s7001v0","CREATED"
"prod_01KP6FC31R15718VFF1CAADCNK","vevor-flood-barrier-4-pack-1530-x-210-mm-flood-bags-activated-by-water-fhpzsjhfht15rn7s7001v0","FHPZTSJHFHT1MW0WV001V0","prod_01KPJV93DY3550SB65G1MFQF7R","vevor-flood-barrier-10-pack-1530-x-210-mm-flood-bags-with-bucket-reusa-fhpztsjhfht1mw0wv001v0","CREATED"
"prod_01KP6FC31R15718VFF1CAADCNK","vevor-flood-barrier-4-pack-1530-x-210-mm-flood-bags-activated-by-water-fhpzsjhfht15rn7s7001v0","FHPZTSJHFHT838R7K001V0","prod_01KPJV93KDDVVZZXZ6736H6DPD","vevor-flood-barrier-10-pack-430-x-830-mm-flood-bags-with-bucket-reusab-fhpztsjhfht838r7k001v0","CREATED"
"prod_01KP6FC31R15718VFF1CAADCNK","vevor-flood-barrier-4-pack-1530-x-210-mm-flood-bags-activated-by-water-fhpzsjhfht15rn7s7001v0","FHPZ6PCS8040ISHWO002V0","prod_01KPJV93SQ2EPWJEMWBZ01T9YH","vevor-flood-barrier-6-pack-830-x-430-mm-flood-bags-activated-by-water-fhpz6pcs8040ishwo002v0","CREATED"
"prod_01KP6FC31R15718VFF1CAADCNK","vevor-flood-barrier-4-pack-1530-x-210-mm-flood-bags-activated-by-water-fhpzsjhfht15rn7s7001v0","FHPZSJHFHT30UHMJ2001V0","prod_01KPJV9400D4YR31K18TH29D5J","vevor-flood-barrier-8-pack-3050-x-210-mm-flood-bags-activated-by-water-fhpzsjhfht30uhmj2001v0","CREATED"
"prod_01KP6FC31R15718VFF1CAADCNK","vevor-flood-barrier-4-pack-1530-x-210-mm-flood-bags-activated-by-water-fhpzsjhfht15rn7s7001v0","FHPZ8PCS520COIQQ1002V0","prod_01KPJV9468PDXQ36A9K4PW4620","vevor-flood-barrier-8-pack-480-x-435-mm-flood-bags-activated-by-water-fhpz8pcs520coiqq1002v0","CREATED"
"prod_01KP6FC3CY2TAMBDK3VPKHRZCV","vevor-frost-proof-yard-hydrant-1595mm-freeze-proof-outdoor-faucet-with-tyxfslsgg36yl6tmx001v0","TYXFSLSGGDJ49VIAW001V0","prod_01KPJV94NX56MB8K2WTP2SMAMD","vevor-frost-proof-yard-hydrant-1895mm-freeze-proof-outdoor-faucet-with-tyxfslsggdj49viaw001v0","CREATED"
"prod_01KP6FC3CY2TAMBDK3VPKHRZCV","vevor-frost-proof-yard-hydrant-1595mm-freeze-proof-outdoor-faucet-with-tyxfslsgg36yl6tmx001v0","TYXFSLSGG36YL6TMX001V0","prod_01KPJV94VVPMGF1HM4RARHBDT5","vevor-frost-proof-yard-hydrant-1595mm-freeze-proof-outdoor-faucet-with-tyxfslsgg36yl6tmx001v0","CREATED"
"prod_01KP6FC3CY2TAMBDK3VPKHRZCV","vevor-frost-proof-yard-hydrant-1595mm-freeze-proof-outdoor-faucet-with-tyxfslsgg36yl6tmx001v0","TYXFSLSGG12YX1A19001V0","prod_01KPJV95261Z9JN48E25NWG2M0","vevor-frost-proof-yard-hydrant-980mm-freeze-proof-outdoor-water-faucet-tyxfslsgg12yx1a19001v0","CREATED"
"prod_01KP6FC3CY2TAMBDK3VPKHRZCV","vevor-frost-proof-yard-hydrant-1595mm-freeze-proof-outdoor-faucet-with-tyxfslsgg36yl6tmx001v0","TYXFSLSGGDJ3I5W6E001V0","prod_01KPJV957MXDX1FDDA1VGF8TM6","vevor-frost-proof-yard-hydrant-1595mm-freeze-proof-outdoor-faucet-with-tyxfslsggdj3i5w6e001v0","CREATED"
"prod_01KP6FC3CY2TAMBDK3VPKHRZCV","vevor-frost-proof-yard-hydrant-1595mm-freeze-proof-outdoor-faucet-with-tyxfslsgg36yl6tmx001v0","TYXFSLSGGDJ1LUUTD001V0","prod_01KPJV95E20N79C7RVKKYZPEBZ","vevor-frost-proof-yard-hydrant-980mm-freeze-proof-outdoor-water-faucet-tyxfslsggdj1luutd001v0","CREATED"
"prod_01KP6FC3CY2TAMBDK3VPKHRZCV","vevor-frost-proof-yard-hydrant-1595mm-freeze-proof-outdoor-faucet-with-tyxfslsgg36yl6tmx001v0","TYXFSLSGG48YFJXPL001V0","prod_01KPJV95KZ24EEAWDYR8C2QXK1","vevor-frost-proof-yard-hydrant-1895mm-freeze-proof-outdoor-faucet-with-tyxfslsgg48yfjxpl001v0","CREATED"
"prod_01KP6FC3CY2TAMBDK3VPKHRZCV","vevor-frost-proof-yard-hydrant-1595mm-freeze-proof-outdoor-faucet-with-tyxfslsgg36yl6tmx001v0","TYXFSLSGG24YA18AR001V0","prod_01KPJV95SEHCH1B2DJY5S2050V","vevor-frost-proof-yard-hydrant-1280mm-freeze-proof-outdoor-faucet-with-tyxfslsgg24ya18ar001v0","CREATED"
"prod_01KP6FC42HCT6FHHB2J84ATSMS","vevor-rv-water-pump-12v-dc-6-gpm-22-7-l-min-4-chamber-self-priming-dia-ddgmsbcgk12vnwenn001v9","DDGMSBMNX12V9N79Y001V9","prod_01KPJV9691N7MP8R9DA45DC5PT","vevor-water-pressure-pump-12v-dc-1-2-gpm-4-5-l-min-2-chamber-self-prim-ddgmsbmnx12v9n79y001v9","CREATED"
"prod_01KP6FC42HCT6FHHB2J84ATSMS","vevor-rv-water-pump-12v-dc-6-gpm-22-7-l-min-4-chamber-self-priming-dia-ddgmsbcgk12vnwenn001v9","DDGMSBCGK12VNWENN001V9","prod_01KPJV96FAHH3CXW8THBNZBB5Y","vevor-rv-water-pump-12v-dc-6-gpm-22-7-l-min-4-chamber-self-priming-dia-ddgmsbcgk12vnwenn001v9","CREATED"
"prod_01KP6FC42HCT6FHHB2J84ATSMS","vevor-rv-water-pump-12v-dc-6-gpm-22-7-l-min-4-chamber-self-priming-dia-ddgmsbcgk12vnwenn001v9","DDGMSBCGK12VGJB8C001V9","prod_01KPJV96NPKXTNQ6GZGG2WHMAK","vevor-rv-water-pump-12v-dc-4-gpm-15-1-l-min-3-chamber-self-priming-dia-ddgmsbcgk12vgjb8c001v9","CREATED"
"prod_01KP6FC42HCT6FHHB2J84ATSMS","vevor-rv-water-pump-12v-dc-6-gpm-22-7-l-min-4-chamber-self-priming-dia-ddgmsbcgk12vnwenn001v9","DDGMSBCGK12VVRA9W001V9","prod_01KPJV96VYWX87DCRMV9NTXPY1","vevor-rv-water-pump-12v-dc-5-gpm-18-9-l-min-4-chamber-self-priming-dia-ddgmsbcgk12vvra9w001v9","CREATED"
"prod_01KP6FC4E9RDG51W5H76T2MGP7","vevor-chicken-plucker-machine-400mm-drum-500w-230rpm-electric-chicken-sjxtmj156incifmc8001v2","SJXTMJ156INCIFMC8001V2","prod_01KPJV979ZJSEJVGNEQC1H0GTG","vevor-chicken-plucker-machine-400mm-drum-500w-230rpm-electric-chicken-sjxtmj156incifmc8001v2","CREATED"
"prod_01KP6FC4E9RDG51W5H76T2MGP7","vevor-chicken-plucker-machine-400mm-drum-500w-230rpm-electric-chicken-sjxtmj156incifmc8001v2","SJXTMJ20INCHP5KIX001V2","prod_01KPJV97FPQJA8T1170MQ59KNX","vevor-chicken-plucker-machine-500mm-drum-900w-230rpm-electric-chicken-sjxtmj20inchp5kix001v2","CREATED"
"prod_01KP6FC4YE6M8Y49RB91QJZK1R","vevor-metal-fuel-container-20-l-fuel-jerry-can-with-spout-and-comfort-jsbxsyxjyk2jyg07p001v0","JSBXSYXJYK2JFX0IU001V0","prod_01KPJV97YSVWP8498CS0HQZJG9","vevor-metal-fuel-container-20-l-fuel-jerry-can-with-spout-and-comfort-jsbxsyxjyk2jfx0iu001v0","CREATED"
"prod_01KP6FC4YE6M8Y49RB91QJZK1R","vevor-metal-fuel-container-20-l-fuel-jerry-can-with-spout-and-comfort-jsbxsyxjyk2jyg07p001v0","JSBXSYXJYK2JYG07P001V0","prod_01KPJV984ZC00M6WVRAP9BS21G","vevor-metal-fuel-container-20-l-fuel-jerry-can-with-spout-and-comfort-jsbxsyxjyk2jyg07p001v0","CREATED"
"prod_01KP6FC4YE6M8Y49RB91QJZK1R","vevor-metal-fuel-container-20-l-fuel-jerry-can-with-spout-and-comfort-jsbxsyxjyk2jyg07p001v0","JSBXSYXJYK1JZQGCS001V0","prod_01KPJV98B7M1T2DQZBTNFYTG0P","vevor-metal-fuel-container-20-l-fuel-jerry-can-with-spout-and-comfort-jsbxsyxjyk1jzqgcs001v0","CREATED"
"prod_01KP6FC4YE6M8Y49RB91QJZK1R","vevor-metal-fuel-container-20-l-fuel-jerry-can-with-spout-and-comfort-jsbxsyxjyk2jyg07p001v0","JSBXSYXJYK1JX9KIT001V0","prod_01KPJV98HQ9E9REPXP939CM7N5","vevor-metal-fuel-container-20-l-fuel-jerry-can-with-spout-and-comfort-jsbxsyxjyk1jx9kit001v0","CREATED"
"prod_01KP6FC4YE6M8Y49RB91QJZK1R","vevor-metal-fuel-container-20-l-fuel-jerry-can-with-spout-and-comfort-jsbxsyxjyk2jyg07p001v0","JSBXSYXJYK1JKLXCH001V0","prod_01KPJV98R3TX8190T8MT94WJGM","vevor-metal-fuel-container-20-l-fuel-jerry-can-with-spout-and-comfort-jsbxsyxjyk1jklxch001v0","CREATED"
"prod_01KP6FC4YE6M8Y49RB91QJZK1R","vevor-metal-fuel-container-20-l-fuel-jerry-can-with-spout-and-comfort-jsbxsyxjyk2jyg07p001v0","JSBXSYXJYK1JYXHY5001V0","prod_01KPJV98YC2TTQG90QVDKGR9DP","vevor-metal-fuel-container-20-l-fuel-jerry-can-with-spout-and-comfort-jsbxsyxjyk1jyxhy5001v0","CREATED"
"prod_01KP6FC5BBCYEE4NAGT8XMNX5C","vevor-pop-up-gazebo-screen-tent-4-57x4-57-m-large-8-sided-camping-cano-tmzpxktmk8m1mxcbh001v0","TMZPQXK13M154R6JO001V0","prod_01KPJV99CDXTBG1P2A8WTQ0ET7","vevor-pop-up-gazebo-screen-tent-4-57-x-4-57-m-13-sided-spherical-campi-tmzpqxk13m154r6jo001v0","CREATED"
"prod_01KP6FC5BBCYEE4NAGT8XMNX5C","vevor-pop-up-gazebo-screen-tent-4-57x4-57-m-large-8-sided-camping-cano-tmzpxktmk8m1mxcbh001v0","TMZPXKTMK6M1HBNAQ001V0","prod_01KPJV99JA9PATH0WC9VACA5WS","vevor-pop-up-gazebo-screen-tent-3-6-x-3-6-m-large-6-sided-camping-cano-tmzpxktmk6m1hbnaq001v0","CREATED"
"prod_01KP6FC5BBCYEE4NAGT8XMNX5C","vevor-pop-up-gazebo-screen-tent-4-57x4-57-m-large-8-sided-camping-cano-tmzpxktmk8m1mxcbh001v0","TMZPXKTMK6M1O0QZL001V0","prod_01KPJV99RQ1C2WBA7ZFK3QN2CY","vevor-pop-up-gazebo-screen-tent-3-6-x-3-6-m-large-6-sided-camping-cano-tmzpxktmk6m1o0qzl001v0","CREATED"
"prod_01KP6FC5BBCYEE4NAGT8XMNX5C","vevor-pop-up-gazebo-screen-tent-4-57x4-57-m-large-8-sided-camping-cano-tmzpxktmk8m1mxcbh001v0","TMZPXKTMK6M19E7LB001V0","prod_01KPJV99Z3VBW0QY3EVF6071GS","vevor-pop-up-gazebo-screen-tent-3-6-x-3-6-m-large-6-sided-camping-cano-tmzpxktmk6m19e7lb001v0","CREATED"
"prod_01KP6FC5BBCYEE4NAGT8XMNX5C","vevor-pop-up-gazebo-screen-tent-4-57x4-57-m-large-8-sided-camping-cano-tmzpxktmk8m1mxcbh001v0","TMZPXKTMK8M1MXCBH001V0","prod_01KPJV9A4WJADF34A3FQGS5HNH","vevor-pop-up-gazebo-screen-tent-4-57x4-57-m-large-8-sided-camping-cano-tmzpxktmk8m1mxcbh001v0","CREATED"
"prod_01KP6FC5BBCYEE4NAGT8XMNX5C","vevor-pop-up-gazebo-screen-tent-4-57x4-57-m-large-8-sided-camping-cano-tmzpxktmk8m1mxcbh001v0","TMZPQXK13M13G8V48001V0","prod_01KPJV9AAQD8MEEJMTWG32QG2C","vevor-pop-up-gazebo-screen-tent-3-96-x-3-96-m-13-sided-spherical-campi-tmzpqxk13m13g8v48001v0","CREATED"
"prod_01KP6FC5BBCYEE4NAGT8XMNX5C","vevor-pop-up-gazebo-screen-tent-4-57x4-57-m-large-8-sided-camping-cano-tmzpxktmk8m1mxcbh001v0","TMZPQXK13M1254U9V001V0","prod_01KPJV9AHM7ABQXKMC2JZASWKX","vevor-pop-up-gazebo-screen-tent-3-6x3-6-m-13-sided-spherical-camping-c-tmzpqxk13m1254u9v001v0","CREATED"
"prod_01KP6FC5BBCYEE4NAGT8XMNX5C","vevor-pop-up-gazebo-screen-tent-4-57x4-57-m-large-8-sided-camping-cano-tmzpxktmk8m1mxcbh001v0","TMZPXKTMK6M1M7EVT001V0","prod_01KPJV9AR0DVKRBKRPHMHRXDAW","vevor-pop-up-gazebo-screen-tent-3x3-m-large-6-sided-camping-canopy-ten-tmzpxktmk6m1m7evt001v0","CREATED"
"prod_01KP6FC5TFXX6DJ3Z34JYGMW97","vevor-air-hose-6-35-mm-x-76-2-m-hybrid-air-compressor-hose-300-psi-kin-kqrg1ptkqrgrh27az001v0","KQRG1PTKQRGRYH0US001V0","prod_01KPJV9B62EDD80417SSCT2CVT","vevor-air-hose-9-53-mm-x-76-2-m-hybrid-air-compressor-hose-300-psi-kin-kqrg1ptkqrgryh0us001v0","CREATED"
"prod_01KP6FC5TFXX6DJ3Z34JYGMW97","vevor-air-hose-6-35-mm-x-76-2-m-hybrid-air-compressor-hose-300-psi-kin-kqrg1ptkqrgrh27az001v0","KQRG1PTKQRGRH27AZ001V0","prod_01KPJV9BBZZFDGW2WS7H1R96N3","vevor-air-hose-6-35-mm-x-76-2-m-hybrid-air-compressor-hose-300-psi-kin-kqrg1ptkqrgrh27az001v0","CREATED"
"prod_01KP6FC68QZF00RR5FJBYZX8YR","vevor-pull-along-wagon-for-kids-101-cm-toddler-wagons-supports-up-to-8-jskettlc39yctxpy0001v0","JSKETTLC39YCTXPY0001V0","prod_01KPJV9BT49QZ6SB5ME9QC0ZMR","vevor-pull-along-wagon-for-kids-101-cm-toddler-wagons-supports-up-to-8-jskettlc39yctxpy0001v0","CREATED"
"prod_01KP6FC68QZF00RR5FJBYZX8YR","vevor-pull-along-wagon-for-kids-101-cm-toddler-wagons-supports-up-to-8-jskettlc39yctxpy0001v0","JSKETTLC19YCV0R4A001V0","prod_01KPJV9C0KQY728Y5Q7KGP9E2P","vevor-pull-along-wagon-for-kids-101-cm-toddler-wagons-supports-up-to-8-jskettlc19ycv0r4a001v0","CREATED"
"prod_01KP6FC6GGN98ZDJ6GWQCT7BS8","vevor-arch-backdrop-stand-set-of-3-2-2-2-1-8-m-stable-structure-easy-a-bydgmjsjt72fv0muo001v0","BYDGMJDJTDBZ4I7F2001V0","prod_01KPJV9CHX9J97W7PRBS2W0NAR","vevor-arch-backdrop-stand-2-2-x-1-2-m-stable-structure-easy-assembly-1-bydgmjdjtdbz4i7f2001v0","CREATED"
"prod_01KP6FC6GGN98ZDJ6GWQCT7BS8","vevor-arch-backdrop-stand-set-of-3-2-2-2-1-8-m-stable-structure-easy-a-bydgmjsjt72fv0muo001v0","BYDGMJDJT72FCTPRA001V0","prod_01KPJV9CQTJY17N329J6JRVRRT","vevor-arch-backdrop-stand-2-2-x-1-2-m-stable-structure-easy-assembly-1-bydgmjdjt72fctpra001v0","CREATED"
"prod_01KP6FC6GGN98ZDJ6GWQCT7BS8","vevor-arch-backdrop-stand-set-of-3-2-2-2-1-8-m-stable-structure-easy-a-bydgmjsjt72fv0muo001v0","BYDGMJLJTDBZ1SEAH001V0","prod_01KPJV9CY4BSYJYZAP5KGYN4GC","vevor-arch-backdrop-stand-set-of-2-2-2-m-and-1-8-m-stable-structure-ea-bydgmjljtdbz1seah001v0","CREATED"
"prod_01KP6FC6GGN98ZDJ6GWQCT7BS8","vevor-arch-backdrop-stand-set-of-3-2-2-2-1-8-m-stable-structure-easy-a-bydgmjsjt72fv0muo001v0","BYDGMJDJT66FVMQ73001V0","prod_01KPJV9D4NVRM1JPVX72F571AQ","vevor-arch-backdrop-stand-2-x-1-m-stable-structure-easy-assembly-1-pie-bydgmjdjt66fvmq73001v0","CREATED"
"prod_01KP6FC6GGN98ZDJ6GWQCT7BS8","vevor-arch-backdrop-stand-set-of-3-2-2-2-1-8-m-stable-structure-easy-a-bydgmjsjt72fv0muo001v0","BYDGMJSJT6FTQCA1U001V0","prod_01KPJV9DAVRMECK30FSZ7YWVPV","vevor-arch-backdrop-stand-set-of-3-1-8-1-5-1-2-m-stable-structure-easy-bydgmjsjt6ftqca1u001v0","CREATED"
"prod_01KP6FC6GGN98ZDJ6GWQCT7BS8","vevor-arch-backdrop-stand-set-of-3-2-2-2-1-8-m-stable-structure-easy-a-bydgmjsjt72fv0muo001v0","BYDGMJSJTDBZZHXXL001V0","prod_01KPJV9DH5BWT6GGH86QQDF815","vevor-arch-backdrop-stand-set-of-3-1-8-1-5-1-2-m-stable-structure-easy-bydgmjsjtdbzzhxxl001v0","CREATED"
"prod_01KP6FC6GGN98ZDJ6GWQCT7BS8","vevor-arch-backdrop-stand-set-of-3-2-2-2-1-8-m-stable-structure-easy-a-bydgmjsjt72fv0muo001v0","BYDGMJLJT72FB97K8001V0","prod_01KPJV9DQQAESBZHE0N366KY2P","vevor-arch-backdrop-stand-set-of-2-2-2-m-and-1-8-m-stable-structure-ea-bydgmjljt72fb97k8001v0","CREATED"
"prod_01KP6FC6GGN98ZDJ6GWQCT7BS8","vevor-arch-backdrop-stand-set-of-3-2-2-2-1-8-m-stable-structure-easy-a-bydgmjsjt72fv0muo001v0","BYDGMJSJT8FTVMGMA001V0","prod_01KPJV9DY7QMXYS3T0Y84E9H88","vevor-arch-backdrop-stand-set-of-3-2-4-2-2-2-m-stable-structure-easy-a-bydgmjsjt8ftvmgma001v0","CREATED"
"prod_01KP6FC6GGN98ZDJ6GWQCT7BS8","vevor-arch-backdrop-stand-set-of-3-2-2-2-1-8-m-stable-structure-easy-a-bydgmjsjt72fv0muo001v0","BYDGMJSJT72FV0MUO001V0","prod_01KPJV9E4P9NPJ112KH4AWV2WA","vevor-arch-backdrop-stand-set-of-3-2-2-2-1-8-m-stable-structure-easy-a-bydgmjsjt72fv0muo001v0","CREATED"
"prod_01KP6FC71Q71H96VVD2W1RPARR","vevor-stand-mixer-5-7-l-electric-kitchen-mixer-1500w-dough-mixer-10-sp-cjbtmsjbjwdsf7pc4001v2","CJBTMSJBJWDS2K33Q001V2","prod_01KPJV9EMWEM4CADSXN272XJE1","vevor-stand-mixer-4-2-l-5-7-l-electric-kitchen-mixer-1500w-dough-mixer-cjbtmsjbjwds2k33q001v2","CREATED"
"prod_01KP6FC71Q71H96VVD2W1RPARR","vevor-stand-mixer-5-7-l-electric-kitchen-mixer-1500w-dough-mixer-10-sp-cjbtmsjbjwdsf7pc4001v2","CJBTMSJBJWDSF7PC4001V2","prod_01KPJV9EV4WCF5WAYVP78QVYK7","vevor-stand-mixer-5-7-l-electric-kitchen-mixer-1500w-dough-mixer-10-sp-cjbtmsjbjwdsf7pc4001v2","CREATED"
"prod_01KP6FC71Q71H96VVD2W1RPARR","vevor-stand-mixer-5-7-l-electric-kitchen-mixer-1500w-dough-mixer-10-sp-cjbtmsjbjwdsf7pc4001v2","CJBTMSJBJYDS4FKK5001V2","prod_01KPJV9F0M9NTZ7H51X373HTCY","vevor-stand-mixer-7-4-l-electric-kitchen-mixer-1800w-dough-mixer-10-sp-cjbtmsjbjyds4fkk5001v2","CREATED"
"prod_01KP6FC71Q71H96VVD2W1RPARR","vevor-stand-mixer-5-7-l-electric-kitchen-mixer-1500w-dough-mixer-10-sp-cjbtmsjbjwdsf7pc4001v2","CJBTMSJBJWDS8SCSV001V2","prod_01KPJV9F73A3DZB70VAKZDRCDS","vevor-stand-mixer-4-2-l-electric-kitchen-mixer-1500w-dough-mixer-10-pu-cjbtmsjbjwds8scsv001v2","CREATED"
"prod_01KP6FC7CVBM2XQHB6EKS11T2R","vevor-stand-mixer-7-8-l-electric-kitchen-mixer-1500w-dough-mixer-6-p-s-dgntmsjbj8lwc6unu001v2","DGNTMSJBJ55L13WD0001V2","prod_01KPJV9FQP7XJ3R3XH5VSYQ41M","vevor-stand-mixer-5-7-l-electric-kitchen-mixer-1500w-dough-mixer-6-p-s-dgntmsjbj55l13wd0001v2","CREATED"
"prod_01KP6FC7CVBM2XQHB6EKS11T2R","vevor-stand-mixer-7-8-l-electric-kitchen-mixer-1500w-dough-mixer-6-p-s-dgntmsjbj8lwc6unu001v2","DGNTMSJBJ8LWC6UNU001V2","prod_01KPJV9FXWV5RZ2BXHM67CJD8V","vevor-stand-mixer-7-8-l-electric-kitchen-mixer-1500w-dough-mixer-6-p-s-dgntmsjbj8lwc6unu001v2","CREATED"
"prod_01KP6FC7CVBM2XQHB6EKS11T2R","vevor-stand-mixer-7-8-l-electric-kitchen-mixer-1500w-dough-mixer-6-p-s-dgntmsjbj8lwc6unu001v2","DGNTMSJBJ4LWABJBV001V2","prod_01KPJV9G4HZJTSAFFYKF4CR0KT","vevor-stand-mixer-4-3-l-electric-kitchen-mixer-1300w-dough-mixer-6-p-s-dgntmsjbj4lwabjbv001v2","CREATED"
"prod_01KP6FC7CVBM2XQHB6EKS11T2R","vevor-stand-mixer-7-8-l-electric-kitchen-mixer-1500w-dough-mixer-6-p-s-dgntmsjbj8lwc6unu001v2","DGNTMSJBJ55L3GA4V001V2","prod_01KPJV9GAS4VSWFYTXYCW2KZBD","vevor-stand-mixer-6-l-electric-kitchen-mixer-1500w-dough-mixer-6-p-spe-dgntmsjbj55l3ga4v001v2","CREATED"
"prod_01KP6FC7PC3BWBXAT596EMB890","vevor-coffee-table-modern-tempered-glass-coffee-table-with-lighting-2-jskfzkfssnjs7yg2i001v9","JSKFZKFSSNTMM9304001V0","prod_01KPJV9GS6K44NBTE6AK53D8HC","vevor-coffee-table-modern-round-coffee-table-2-tiers-wooden-circle-cen-jskfzkfssntmm9304001v0","CREATED"
"prod_01KP6FC7PC3BWBXAT596EMB890","vevor-coffee-table-modern-tempered-glass-coffee-table-with-lighting-2-jskfzkfssnjs7yg2i001v9","JSKFZKFSSNTMG7VBA001V0","prod_01KPJV9GZME77JC17PA9PGK5G7","vevor-coffee-table-modern-round-coffee-table-2-tiers-wooden-circle-cen-jskfzkfssntmg7vba001v0","CREATED"
"prod_01KP6FC7PC3BWBXAT596EMB890","vevor-coffee-table-modern-tempered-glass-coffee-table-with-lighting-2-jskfzkfssnjs7yg2i001v9","JSKFZKFSSNJS7YG2I001V9","prod_01KPJV9H62XERA19K6C8PB6BE1","vevor-coffee-table-modern-tempered-glass-coffee-table-with-lighting-2-jskfzkfssnjs7yg2i001v9","CREATED"
"prod_01KP6FC7PC3BWBXAT596EMB890","vevor-coffee-table-modern-tempered-glass-coffee-table-with-lighting-2-jskfzkfssnjs7yg2i001v9","JSKFZKFSSNTMTDTKL001V0","prod_01KPJV9HCMF1NAGGE8H4GPEFK6","vevor-coffee-table-modern-faux-marble-coffee-table-2-tier-rectangle-ce-jskfzkfssntmtdtkl001v0","CREATED"
"prod_01KP6FC7PC3BWBXAT596EMB890","vevor-coffee-table-modern-tempered-glass-coffee-table-with-lighting-2-jskfzkfssnjs7yg2i001v9","JSKFZBFBSSNT7LCPR001V0","prod_01KPJV9HK485RPRHG84MZ0W9Z9","vevor-coffee-table-modern-faux-marble-coffee-table-large-2-tier-rectan-jskfzbfbssnt7lcpr001v0","CREATED"
"prod_01KP6FC804VS8HYX74YF5X9QGA","vevor-tree-climbing-spikes-set-height-adjustable-tree-climbing-gear-wi-xpszzzhkjcksoxn33002v0","XPSZZZHKQMFH3M41Q002V0","prod_01KPJV9J12GB0KXBY3348PT5DW","vevor-tree-climbing-spikes-set-height-adjustable-tree-climbing-gear-wi-xpszzzhkqmfh3m41q002v0","CREATED"
"prod_01KP6FC804VS8HYX74YF5X9QGA","vevor-tree-climbing-spikes-set-height-adjustable-tree-climbing-gear-wi-xpszzzhkjcksoxn33002v0","XPSZZZHKQMFHLDHFU002V0","prod_01KPJV9J6V8H7H9P3MN59967CB","vevor-tree-climbing-spikes-set-height-adjustable-tree-climbing-gear-wi-xpszzzhkqmfhldhfu002v0","CREATED"
"prod_01KP6FC804VS8HYX74YF5X9QGA","vevor-tree-climbing-spikes-set-height-adjustable-tree-climbing-gear-wi-xpszzzhkjcksoxn33002v0","XPSZZZHKJCKSUJVZX002V0","prod_01KPJV9JD161TBBAT86SBCC8PS","vevor-tree-climbing-spikes-set-height-adjustable-tree-climbing-gear-wi-xpszzzhkjcksujvzx002v0","CREATED"
"prod_01KP6FC804VS8HYX74YF5X9QGA","vevor-tree-climbing-spikes-set-height-adjustable-tree-climbing-gear-wi-xpszzzhkjcksoxn33002v0","XPSZZDPKQMFHCUIBM001V0","prod_01KPJV9JKGD55YWX2H6NVS8MAN","vevor-tree-climbing-spikes-height-adjustable-tree-climbing-gear-with-s-xpszzdpkqmfhcuibm001v0","CREATED"
"prod_01KP6FC804VS8HYX74YF5X9QGA","vevor-tree-climbing-spikes-set-height-adjustable-tree-climbing-gear-wi-xpszzzhkjcksoxn33002v0","XPSZZZHKJCKSOXN33002V0","prod_01KPJV9JSZ27ZJPH61FEY1WTG7","vevor-tree-climbing-spikes-set-height-adjustable-tree-climbing-gear-wi-xpszzzhkjcksoxn33002v0","CREATED"
"prod_01KP6FC8C2MG5MAN5V9ERWQPS5","vevor-gun-safe-heavy-duty-cold-rolled-steel-rifle-cabinet-with-digital-zqbxxczlb11m5khyc001v9","ZQBXXCZLB11M5KHYC001V9","prod_01KPJV9K6PZYXJ72BCFQ7E39A6","vevor-gun-safe-heavy-duty-cold-rolled-steel-rifle-cabinet-with-digital-zqbxxczlb11m5khyc001v9","CREATED"
"prod_01KP6FC8C2MG5MAN5V9ERWQPS5","vevor-gun-safe-heavy-duty-cold-rolled-steel-rifle-cabinet-with-digital-zqbxxczlb11m5khyc001v9","ZQBXXCZLB11MQR5TN001V9","prod_01KPJV9KCW9BTSP0EDRMR7WFGD","vevor-gun-safe-heavy-duty-cold-rolled-steel-rifle-cabinet-with-fingerp-zqbxxczlb11mqr5tn001v9","CREATED"
"prod_01KP6FC938XDJ9CAYEPA5XKE25","vevor-dual-battery-isolator-kit-12v-300-amp-33-6-mm-2-awg-manual-and-a-sdcgljdqtzqsnh3if001v9","SDCGLJDQTZQS61YXJ001V9","prod_01KPJV9KVW9PZ3WJVRBAXG4KEW","vevor-dual-battery-isolator-kit-12v-140-amp-13-3-mm-6-awg-manual-and-a-sdcgljdqtzqs61yxj001v9","CREATED"
"prod_01KP6FC938XDJ9CAYEPA5XKE25","vevor-dual-battery-isolator-kit-12v-300-amp-33-6-mm-2-awg-manual-and-a-sdcgljdqtzqsnh3if001v9","SDCGLJDQTZQSNH3IF001V9","prod_01KPJV9M25C0MTHRCAB69NSWPN","vevor-dual-battery-isolator-kit-12v-300-amp-33-6-mm-2-awg-manual-and-a-sdcgljdqtzqsnh3if001v9","CREATED"
"prod_01KP6FC938XDJ9CAYEPA5XKE25","vevor-dual-battery-isolator-kit-12v-300-amp-33-6-mm-2-awg-manual-and-a-sdcgljdqtzqsnh3if001v9","SDCGLJDQTZQSAGQ2K001V9","prod_01KPJV9M7MQTXP93V25RWX0J0J","vevor-dual-battery-isolator-kit-12v-80-amp-13-3-mm-6-awg-manual-and-au-sdcgljdqtzqsagq2k001v9","CREATED"
"prod_01KP6FC9BSV61YTSYYGEEXKHDK","vevor-dual-battery-isolator-12v-140-amp-manual-and-automatic-vsr-volta-sdcgljdqdjqsird88001v9","SDCGLJDQDJQS8Q4OL001V9","prod_01KPJV9MN9DK1Z00TPW9T4SGKP","vevor-dual-battery-isolator-12v-300-amp-manual-and-automatic-vsr-volta-sdcgljdqdjqs8q4ol001v9","CREATED"
"prod_01KP6FC9BSV61YTSYYGEEXKHDK","vevor-dual-battery-isolator-12v-140-amp-manual-and-automatic-vsr-volta-sdcgljdqdjqsird88001v9","SDCGLJDQDJQSIRD88001V9","prod_01KPJV9MVPMEMVA3K2S3R5BF3B","vevor-dual-battery-isolator-12v-140-amp-manual-and-automatic-vsr-volta-sdcgljdqdjqsird88001v9","CREATED"
"prod_01KP6FC9N6820AJ6PBYYVYWYPK","vevor-pocket-hole-jig-kit-12-mm-to-48-mm-adjustable-jig-pocket-hole-sy-bxsxkkjjsdpf7781a001v0","BXSXKKJJSDPF7781A001V0","prod_01KPJV9N9E4Z0WYQJMC00V82BE","vevor-pocket-hole-jig-kit-12-mm-to-48-mm-adjustable-jig-pocket-hole-sy-bxsxkkjjsdpf7781a001v0","CREATED"
"prod_01KP6FC9N6820AJ6PBYYVYWYPK","vevor-pocket-hole-jig-kit-12-mm-to-48-mm-adjustable-jig-pocket-hole-sy-bxsxkkjjsdpf7781a001v0","BXSXKKJSLTZSWMW61001V0","prod_01KPJV9NG0S2NYTMVMKDW18PQ5","vevor-pocket-hole-jig-kit-12-7-19-38-1-mm-adjustable-360-rotating-hand-bxsxkkjsltzswmw61001v0","CREATED"
"prod_01KP6FC9YEBAA8210DQ9NK8BPY","vevor-electric-brewing-system-16-gal-60l-brewing-pot-3000w-power-all-i-fsspjnjxtthj1950b001v2","FSSPJNJXT2FTTTFIO001V0","prod_01KPJV9NZS7YY6JGJQ4WVAA2RD","vevor-stainless-steel-conical-fermenter-16-gal-60l-home-brewing-fermen-fsspjnjxt2ftttfio001v0","CREATED"
"prod_01KP6FC9YEBAA8210DQ9NK8BPY","vevor-electric-brewing-system-16-gal-60l-brewing-pot-3000w-power-all-i-fsspjnjxtthj1950b001v2","FSSPJNJXTTHJHBBJM001V2","prod_01KPJV9P5X524WYJG6K0V2BV6G","vevor-electric-brewing-system-8-gal-30l-brewing-pot-home-beer-brewer-3-fsspjnjxtthjhbbjm001v2","CREATED"
"prod_01KP6FC9YEBAA8210DQ9NK8BPY","vevor-electric-brewing-system-16-gal-60l-brewing-pot-3000w-power-all-i-fsspjnjxtthj1950b001v2","FSSPJNJXT2FTG68GV001V0","prod_01KPJV9PC535Z37D8F60EHHZDZ","vevor-stainless-steel-conical-fermenter-8-gal-30l-home-brewing-fermena-fsspjnjxt2ftg68gv001v0","CREATED"
"prod_01KP6FC9YEBAA8210DQ9NK8BPY","vevor-electric-brewing-system-16-gal-60l-brewing-pot-3000w-power-all-i-fsspjnjxtthj1950b001v2","FSSPJNJXTTHJ1950B001V2","prod_01KPJV9PJR6HHFE4CBG8F4GJE4","vevor-electric-brewing-system-16-gal-60l-brewing-pot-3000w-power-all-i-fsspjnjxtthj1950b001v2","CREATED"
"prod_01KP6FCA7D932VYCT16CCFF1X1","vevor-3d-printer-enclosure-with-ventilation-dustproof-waterproof-trans-3ddyjzytwqythd4yy001v9","3DDYJZRTWQWTKNHKO001V9","prod_01KPJV9Q14G88DCQBNXMZMDKV0","vevor-3d-printer-enclosure-dustproof-waterproof-oxford-cloth-3d-printe-3ddyjzrtwqwtknhko001v9","CREATED"
"prod_01KP6FCA7D932VYCT16CCFF1X1","vevor-3d-printer-enclosure-with-ventilation-dustproof-waterproof-trans-3ddyjzytwqythd4yy001v9","3DDYJZRTWQYT5XSNQ001V9","prod_01KPJV9Q7F1JHCA039JVZWGQ2H","vevor-3d-printer-enclosure-with-ventilation-dustproof-waterproof-large-3ddyjzrtwqyt5xsnq001v9","CREATED"
"prod_01KP6FCA7D932VYCT16CCFF1X1","vevor-3d-printer-enclosure-with-ventilation-dustproof-waterproof-trans-3ddyjzytwqythd4yy001v9","3DDYJZRTWQYTRD8OP001V9","prod_01KPJV9QDTH59NC8RQJT1AXRF2","vevor-3d-printer-enclosure-with-ventilation-dustproof-waterproof-oxfor-3ddyjzrtwqytrd8op001v9","CREATED"
"prod_01KP6FCA7D932VYCT16CCFF1X1","vevor-3d-printer-enclosure-with-ventilation-dustproof-waterproof-trans-3ddyjzytwqythd4yy001v9","3DDYJZYTWQYTHD4YY001V9","prod_01KPJV9QM67V3BVXGY7HFCVZB8","vevor-3d-printer-enclosure-with-ventilation-dustproof-waterproof-trans-3ddyjzytwqythd4yy001v9","CREATED"
"prod_01KP6FCA7D932VYCT16CCFF1X1","vevor-3d-printer-enclosure-with-ventilation-dustproof-waterproof-trans-3ddyjzytwqythd4yy001v9","3DDYJZRTWQWTUY5RY001V9","prod_01KPJV9QT8ZW0G52SKP31KKE73","vevor-3d-printer-enclosure-dustproof-waterproof-large-oxford-cloth-3d-3ddyjzrtwqwtuy5ry001v9","CREATED"
"prod_01KP6FCAHHBEY6TBJNZ5QFZ9QH","vevor-monoblock-car-amplifier-3000w-rms-max-1-2-4-ohm-stable-1-channel-qcdsdfdqdlgfv8a3e001v9","QCDSDFDQDLGFV8A3E001V9","prod_01KPJV9R9ECS6MA8F758QH2FS7","vevor-monoblock-car-amplifier-3000w-rms-max-1-2-4-ohm-stable-1-channel-qcdsdfdqdlgfv8a3e001v9","CREATED"
"prod_01KP6FCAHHBEY6TBJNZ5QFZ9QH","vevor-monoblock-car-amplifier-3000w-rms-max-1-2-4-ohm-stable-1-channel-qcdsdfdqdlgfv8a3e001v9","QCDSDFDQDLGF1DFWV001V9","prod_01KPJV9RFJBY5XC3DQV95P20W2","vevor-monoblock-car-amplifier-800w-rms-max-1-2-4-ohm-stable-1-channel-qcdsdfdqdlgf1dfwv001v9","CREATED"
"prod_01KP6FCAHHBEY6TBJNZ5QFZ9QH","vevor-monoblock-car-amplifier-3000w-rms-max-1-2-4-ohm-stable-1-channel-qcdsdfdqdlgfv8a3e001v9","QCDSDFDQDLGFZNYCZ001V9","prod_01KPJV9RP1S9Q08D5B8PZF8P70","vevor-monoblock-car-amplifier-400w-rms-max-1-2-4-ohm-stable-1-channel-qcdsdfdqdlgfznycz001v9","CREATED"
"prod_01KP6FCAHHBEY6TBJNZ5QFZ9QH","vevor-monoblock-car-amplifier-3000w-rms-max-1-2-4-ohm-stable-1-channel-qcdsdfdqdlgfv8a3e001v9","QCDSDFDQDLGFZYK7J001V9","prod_01KPJV9RVV9RJMREJ227V5N6VW","vevor-monoblock-car-amplifier-2000w-rms-max-1-2-4-ohm-stable-1-channel-qcdsdfdqdlgfzyk7j001v9","CREATED"
"prod_01KP6FCAHHBEY6TBJNZ5QFZ9QH","vevor-monoblock-car-amplifier-3000w-rms-max-1-2-4-ohm-stable-1-channel-qcdsdfdqdlgfv8a3e001v9","QCDSDFDQDLGFK79L7001V9","prod_01KPJV9S25ESK0Q6C92GP4GJD2","vevor-monoblock-car-amplifier-1200w-rms-max-1-2-4-ohm-stable-1-channel-qcdsdfdqdlgfk79l7001v9","CREATED"
"prod_01KP6FCAHHBEY6TBJNZ5QFZ9QH","vevor-monoblock-car-amplifier-3000w-rms-max-1-2-4-ohm-stable-1-channel-qcdsdfdqdlgfv8a3e001v9","QCDSDFDQDLGFXXOY0001V9","prod_01KPJV9S84CVZ5KJESH363P0BY","vevor-monoblock-car-amplifier-1500w-rms-max-1-2-4-ohm-stable-1-channel-qcdsdfdqdlgfxxoy0001v9","CREATED"
"prod_01KP6FCAX0F2S1JN0ZQ34KTYKZ","vevor-10-pack-led-high-bay-lights-5000k-200w-30000lm-super-bright-ufo-5000khwd10pctnok2001v2","5000KHWD10PCTNOK2001V2","prod_01KPJV9SNF0VPNRNHHJB8X8YCY","vevor-10-pack-led-high-bay-lights-5000k-200w-30000lm-super-bright-ufo-5000khwd10pctnok2001v2","CREATED"
"prod_01KP6FCAX0F2S1JN0ZQ34KTYKZ","vevor-10-pack-led-high-bay-lights-5000k-200w-30000lm-super-bright-ufo-5000khwd10pctnok2001v2","5000KHWD20PCLRJ3O001V2","prod_01KPJV9STNPVK36RQM0SK2T81P","vevor-20-pack-led-high-bay-lights-5000k-150w-21000lm-super-bright-ufo-5000khwd20pclrj3o001v2","CREATED"
"prod_01KP6FCBDBXEX0YKQBA40RNG1B","vevor-dance-bag-with-garment-rack-736-6-mm-rolling-dance-duffel-with-w-ygmldyjdwdd21novk001v0","YGMLDYJDWDD2JPZI0001V0","prod_01KPJV9T95GNEGXM787G688B2Y","vevor-dance-bag-with-garment-rack-584-2-mm-rolling-dance-duffel-with-w-ygmldyjdwdd2jpzi0001v0","CREATED"
"prod_01KP6FCBDBXEX0YKQBA40RNG1B","vevor-dance-bag-with-garment-rack-736-6-mm-rolling-dance-duffel-with-w-ygmldyjdwdd21novk001v0","YGMLDYJDWDD21NOVK001V0","prod_01KPJV9TFEJ3S01MDZG2NK5XV7","vevor-dance-bag-with-garment-rack-736-6-mm-rolling-dance-duffel-with-w-ygmldyjdwdd21novk001v0","CREATED"
"prod_01KP6FCBMFMVD1NMK607VB24NG","vevor-l-shaped-executive-desk-modern-reversible-office-table-with-draw-xzbgzcfslxxzuq7ev001v0","XZBGZYTSLXXZPEOTC001V0","prod_01KPJV9TZ8YTKHE7QB7FE5EMR2","vevor-l-shaped-executive-desk-large-modern-office-table-with-drawers-a-xzbgzytslxxzpeotc001v0","CREATED"
"prod_01KP6FCBMFMVD1NMK607VB24NG","vevor-l-shaped-executive-desk-modern-reversible-office-table-with-draw-xzbgzcfslxxzuq7ev001v0","XZBGZJXXZZMBE7OT6001V0","prod_01KPJV9V5NVHGZMT3ETR9NY9N6","vevor-63-in-executive-desk-large-modern-rectangle-office-table-heavy-d-xzbgzjxxzzmbe7ot6001v0","CREATED"
"prod_01KP6FCBMFMVD1NMK607VB24NG","vevor-l-shaped-executive-desk-modern-reversible-office-table-with-draw-xzbgzcfslxxzuq7ev001v0","XZBGZYTSLXXZ1A404001V0","prod_01KPJV9VBRXJTM0YF02CE86Z4V","vevor-l-shaped-executive-desk-large-modern-office-table-with-drawers-s-xzbgzytslxxz1a404001v0","CREATED"
"prod_01KP6FCBMFMVD1NMK607VB24NG","vevor-l-shaped-executive-desk-modern-reversible-office-table-with-draw-xzbgzcfslxxzuq7ev001v0","XZBGZCFSLXXZUQ7EV001V0","prod_01KPJV9VJ7HC93M9X4V552VNGE","vevor-l-shaped-executive-desk-modern-reversible-office-table-with-draw-xzbgzcfslxxzuq7ev001v0","CREATED"
"prod_01KP6FCCARX7DC3F61CBTW3MSW","vevor-7-tiers-rotating-shoe-rack-tower-360-spinning-shoe-rack-revolvin-xzxjekwdz7csl7oy5001v0","XZXJEKWDZ5CS2TKI8001V0","prod_01KPJV9W1BMGFSY5Q79Z7E5ZW5","vevor-5-tiers-rotating-shoe-rack-tower-360-spinning-shoe-rack-revolvin-xzxjekwdz5cs2tki8001v0","CREATED"
"prod_01KP6FCCARX7DC3F61CBTW3MSW","vevor-7-tiers-rotating-shoe-rack-tower-360-spinning-shoe-rack-revolvin-xzxjekwdz7csl7oy5001v0","XZXJEKWDZ7CSL7OY5001V0","prod_01KPJV9W7A8TRJ0JSBXKQS6NSM","vevor-7-tiers-rotating-shoe-rack-tower-360-spinning-shoe-rack-revolvin-xzxjekwdz7csl7oy5001v0","CREATED"
"prod_01KP6FCCARX7DC3F61CBTW3MSW","vevor-7-tiers-rotating-shoe-rack-tower-360-spinning-shoe-rack-revolvin-xzxjekwdz7csl7oy5001v0","XZXJEKKDJK7CEU8SI001V0","prod_01KPJV9WDGX7FD6ZJFK675NJJM","vevor-7-tier-rotating-shoe-rack-tower-with-adjustable-shelves-movable-xzxjekkdjk7ceu8si001v0","CREATED"
"prod_01KP6FCCARX7DC3F61CBTW3MSW","vevor-7-tiers-rotating-shoe-rack-tower-360-spinning-shoe-rack-revolvin-xzxjekwdz7csl7oy5001v0","XZXJEKDLK7CSAC5US001V0","prod_01KPJV9WM9A6FM11MHDARZ4NQ1","vevor-7-tiers-rotating-shoe-rack-tower-with-wheels-movable-360-spinnin-xzxjekdlk7csac5us001v0","CREATED"
"prod_01KP6FCCARX7DC3F61CBTW3MSW","vevor-7-tiers-rotating-shoe-rack-tower-360-spinning-shoe-rack-revolvin-xzxjekwdz7csl7oy5001v0","XZXJEKWDZ6CS681CL001V0","prod_01KPJV9WTRXAH6SHJ28ZRBQFMD","vevor-6-tiers-rotating-shoe-rack-tower-360-spinning-shoe-rack-revolvin-xzxjekwdz6cs681cl001v0","CREATED"
"prod_01KP6FCCARX7DC3F61CBTW3MSW","vevor-7-tiers-rotating-shoe-rack-tower-360-spinning-shoe-rack-revolvin-xzxjekwdz7csl7oy5001v0","XZXJEKWDZ7CSTUC9J001V0","prod_01KPJV9X07CAFCTVKCYFPRRNW6","vevor-7-tiers-rotating-shoe-rack-tower-360-spinning-shoe-rack-revolvin-xzxjekwdz7cstuc9j001v0","CREATED"
"prod_01KP6FCCREFFFKEZNFWWKG6RNK","vevor-garage-floor-roll-1-22-x-6-1-m-garage-flooring-mat-3-mm-thickene-xjjzckddxj42afkos001v0","XJJZCKDDXJ42VDDB8001V0","prod_01KPJV9XE4DWM0RAJECBQVXX9V","vevor-garage-floor-roll-1-22-x-7-62-m-garage-flooring-mat-3-mm-thicken-xjjzckddxj42vddb8001v0","CREATED"
"prod_01KP6FCCREFFFKEZNFWWKG6RNK","vevor-garage-floor-roll-1-22-x-6-1-m-garage-flooring-mat-3-mm-thickene-xjjzckddxj42afkos001v0","XJJZCKDDXJ42AFKOS001V0","prod_01KPJV9XMQMF9TZ1W2DHNYH0A4","vevor-garage-floor-roll-1-22-x-6-1-m-garage-flooring-mat-3-mm-thickene-xjjzckddxj42afkos001v0","CREATED"
"prod_01KP6FCD7X7AK7PH51GXEEP0VY","vevor-band-saw-229-mm-woodworking-benchtop-bandsaw-with-373w-1-2-hp-mo-ts05hpds9inc29n5m001v2","TS05HPDS9INC29N5M001V2","prod_01KPJV9Y1NJMMPSXY3VW2XDKZB","vevor-band-saw-229-mm-woodworking-benchtop-bandsaw-with-373w-1-2-hp-mo-ts05hpds9inc29n5m001v2","CREATED"
"prod_01KP6FCD7X7AK7PH51GXEEP0VY","vevor-band-saw-229-mm-woodworking-benchtop-bandsaw-with-373w-1-2-hp-mo-ts05hpds9inc29n5m001v2","TS05HPSS10INGDAGR001V2","prod_01KPJV9Y7T85FHBNEDAMK4EC0R","vevor-band-saw-254-mm-two-speed-benchtop-bandsaw-with-373w-1-2-hp-moto-ts05hpss10ingdagr001v2","CREATED"
"prod_01KP6FCDFA44CM3SRF9S9F72PV","vevor-cordless-pipe-press-tool-kit-18v-electric-pipe-crimping-tool-for-jxcyddyjgjux287po001v9","JXCYDDYJGJUX287PO001V9","prod_01KPJV9YMJMP1JDFKW8063QK4B","vevor-cordless-pipe-press-tool-kit-18v-electric-pipe-crimping-tool-for-jxcyddyjgjux287po001v9","CREATED"
"prod_01KP6FCDFA44CM3SRF9S9F72PV","vevor-cordless-pipe-press-tool-kit-18v-electric-pipe-crimping-tool-for-jxcyddyjgjux287po001v9","JXCYDDYJGJTH9J7OZ001V9","prod_01KPJV9YV2F1YBC3YYPD3EMHDA","vevor-cordless-pipe-press-tool-kit-18v-electric-pipe-crimping-tool-for-jxcyddyjgjth9j7oz001v9","CREATED"
"prod_01KP6FCDYHPPB2P1ZG34QSJXVN","vevor-meat-slicer-180w-electric-deli-slicer-machine-with-170-mm-sharp-drqpjjykbzd6tsy6a001v2","DRQPJJYKBZD7D4LB4001V2","prod_01KPJV9ZAA27GQ4D2X9NCEN8Y3","vevor-meat-slicer-200w-electric-deli-slicer-machine-with-190-mm-sharp-drqpjjykbzd7d4lb4001v2","CREATED"
"prod_01KP6FCDYHPPB2P1ZG34QSJXVN","vevor-meat-slicer-180w-electric-deli-slicer-machine-with-170-mm-sharp-drqpjjykbzd6tsy6a001v2","DRQPJJYKBZD6VTSNK001V2","prod_01KPJV9ZGK6PGMFYFS1R02HHQM","vevor-meat-slicer-150w-electric-deli-slicer-machine-with-170-mm-sharp-drqpjjykbzd6vtsnk001v2","CREATED"
"prod_01KP6FCDYHPPB2P1ZG34QSJXVN","vevor-meat-slicer-180w-electric-deli-slicer-machine-with-170-mm-sharp-drqpjjykbzd6tsy6a001v2","DRQPJJYKBZD6TSY6A001V2","prod_01KPJV9ZQ30K5WTZ3CSYXB8RJN","vevor-meat-slicer-180w-electric-deli-slicer-machine-with-170-mm-sharp-drqpjjykbzd6tsy6a001v2","CREATED"
"prod_01KP6FCEMZ6EG56VEK6B0SBDVP","vevor-electric-paper-cutter-metal-hydraulic-paper-cutter-machine-660-m-ddqzjskyyqzjj6qn6001v2","DDQZJSKYYQZJJ6QN6001V2","prod_01KPJVA063T3GB9VWHAT2W64W2","vevor-electric-paper-cutter-metal-hydraulic-paper-cutter-machine-660-m-ddqzjskyyqzjj6qn6001v2","CREATED"
"prod_01KP6FCEMZ6EG56VEK6B0SBDVP","vevor-electric-paper-cutter-metal-hydraulic-paper-cutter-machine-660-m-ddqzjskyyqzjj6qn6001v2","DDQZJSKDDQZJYNDFC001V2","prod_01KPJVA0CEWV5Q649FE5ZGCGN0","vevor-electric-paper-cutter-heavy-duty-metal-paper-cutter-machine-450-ddqzjskddqzjyndfc001v2","CREATED"
"prod_01KP6FCEMZ6EG56VEK6B0SBDVP","vevor-electric-paper-cutter-metal-hydraulic-paper-cutter-machine-660-m-ddqzjskyyqzjj6qn6001v2","DDQZJSKBCKDDWXZSU001V2","prod_01KPJVA0JX45TF7CQ81S8VHKC9","vevor-electric-paper-cutter-metal-programmable-paper-cutter-machine-45-ddqzjskbckddwxzsu001v2","CREATED"
"prod_01KP6FCEWR2XSCQQ515G7AZ1F6","vevor-carpet-tiles-457x457-mm-10-pack-carpet-square-rug-detachable-dam-zzfkdtx1818i3eisj001v0","ZZFKDTX1818IR8NZ9001V0","prod_01KPJVA10YS39ATCAT32N7FPGD","vevor-carpet-tiles-457x457-mm-10-pack-carpet-square-rug-detachable-dam-zzfkdtx1818ir8nz9001v0","CREATED"
"prod_01KP6FCEWR2XSCQQ515G7AZ1F6","vevor-carpet-tiles-457x457-mm-10-pack-carpet-square-rug-detachable-dam-zzfkdtx1818i3eisj001v0","ZZFKDTX1818I3EISJ001V0","prod_01KPJVA17DRKV7TNFCH9WSR3Q1","vevor-carpet-tiles-457x457-mm-10-pack-carpet-square-rug-detachable-dam-zzfkdtx1818i3eisj001v0","CREATED"
"prod_01KP6FCF3NVW4W9MDWJYGGAW6Y","vevor-3-drawer-rattan-dresser-modern-closet-dresser-for-bedroom-natura-sljyxtbctjdlpgt2z001v0","SLJYXTBCTJLLHTKHL001V0","prod_01KPJVA1NRTYA4HXTZ0GPG2ACD","vevor-6-drawer-rattan-dresser-double-dresser-for-bedroom-natural-ratta-sljyxtbctjllhtkhl001v0","CREATED"
"prod_01KP6FCF3NVW4W9MDWJYGGAW6Y","vevor-3-drawer-rattan-dresser-modern-closet-dresser-for-bedroom-natura-sljyxtbctjdlpgt2z001v0","SLJYXTBCTJDLI1F6N001V0","prod_01KPJVA1VV99D75MGSPFN0DRRD","vevor-5-drawer-rattan-dresser-modern-closet-dresser-for-bedroom-natura-sljyxtbctjdli1f6n001v0","CREATED"
"prod_01KP6FCF3NVW4W9MDWJYGGAW6Y","vevor-3-drawer-rattan-dresser-modern-closet-dresser-for-bedroom-natura-sljyxtbctjdlpgt2z001v0","SLJYXTBCTJLL7TYI0001V0","prod_01KPJVA22DK1HYFSBFBNP7CVKB","vevor-6-drawer-rattan-dresser-double-dresser-for-bedroom-natural-ratta-sljyxtbctjll7tyi0001v0","CREATED"
"prod_01KP6FCF3NVW4W9MDWJYGGAW6Y","vevor-3-drawer-rattan-dresser-modern-closet-dresser-for-bedroom-natura-sljyxtbctjdlpgt2z001v0","SLJYXTBCTJLCYOP2W001V0","prod_01KPJVA291KJ0231QHDPQ85H2R","vevor-6-drawer-rattan-dresser-double-dresser-for-bedroom-natural-ratta-sljyxtbctjlcyop2w001v0","CREATED"
"prod_01KP6FCF3NVW4W9MDWJYGGAW6Y","vevor-3-drawer-rattan-dresser-modern-closet-dresser-for-bedroom-natura-sljyxtbctjdlpgt2z001v0","SLJYXTBCTJDLPGT2Z001V0","prod_01KPJVA2FMF4JT3ZMS2RQMYZH8","vevor-3-drawer-rattan-dresser-modern-closet-dresser-for-bedroom-natura-sljyxtbctjdlpgt2z001v0","CREATED"
"prod_01KP6FCFDMVRX6APRDNY09XCVN","vevor-160-cm-console-table-farmhouse-desk-behind-the-couch-wooden-rect-bsxgzeknsfdchp2kx001v0","BSXGZEKNSFDCHP2KX001V0","prod_01KPJVA2ZRWZS1BGHBNA2RAANF","vevor-160-cm-console-table-farmhouse-desk-behind-the-couch-wooden-rect-bsxgzeknsfdchp2kx001v0","CREATED"
"prod_01KP6FCFDMVRX6APRDNY09XCVN","vevor-160-cm-console-table-farmhouse-desk-behind-the-couch-wooden-rect-bsxgzeknsfdchp2kx001v0","BSXGZEKXDFDC2HZOH001V0","prod_01KPJVA35R8FSPB741H8SMESRV","vevor-91-5-cm-console-table-modern-desk-behind-the-couch-wooden-rectan-bsxgzekxdfdc2hzoh001v0","CREATED"
"prod_01KP6FCFDMVRX6APRDNY09XCVN","vevor-160-cm-console-table-farmhouse-desk-behind-the-couch-wooden-rect-bsxgzeknsfdchp2kx001v0","BSXGZEKXDFDCWO7G0001V0","prod_01KPJVA3B6TMFGE38W4633ZGTK","vevor-100-cm-gold-console-table-modern-desk-behind-the-couch-wood-rect-bsxgzekxdfdcwo7g0001v0","CREATED"
"prod_01KP6FCFDMVRX6APRDNY09XCVN","vevor-160-cm-console-table-farmhouse-desk-behind-the-couch-wooden-rect-bsxgzeknsfdchp2kx001v0","BSXGZEKNSFCTN6JPE001V0","prod_01KPJVA3H98ZYFRQ2FWM4YHZF0","vevor-120-cm-console-table-farmhouse-desk-behind-the-couch-with-drawer-bsxgzeknsfctn6jpe001v0","CREATED"
"prod_01KP6FCFDMVRX6APRDNY09XCVN","vevor-160-cm-console-table-farmhouse-desk-behind-the-couch-wooden-rect-bsxgzeknsfdchp2kx001v0","BSXGZEKNSFCTTF2IY001V0","prod_01KPJVA3QVE4P48TM7N3KGX5CH","vevor-120-cm-console-table-farmhouse-desk-behind-the-couch-with-drawer-bsxgzeknsfcttf2iy001v0","CREATED"
"prod_01KP6FCFDMVRX6APRDNY09XCVN","vevor-160-cm-console-table-farmhouse-desk-behind-the-couch-wooden-rect-bsxgzeknsfdchp2kx001v0","BSXGZEKXDFDCVS4X2001V0","prod_01KPJVA3YA9GCD1J7G4YGFHRW7","vevor-140-cm-console-table-modern-desk-behind-the-couch-wooden-rectang-bsxgzekxdfdcvs4x2001v0","CREATED"
"prod_01KP6FCFDMVRX6APRDNY09XCVN","vevor-160-cm-console-table-farmhouse-desk-behind-the-couch-wooden-rect-bsxgzeknsfdchp2kx001v0","BSXGZEKXDFDCFPA8Z001V0","prod_01KPJVA44YHVMHREK87F8M2W4E","vevor-91-5-cm-console-table-modern-desk-behind-the-couch-wooden-rectan-bsxgzekxdfdcfpa8z001v0","CREATED"
"prod_01KP6FCFDMVRX6APRDNY09XCVN","vevor-160-cm-console-table-farmhouse-desk-behind-the-couch-wooden-rect-bsxgzeknsfdchp2kx001v0","BSXGZEKXDFDCSG0Y6001V0","prod_01KPJVA4AXAD4TARKW24MMR91E","vevor-118-cm-console-table-modern-desk-behind-the-couch-wooden-rectang-bsxgzekxdfdcsg0y6001v0","CREATED"
"prod_01KP6FCFDMVRX6APRDNY09XCVN","vevor-160-cm-console-table-farmhouse-desk-behind-the-couch-wooden-rect-bsxgzeknsfdchp2kx001v0","BSXGZEKNSFDC9VF7M001V0","prod_01KPJVA4HD24EHKPXER4GBZ580","vevor-160-cm-console-table-farmhouse-desk-behind-the-couch-wooden-rect-bsxgzeknsfdc9vf7m001v0","CREATED"
"prod_01KP6FCG5NWVRWG7CX6GW8ZME7","vevor-vacuum-pump-5-cfm-142-l-min-hvac-two-stage-rotary-vane-ac-vacuum-xpszkbsj12hpdkh2d001v2","XPSZKBSJ34HPI081I001V2","prod_01KPJVA5092ZJR9MRGSSJKJ06B","vevor-vacuum-pump-7-cfm-198-l-min-hvac-two-stage-rotary-vane-ac-vacuum-xpszkbsj34hpi081i001v2","CREATED"
"prod_01KP6FCG5NWVRWG7CX6GW8ZME7","vevor-vacuum-pump-5-cfm-142-l-min-hvac-two-stage-rotary-vane-ac-vacuum-xpszkbsj12hpdkh2d001v2","XPSZKBSJ12HPDKH2D001V2","prod_01KPJVA56J1EDREV1F3JPTTR9K","vevor-vacuum-pump-5-cfm-142-l-min-hvac-two-stage-rotary-vane-ac-vacuum-xpszkbsj12hpdkh2d001v2","CREATED"
"prod_01KP6FCG5NWVRWG7CX6GW8ZME7","vevor-vacuum-pump-5-cfm-142-l-min-hvac-two-stage-rotary-vane-ac-vacuum-xpszkbsj12hpdkh2d001v2","XPSZKBDJ14HP5A31D001V2","prod_01KPJVA5CSZ17383XCC4F92FDJ","vevor-vacuum-pump-3-5-cfm-99-l-min-hvac-single-stage-rotary-vane-ac-va-xpszkbdj14hp5a31d001v2","CREATED"
"prod_01KP6FCGNYBFFTZNDGKAW88X12","vevor-11-36-l-vacuum-chamber-with-pump-3-5-cfm-99-l-min-single-stage-v-zkbyzkttzdj1c7iaj001v2","ZKBYZKTTZDJ1B45UM001V2","prod_01KPJVA5TXVZV4RYBPSNQY2KQG","vevor-18-93-l-vacuum-chamber-with-pump-3-5-cfm-99-l-min-single-stage-v-zkbyzkttzdj1b45um001v2","CREATED"
"prod_01KP6FCGNYBFFTZNDGKAW88X12","vevor-11-36-l-vacuum-chamber-with-pump-3-5-cfm-99-l-min-single-stage-v-zkbyzkttzdj1c7iaj001v2","ZKBYZKTTZDJ1C7IAJ001V2","prod_01KPJVA60Z9DHR87T6MENRG2NP","vevor-11-36-l-vacuum-chamber-with-pump-3-5-cfm-99-l-min-single-stage-v-zkbyzkttzdj1c7iaj001v2","CREATED"
"prod_01KP6FCGZ0TF851F65CQM1EW0W","vevor-ac-vacuum-pump-and-gauge-set-4-5-cfm-127-l-min-single-stage-rota-zkbkdtzdj13h9r4co001v2","ZKBKDTZDJ13H9R4CO001V2","prod_01KPJVA6FN17X9ESZE284MTVJQ","vevor-ac-vacuum-pump-and-gauge-set-4-5-cfm-127-l-min-single-stage-rota-zkbkdtzdj13h9r4co001v2","CREATED"
"prod_01KP6FCGZ0TF851F65CQM1EW0W","vevor-ac-vacuum-pump-and-gauge-set-4-5-cfm-127-l-min-single-stage-rota-zkbkdtzdj13h9r4co001v2","ZKBKDTZSJ34HXMFFL001V2","prod_01KPJVA6NZG13GEG98SEB3FZ93","vevor-ac-vacuum-pump-and-gauge-set-7-cfm-198-l-min-two-stage-rotary-va-zkbkdtzsj34hxmffl001v2","CREATED"
"prod_01KP6FCGZ0TF851F65CQM1EW0W","vevor-ac-vacuum-pump-and-gauge-set-4-5-cfm-127-l-min-single-stage-rota-zkbkdtzdj13h9r4co001v2","ZKBKDTZDJ14HUK1RJ001V2","prod_01KPJVA6W6YQK49VG2ADHJX1K6","vevor-ac-vacuum-pump-and-gauge-set-3-5-cfm-99-l-min-single-stage-rotar-zkbkdtzdj14huk1rj001v2","CREATED"
"prod_01KP6FCH6R038E0Y60EW3MHHVC","vevor-aerial-yoga-hammock-136-07-kg-load-aerial-silk-yoga-swing-with-n-ggdc2815mcshuqj1c001v0","GGDC2815MCSQZ3CFY001V0","prod_01KPJVA7C4BP9RV010JRGR2XY5","vevor-aerial-yoga-hammock-maximum-136-07-kg-load-aerial-silk-yoga-swin-ggdc2815mcsqz3cfy001v0","CREATED"
"prod_01KP6FCH6R038E0Y60EW3MHHVC","vevor-aerial-yoga-hammock-136-07-kg-load-aerial-silk-yoga-swing-with-n-ggdc2815mcshuqj1c001v0","GGDC2815MCSHUQJ1C001V0","prod_01KPJVA7J8AW27Z85E9G535XX8","vevor-aerial-yoga-hammock-136-07-kg-load-aerial-silk-yoga-swing-with-n-ggdc2815mcshuqj1c001v0","CREATED"
"prod_01KP6FCH6R038E0Y60EW3MHHVC","vevor-aerial-yoga-hammock-136-07-kg-load-aerial-silk-yoga-swing-with-n-ggdc2815mcshuqj1c001v0","GGDC1515MJBL0SKMY001V0","prod_01KPJVA7RNEARPN54SV7V493YN","vevor-sensory-swing-double-layer-fabric-sensorys-hammock-indoor-outdoo-ggdc1515mjbl0skmy001v0","CREATED"
"prod_01KP6FCH6R038E0Y60EW3MHHVC","vevor-aerial-yoga-hammock-136-07-kg-load-aerial-silk-yoga-swing-with-n-ggdc2815mcshuqj1c001v0","GGDC1515MHSLDEDLP001V0","prod_01KPJVA7Y44GVER9WP35R9M07A","vevor-sensory-swing-double-layer-fabric-sensorys-hammock-indoor-outdoo-ggdc1515mhsldedlp001v0","CREATED"
"prod_01KP6FCHFX3MR8YE0P4RYFE89C","vevor-steering-wheel-for-2008-2020-nissan-370z-carbon-fiber-steering-w-qcfxpzyrc370a9ni5001v0","QCFXPZYTSL32I3O9A001V9","prod_01KPJVA8DW5E52S8WNNJ2675CN","vevor-steering-wheel-for-2016-2023-tesla-model-3-carbon-fiber-steering-qcfxpzytsl32i3o9a001v9","CREATED"
"prod_01KP6FCHFX3MR8YE0P4RYFE89C","vevor-steering-wheel-for-2008-2020-nissan-370z-carbon-fiber-steering-w-qcfxpzyrc370a9ni5001v0","QCFXPZYRC370A9NI5001V0","prod_01KPJVA8M75JZEKB07YSP2T659","vevor-steering-wheel-for-2008-2020-nissan-370z-carbon-fiber-steering-w-qcfxpzyrc370a9ni5001v0","CREATED"
"prod_01KP6FCHFX3MR8YE0P4RYFE89C","vevor-steering-wheel-for-2008-2020-nissan-370z-carbon-fiber-steering-w-qcfxpzyrc370a9ni5001v0","QCFXPZYTSL3286SO4001V9","prod_01KPJVA8TGS6KXDGBHPD6GT2P9","vevor-steering-wheel-for-2016-2023-tesla-model-3-carbon-fiber-steering-qcfxpzytsl3286so4001v9","CREATED"
"prod_01KP6FCHFX3MR8YE0P4RYFE89C","vevor-steering-wheel-for-2008-2020-nissan-370z-carbon-fiber-steering-w-qcfxpzyrc370a9ni5001v0","QCFXPZYYFNDG24LP6001V0","prod_01KPJVA91413G0H4AC3N2HDZD1","vevor-steering-wheel-for-2007-2013-infiniti-g37-carbon-fiber-steering-qcfxpzyyfndg24lp6001v0","CREATED"
"prod_01KP6FCHSAGCSX0VCPG5SKCX2H","vevor-vacuum-suction-cup-203-mm-vacuum-glass-lifter-with-metal-handle-sdxp8yc275bjbhp02001v0","SDXP8YC240BAN6023001V0","prod_01KPJVA9GEXV1QSVCJ5J761JWQ","vevor-vacuum-suction-cup-203-mm-vacuum-glass-lifter-with-abs-handle-18-sdxp8yc240ban6023001v0","CREATED"
"prod_01KP6FCHSAGCSX0VCPG5SKCX2H","vevor-vacuum-suction-cup-203-mm-vacuum-glass-lifter-with-metal-handle-sdxp8yc275bjbhp02001v0","SDXP8YC240BA2HI23001V0","prod_01KPJVA9PXVTF6RK19JNWC0B61","vevor-vacuum-suction-cup-203-mm-vacuum-glass-lifter-with-abs-handle-18-sdxp8yc240ba2hi23001v0","CREATED"
"prod_01KP6FCHSAGCSX0VCPG5SKCX2H","vevor-vacuum-suction-cup-203-mm-vacuum-glass-lifter-with-metal-handle-sdxp8yc275bjbhp02001v0","SDXP8YC275BJBHP02001V0","prod_01KPJVA9XD5FFP44FQFY4DH1SH","vevor-vacuum-suction-cup-203-mm-vacuum-glass-lifter-with-metal-handle-sdxp8yc275bjbhp02001v0","CREATED"
"prod_01KP6FCJ8K7C052TJGWMWTMVH3","vevor-skincare-water-filter-faucet-mount-water-filters-with-micro-nano-mrhfxlsltlsqs1o7n001v0","MRHFXLSLTLSQS1O7N001V0","prod_01KPJVAAB7GXP3BCCH62H6CKNN","vevor-skincare-water-filter-faucet-mount-water-filters-with-micro-nano-mrhfxlsltlsqs1o7n001v0","CREATED"
"prod_01KP6FCJ8K7C052TJGWMWTMVH3","vevor-skincare-water-filter-faucet-mount-water-filters-with-micro-nano-mrhfxlsltlsqs1o7n001v0","MRHFXLSLTLSQXP14D001V0","prod_01KPJVAAHCCAFS53XZGGANKQVC","vevor-skincare-water-filter-faucet-mount-water-filters-with-micro-nano-mrhfxlsltlsqxp14d001v0","CREATED"
"prod_01KP6FCJPE2ZBR86HBF8ND1EYR","vevor-core-drill-bit-102-mm-diameter-241-mm-drilling-depth-m16-interna-qxzt1jm164indz42q001v0","QXZTSS114YC7O71RJ001V0","prod_01KPJVAB5T9J0AWTH6FY77CAEQ","vevor-core-drill-bit-89-mm-diameter-356-mm-drilling-depth-1-1-4-in-7-i-qxztss114yc7o71rj001v0","CREATED"
"prod_01KP6FCJPE2ZBR86HBF8ND1EYR","vevor-core-drill-bit-102-mm-diameter-241-mm-drilling-depth-m16-interna-qxzt1jm164indz42q001v0","QXZTSS114YC7XU2LP001V0","prod_01KPJVABB42PEQA5H5EY98AZ2M","vevor-core-drill-bit-203-mm-diameter-356-mm-drilling-depth-1-1-4-in-7-qxztss114yc7xu2lp001v0","CREATED"
"prod_01KP6FCJPE2ZBR86HBF8ND1EYR","vevor-core-drill-bit-102-mm-diameter-241-mm-drilling-depth-m16-interna-qxzt1jm164indz42q001v0","QXZT1JM161INOJHZT001V0","prod_01KPJVABHB008NYQPRZ269DR66","vevor-core-drill-bit-25-mm-diameter-241-mm-drilling-depth-m16-internal-qxzt1jm161inojhzt001v0","CREATED"
"prod_01KP6FCJPE2ZBR86HBF8ND1EYR","vevor-core-drill-bit-102-mm-diameter-241-mm-drilling-depth-m16-interna-qxzt1jm164indz42q001v0","QXZTSS114YC7Z6TKK001V0","prod_01KPJVABQR71NGS0VPAH8DT6F9","vevor-core-drill-bit-114-mm-diameter-356-mm-drilling-depth-1-1-4-in-7-qxztss114yc7z6tkk001v0","CREATED"
"prod_01KP6FCJPE2ZBR86HBF8ND1EYR","vevor-core-drill-bit-102-mm-diameter-241-mm-drilling-depth-m16-interna-qxzt1jm164indz42q001v0","QXZTSS114YC7U5R2N001V0","prod_01KPJVABYAQYT025DGGRBC5ED1","vevor-core-drill-bit-76-mm-diameter-356-mm-drilling-depth-1-1-4-in-7-i-qxztss114yc7u5r2n001v0","CREATED"
"prod_01KP6FCJPE2ZBR86HBF8ND1EYR","vevor-core-drill-bit-102-mm-diameter-241-mm-drilling-depth-m16-interna-qxzt1jm164indz42q001v0","QXZTSS114YC7VP1JU001V0","prod_01KPJVAC4EF7789QN00FYQ0BDP","vevor-core-drill-bit-102-mm-diameter-356-mm-drilling-depth-1-1-4-in-7-qxztss114yc7vp1ju001v0","CREATED"
"prod_01KP6FCJPE2ZBR86HBF8ND1EYR","vevor-core-drill-bit-102-mm-diameter-241-mm-drilling-depth-m16-interna-qxzt1jm164indz42q001v0","QXZTSS114YC7JVJEI001V0","prod_01KPJVACB008DH8R9FR42T6C51","vevor-core-drill-bit-6-pieces-25-4-50-8-76-2-101-6-127-0-152-4-mm-diam-qxztss114yc7jvjei001v0","CREATED"
"prod_01KP6FCJPE2ZBR86HBF8ND1EYR","vevor-core-drill-bit-102-mm-diameter-241-mm-drilling-depth-m16-interna-qxzt1jm164indz42q001v0","QXZTSS114YC7JE2FZ001V0","prod_01KPJVACH7PAS75D2GKK65SN8K","vevor-core-drill-bit-127-mm-diameter-356-mm-drilling-depth-1-1-4-in-7-qxztss114yc7je2fz001v0","CREATED"
"prod_01KP6FCJPE2ZBR86HBF8ND1EYR","vevor-core-drill-bit-102-mm-diameter-241-mm-drilling-depth-m16-interna-qxzt1jm164indz42q001v0","QXZT1JM164INDZ42Q001V0","prod_01KPJVACQHSEAA71QSFMFSKQ6Z","vevor-core-drill-bit-102-mm-diameter-241-mm-drilling-depth-m16-interna-qxzt1jm164indz42q001v0","CREATED"
"prod_01KP6FCJPE2ZBR86HBF8ND1EYR","vevor-core-drill-bit-102-mm-diameter-241-mm-drilling-depth-m16-interna-qxzt1jm164indz42q001v0","QXZT1JM162INDM0WL001V0","prod_01KPJVACY5P28R080SXDB9RP7S","vevor-core-drill-bit-51-mm-diameter-241-mm-drilling-depth-m16-internal-qxzt1jm162indm0wl001v0","CREATED"
"prod_01KP6FCJPE2ZBR86HBF8ND1EYR","vevor-core-drill-bit-102-mm-diameter-241-mm-drilling-depth-m16-interna-qxzt1jm164indz42q001v0","QXZT1JM162121AYK2001V0","prod_01KPJVAD4H8GKB83MTTQXJ22FV","vevor-core-drill-bit-64-mm-diameter-241-mm-drilling-depth-m16-internal-qxzt1jm162121ayk2001v0","CREATED"
"prod_01KP6FCJPE2ZBR86HBF8ND1EYR","vevor-core-drill-bit-102-mm-diameter-241-mm-drilling-depth-m16-interna-qxzt1jm164indz42q001v0","QXZTSS114YC7PPG8E001V0","prod_01KPJVADB2XDHAR3FNXPC0QKY9","vevor-core-drill-bit-38-mm-diameter-356-mm-drilling-depth-1-1-4-in-7-i-qxztss114yc7ppg8e001v0","CREATED"
"prod_01KP6FCJPE2ZBR86HBF8ND1EYR","vevor-core-drill-bit-102-mm-diameter-241-mm-drilling-depth-m16-interna-qxzt1jm164indz42q001v0","QXZT1JM1611282C68001V0","prod_01KPJVADH3K10Z4JWX0FGRRJWF","vevor-core-drill-bit-38-mm-diameter-241-mm-drilling-depth-m16-internal-qxzt1jm1611282c68001v0","CREATED"
"prod_01KP6FCJPE2ZBR86HBF8ND1EYR","vevor-core-drill-bit-102-mm-diameter-241-mm-drilling-depth-m16-interna-qxzt1jm164indz42q001v0","QXZTSS114YC7L69PO001V0","prod_01KPJVADQ1VG1M9KW1AT5YRFH2","vevor-core-drill-bit-63-5-mm-diameter-356-mm-drilling-depth-1-1-4-in-7-qxztss114yc7l69po001v0","CREATED"
"prod_01KP6FCKH35XBWQX8PHK4VSYY0","vevor-carbon-dioxide-monitor-co2-controller-with-temperature-and-humid-eyhtjcqeyhtjp8me5001v9","EYHTJCQEYHTJ84JIU001V9","prod_01KPJVAE5QKJ363YBA1BCQQHF8","vevor-carbon-dioxide-monitor-co2-controller-with-temperature-and-humid-eyhtjcqeyhtj84jiu001v9","CREATED"
"prod_01KP6FCKH35XBWQX8PHK4VSYY0","vevor-carbon-dioxide-monitor-co2-controller-with-temperature-and-humid-eyhtjcqeyhtjp8me5001v9","EYHTJCQEYHTJP8ME5001V9","prod_01KPJVAEAZPT8AFT59XJHWFKES","vevor-carbon-dioxide-monitor-co2-controller-with-temperature-and-humid-eyhtjcqeyhtjp8me5001v9","CREATED"
"prod_01KP6FCKH35XBWQX8PHK4VSYY0","vevor-carbon-dioxide-monitor-co2-controller-with-temperature-and-humid-eyhtjcqeyhtjp8me5001v9","EYHTJCQEYHTJ6E2DT001V9","prod_01KPJVAEH99DVBHMAYG5GYMM9M","vevor-carbon-dioxide-monitor-co2-controller-with-temperature-and-humid-eyhtjcqeyhtj6e2dt001v9","CREATED"
"prod_01KP6FCKSAG0HZ886RJER04YP1","vevor-garden-stakes-50-pack-1455-mm-plastic-coated-metal-tomato-stakes-zwzchyz15m11vikzd001v0","ZWZCHYZ18M161CTPI001V0","prod_01KPJVAF0SGF5JHZG3AA25BM68","vevor-garden-stakes-15-pack-1705-mm-plastic-coated-metal-tomato-stakes-zwzchyz18m161ctpi001v0","CREATED"
"prod_01KP6FCKSAG0HZ886RJER04YP1","vevor-garden-stakes-50-pack-1455-mm-plastic-coated-metal-tomato-stakes-zwzchyz15m11vikzd001v0","ZWZCHYZ12M11ZDALY001V0","prod_01KPJVAF6ZYYJ2PRDDSRXWG5GN","vevor-garden-stakes-50-pack-1170-mm-plastic-coated-metal-tomato-stakes-zwzchyz12m11zdaly001v0","CREATED"
"prod_01KP6FCKSAG0HZ886RJER04YP1","vevor-garden-stakes-50-pack-1455-mm-plastic-coated-metal-tomato-stakes-zwzchyz15m11vikzd001v0","ZWZCHYZ21M11RIJBP001V0","prod_01KPJVAFD500X9JWYG9B4XXGS3","vevor-garden-stakes-25-pack-2100-mm-plastic-coated-metal-tomato-stakes-zwzchyz21m11rijbp001v0","CREATED"
"prod_01KP6FCKSAG0HZ886RJER04YP1","vevor-garden-stakes-50-pack-1455-mm-plastic-coated-metal-tomato-stakes-zwzchyz15m11vikzd001v0","ZWZCHYZ15M11VIKZD001V0","prod_01KPJVAFKQE7JPF6DD22R8QFXZ","vevor-garden-stakes-50-pack-1455-mm-plastic-coated-metal-tomato-stakes-zwzchyz15m11vikzd001v0","CREATED"
"prod_01KP6FCKSAG0HZ886RJER04YP1","vevor-garden-stakes-50-pack-1455-mm-plastic-coated-metal-tomato-stakes-zwzchyz15m11vikzd001v0","ZWZCHYZ18M118QM4M001V0","prod_01KPJVAFTQBV91WM6JSHSYN697","vevor-garden-stakes-25-pack-1800-mm-plastic-coated-metal-tomato-stakes-zwzchyz18m118qm4m001v0","CREATED"
"prod_01KP6FCKSAG0HZ886RJER04YP1","vevor-garden-stakes-50-pack-1455-mm-plastic-coated-metal-tomato-stakes-zwzchyz15m11vikzd001v0","ZWZCHYZ18M11PMIR5001V0","prod_01KPJVAG0ZRDS9M9FNS6070QF1","vevor-garden-stakes-50-pack-1800-mm-plastic-coated-metal-tomato-stakes-zwzchyz18m11pmir5001v0","CREATED"
"prod_01KP6FCM76CNWXC881D6N55Q7Y","vevor-10l-ultrasonic-cleaner-professional-ultrasonic-cleaner-machine-w-splxnajkzcsbzek8b001v2","SPLXNAJKZCSB004JK001V2","prod_01KPJVAGG9D9DN0ZB4E1P29TBJ","vevor-3l-ultrasonic-cleaner-professional-ultrasonic-cleaner-machine-wi-splxnajkzcsb004jk001v2","CREATED"
"prod_01KP6FCM76CNWXC881D6N55Q7Y","vevor-10l-ultrasonic-cleaner-professional-ultrasonic-cleaner-machine-w-splxnajkzcsbzek8b001v2","SPLXNAJKZCSB8NCQI001V2","prod_01KPJVAGPN7YHVA5VQ3WTJATKN","vevor-6l-ultrasonic-cleaner-professional-ultrasonic-cleaner-machine-wi-splxnajkzcsb8ncqi001v2","CREATED"
"prod_01KP6FCM76CNWXC881D6N55Q7Y","vevor-10l-ultrasonic-cleaner-professional-ultrasonic-cleaner-machine-w-splxnajkzcsbzek8b001v2","SPLXNAJKZCSBZEK8B001V2","prod_01KPJVAGXADF99NBHMAG7V9GP3","vevor-10l-ultrasonic-cleaner-professional-ultrasonic-cleaner-machine-w-splxnajkzcsbzek8b001v2","CREATED"
"prod_01KP6FCM76CNWXC881D6N55Q7Y","vevor-10l-ultrasonic-cleaner-professional-ultrasonic-cleaner-machine-w-splxnajkzcsbzek8b001v2","SPLXNAJKZCSBWD6B9001V2","prod_01KPJVAH3V6FWHMQMT6CP15803","vevor-30l-ultrasonic-cleaner-professional-ultrasonic-cleaner-machine-w-splxnajkzcsbwd6b9001v2","CREATED"
"prod_01KP6FCMGM3HGTKF39MQ92V56E","vevor-round-bale-hay-net-1-8-x-1-8-x-1-8-m-42-x-42-mm-holes-pe-materia-mgcwzwywjw66e1c3u001v0","MGCWZWYWJW55CVLAE001V0","prod_01KPJVAHHR1PD8YHMMWDK0TWJS","vevor-round-bale-hay-net-1-5-x-1-5-x-1-5-m-42-x-42-mm-holes-pe-materia-mgcwzwywjw55cvlae001v0","CREATED"
"prod_01KP6FCMGM3HGTKF39MQ92V56E","vevor-round-bale-hay-net-1-8-x-1-8-x-1-8-m-42-x-42-mm-holes-pe-materia-mgcwzwywjw66e1c3u001v0","MGCWZWYWJW66E1C3U001V0","prod_01KPJVAHQ3V0G3VP68E248Z02P","vevor-round-bale-hay-net-1-8-x-1-8-x-1-8-m-42-x-42-mm-holes-pe-materia-mgcwzwywjw66e1c3u001v0","CREATED"
"prod_01KP6FCMGM3HGTKF39MQ92V56E","vevor-round-bale-hay-net-1-8-x-1-8-x-1-8-m-42-x-42-mm-holes-pe-materia-mgcwzwywjw66e1c3u001v0","MGCWXWYWJW55YJ3VH001V0","prod_01KPJVAHXES0AH2WHG4FBGMMWC","vevor-round-bale-hay-net-1-5-x-1-5-x-1-5-m-38-1-x-38-1-mm-holes-pe-mat-mgcwxwywjw55yj3vh001v0","CREATED"
"prod_01KP6FCMGM3HGTKF39MQ92V56E","vevor-round-bale-hay-net-1-8-x-1-8-x-1-8-m-42-x-42-mm-holes-pe-materia-mgcwzwywjw66e1c3u001v0","MGCWXWYYJW3FREE5U001V0","prod_01KPJVAJ32STAT9CGQ7JERGG01","vevor-hay-nets-for-horses-4pcs-0-9-m-extended-length-38-x-38-mm-holes-mgcwxwyyjw3free5u001v0","CREATED"
"prod_01KP6FCMGM3HGTKF39MQ92V56E","vevor-round-bale-hay-net-1-8-x-1-8-x-1-8-m-42-x-42-mm-holes-pe-materia-mgcwzwywjw66e1c3u001v0","MGCWZWYYJW55TJWBB001V0","prod_01KPJVAJ9Q2G58D379D1F742ZV","vevor-round-bale-hay-net-1-5-x-1-5-x-1-5-m-44-45-x-44-45-mm-holes-pe-m-mgcwzwyyjw55tjwbb001v0","CREATED"
"prod_01KP6FCMGM3HGTKF39MQ92V56E","vevor-round-bale-hay-net-1-8-x-1-8-x-1-8-m-42-x-42-mm-holes-pe-materia-mgcwzwywjw66e1c3u001v0","MGCWXWYWJW669QY4O001V0","prod_01KPJVAJGBE88SQSXYZXSYMX2N","vevor-round-bale-hay-net-1-8-x-1-8-x-1-8-m-38-1-x-38-1-mm-holes-pe-mat-mgcwxwywjw669qy4o001v0","CREATED"
"prod_01KP6FCMYAHGYY07M1HJM6QX28","vevor-pool-rail-137-1-x-81-3-cm-pool-handrail-100kg-load-capacity-heav-jhwycfsym543lpjga001v0","JHWYCFSYM483K9XJA001V0","prod_01KPJVAJXZ5CZ22HZ6DAWRCP1R","vevor-pool-rail-122-x-81-3-cm-pool-handrail-100kg-load-capacity-heavy-jhwycfsym483k9xja001v0","CREATED"
"prod_01KP6FCMYAHGYY07M1HJM6QX28","vevor-pool-rail-137-1-x-81-3-cm-pool-handrail-100kg-load-capacity-heav-jhwycfsym543lpjga001v0","JHWYCFSYM543LPJGA001V0","prod_01KPJVAK43YED1GR5BGY8JARC9","vevor-pool-rail-137-1-x-81-3-cm-pool-handrail-100kg-load-capacity-heav-jhwycfsym543lpjga001v0","CREATED"
"prod_01KP6FCNQQDXC8QFNBVB0F69MA","vevor-beach-cabana-2-4-x-2-4-m-beach-canopy-with-side-wall-upf-50-prot-jykhtxw8ft8f653nj001v0","JYKHTXW8FT8F99PQ9001V0","prod_01KPJVAKPC732GZ88HKMFXZ3HX","vevor-beach-cabana-2-4-x-2-4-m-beach-canopy-with-side-wall-upf-50-prot-jykhtxw8ft8f99pq9001v0","CREATED"
"prod_01KP6FCNQQDXC8QFNBVB0F69MA","vevor-beach-cabana-2-4-x-2-4-m-beach-canopy-with-side-wall-upf-50-prot-jykhtxw8ft8f653nj001v0","JYKHTXW6FT6F2R0KJ001V0","prod_01KPJVAKVSYPTA4M36R751SXG2","vevor-beach-cabana-1-83-x-1-83-m-beach-canopy-with-side-wall-upf-50-pr-jykhtxw6ft6f2r0kj001v0","CREATED"
"prod_01KP6FCNQQDXC8QFNBVB0F69MA","vevor-beach-cabana-2-4-x-2-4-m-beach-canopy-with-side-wall-upf-50-prot-jykhtxw8ft8f653nj001v0","JYKHTXW8FT8FG234L001V0","prod_01KPJVAM1YT9HPZ041EXPEY30Q","vevor-beach-cabana-2-4-x-2-4-m-beach-canopy-with-side-wall-upf-50-prot-jykhtxw8ft8fg234l001v0","CREATED"
"prod_01KP6FCNQQDXC8QFNBVB0F69MA","vevor-beach-cabana-2-4-x-2-4-m-beach-canopy-with-side-wall-upf-50-prot-jykhtxw8ft8f653nj001v0","JYKHTXW6FT6FK05K8001V0","prod_01KPJVAM8EZKJXR8VP10W8BMWW","vevor-beach-cabana-1-83-x-1-83-m-beach-canopy-with-side-wall-upf-50-pr-jykhtxw6ft6fk05k8001v0","CREATED"
"prod_01KP6FCNQQDXC8QFNBVB0F69MA","vevor-beach-cabana-2-4-x-2-4-m-beach-canopy-with-side-wall-upf-50-prot-jykhtxw8ft8f653nj001v0","JYKHTXW6FT6F3F2LS001V0","prod_01KPJVAMEWKDMSTC56KNKHHY28","vevor-beach-cabana-1-83-x-1-83-m-beach-canopy-with-side-wall-upf-50-pr-jykhtxw6ft6f3f2ls001v0","CREATED"
"prod_01KP6FCNQQDXC8QFNBVB0F69MA","vevor-beach-cabana-2-4-x-2-4-m-beach-canopy-with-side-wall-upf-50-prot-jykhtxw8ft8f653nj001v0","JYKHTXW8FT8FVRHQU001V0","prod_01KPJVAMN395CQJD72N20W6D25","vevor-beach-cabana-2-4-x-2-4-m-beach-canopy-with-side-wall-upf-50-prot-jykhtxw8ft8fvrhqu001v0","CREATED"
"prod_01KP6FCNQQDXC8QFNBVB0F69MA","vevor-beach-cabana-2-4-x-2-4-m-beach-canopy-with-side-wall-upf-50-prot-jykhtxw8ft8f653nj001v0","JYKHTXW8FT8FPP7CX001V0","prod_01KPJVAMV9295Z85FJDG1CDFN7","vevor-beach-cabana-2-4-x-2-4-m-beach-canopy-with-side-wall-upf-50-prot-jykhtxw8ft8fpp7cx001v0","CREATED"
"prod_01KP6FCNQQDXC8QFNBVB0F69MA","vevor-beach-cabana-2-4-x-2-4-m-beach-canopy-with-side-wall-upf-50-prot-jykhtxw8ft8f653nj001v0","JYKHTXW8FT8F653NJ001V0","prod_01KPJVAN1QQ48KQSQEPZY99MMH","vevor-beach-cabana-2-4-x-2-4-m-beach-canopy-with-side-wall-upf-50-prot-jykhtxw8ft8f653nj001v0","CREATED"
"prod_01KP6FCNQQDXC8QFNBVB0F69MA","vevor-beach-cabana-2-4-x-2-4-m-beach-canopy-with-side-wall-upf-50-prot-jykhtxw8ft8f653nj001v0","JYKHTXW6FT6FQIVSO001V0","prod_01KPJVAN84ZBAJGK7S0G8CXMQD","vevor-beach-cabana-1-83-x-1-83-m-beach-canopy-with-side-wall-upf-50-pr-jykhtxw6ft6fqivso001v0","CREATED"
"prod_01KP6FCNQQDXC8QFNBVB0F69MA","vevor-beach-cabana-2-4-x-2-4-m-beach-canopy-with-side-wall-upf-50-prot-jykhtxw8ft8f653nj001v0","JYKHTXW6FT6FIF5VN001V0","prod_01KPJVANDJE88NKQYRWZCFYQG7","vevor-beach-cabana-1-83-x-1-83-m-beach-canopy-with-side-wall-upf-50-pr-jykhtxw6ft6fif5vn001v0","CREATED"
"prod_01KP6FCP9T6YPQ1PWZDEXVGPE7","vevor-charcoal-smoker-406mm-vertical-charcoal-bbq-grill-coated-steel-b-mtyxlytdm16iw92e8001v0","MTYXLDXDLZJ1VFCBO001V0","prod_01KPJVANW65QV219KJR3EWTNY7","vevor-charcoal-smoker-and-grill-450mm-kamado-charcoal-bbq-smoker-movab-mtyxldxdlzj1vfcbo001v0","CREATED"
"prod_01KP6FCP9T6YPQ1PWZDEXVGPE7","vevor-charcoal-smoker-406mm-vertical-charcoal-bbq-grill-coated-steel-b-mtyxlytdm16iw92e8001v0","MTYXLYTDM16IW92E8001V0","prod_01KPJVAP2A2W1GP50Z370H5AW7","vevor-charcoal-smoker-406mm-vertical-charcoal-bbq-grill-coated-steel-b-mtyxlytdm16iw92e8001v0","CREATED"
"prod_01KP6FCP9T6YPQ1PWZDEXVGPE7","vevor-charcoal-smoker-406mm-vertical-charcoal-bbq-grill-coated-steel-b-mtyxlytdm16iw92e8001v0","MTYXLYTGS185KKVVN001V0","prod_01KPJVAP8P7CMK6VP5TJWY2B3Z","vevor-charcoal-smoker-grill-470mm-barrel-charcoal-bbq-smoker-coated-st-mtyxlytgs185kkvvn001v0","CREATED"
"prod_01KP6FCPM6TMSRK93XNMC90WJS","vevor-24-egg-incubator-automatic-egg-turner-with-led-candler-temperatu-jqfhqekzx24dp1lvl001v2","JQFHQEKXX12DHUU86001V2","prod_01KPJVAPQN7PV98S7V0M05MND8","vevor-12-egg-incubator-automatic-egg-turner-with-led-candler-temperatu-jqfhqekxx12dhuu86001v2","CREATED"
"prod_01KP6FCPM6TMSRK93XNMC90WJS","vevor-24-egg-incubator-automatic-egg-turner-with-led-candler-temperatu-jqfhqekzx24dp1lvl001v2","JQFHQEKZX24DP1LVL001V2","prod_01KPJVAPXE2C16SGAYDQ9QQ8CG","vevor-24-egg-incubator-automatic-egg-turner-with-led-candler-temperatu-jqfhqekzx24dp1lvl001v2","CREATED"
"prod_01KP6FCPM6TMSRK93XNMC90WJS","vevor-24-egg-incubator-automatic-egg-turner-with-led-candler-temperatu-jqfhqekzx24dp1lvl001v2","JQFHQEKZX36DVQS9A001V2","prod_01KPJVAQ3YERX9NB9M5V0A9JDD","vevor-36-egg-incubator-automatic-egg-turner-with-led-candler-water-tra-jqfhqekzx36dvqs9a001v2","CREATED"
"prod_01KP6FCPM6TMSRK93XNMC90WJS","vevor-24-egg-incubator-automatic-egg-turner-with-led-candler-temperatu-jqfhqekzx24dp1lvl001v2","JQFHQEKZX48DCE1J2001V2","prod_01KPJVAQABSJKB3HNVBWVQVKKV","vevor-48-egg-incubator-automatic-egg-turner-with-led-candler-temperatu-jqfhqekzx48dce1j2001v2","CREATED"
"prod_01KP6FCQ3P3A9AEXYH8TZHW65N","vevor-2pcs-400w-monocrystalline-solar-panels-23-high-efficiency-mono-p-gdstynb2400wb68di001v2","GDSTYNB1200WIQC94001V2","prod_01KPJVAQSTM24EF6W2AGZV49G6","vevor-200w-monocrystalline-solar-panel-23-high-efficiency-mono-pv-modu-gdstynb1200wiqc94001v2","CREATED"
"prod_01KP6FCQ3P3A9AEXYH8TZHW65N","vevor-2pcs-400w-monocrystalline-solar-panels-23-high-efficiency-mono-p-gdstynb2400wb68di001v2","GDSTYNB2100WISY7U001V2","prod_01KPJVAR04A3FYBZQW4MYA92GZ","vevor-2pcs-100w-bifacial-solar-panels-23-high-efficiency-n-type-monocr-gdstynb2100wisy7u001v2","CREATED"
"prod_01KP6FCQ3P3A9AEXYH8TZHW65N","vevor-2pcs-400w-monocrystalline-solar-panels-23-high-efficiency-mono-p-gdstynb2400wb68di001v2","GDSTYNB2400WB68DI001V2","prod_01KPJVAR6022V2ASE4376RV1K5","vevor-2pcs-400w-monocrystalline-solar-panels-23-high-efficiency-mono-p-gdstynb2400wb68di001v2","CREATED"
"prod_01KP6FCQ3P3A9AEXYH8TZHW65N","vevor-2pcs-400w-monocrystalline-solar-panels-23-high-efficiency-mono-p-gdstynb2400wb68di001v2","GDSTYNB2400W3BBMY001V2","prod_01KPJVARC0AW1PFDPR2Q0A3VKE","vevor-2pcs-400w-bifacial-solar-panels-16bb-n-type-monocrystalline-pv-m-gdstynb2400w3bbmy001v2","CREATED"
"prod_01KP6FCQ3P3A9AEXYH8TZHW65N","vevor-2pcs-400w-monocrystalline-solar-panels-23-high-efficiency-mono-p-gdstynb2400wb68di001v2","GDSTYNB2100WNHMVT001V2","prod_01KPJVARJES8TBZQ06BZKBD0J2","vevor-2pcs-100w-monocrystalline-solar-panels-23-high-efficiency-mono-p-gdstynb2100wnhmvt001v2","CREATED"
"prod_01KP6FCQ3P3A9AEXYH8TZHW65N","vevor-2pcs-400w-monocrystalline-solar-panels-23-high-efficiency-mono-p-gdstynb2400wb68di001v2","GDSTYNB1100WXAR7Q001V2","prod_01KPJVARRYTNFMR6FCKQZYFAY7","vevor-100w-monocrystalline-solar-panel-23-high-efficiency-mono-pv-modu-gdstynb1100wxar7q001v2","CREATED"
"prod_01KP6FCQ3P3A9AEXYH8TZHW65N","vevor-2pcs-400w-monocrystalline-solar-panels-23-high-efficiency-mono-p-gdstynb2400wb68di001v2","GDSTYNB4100W5X4AJ001V2","prod_01KPJVARZT15S0WYZ6NA2K5G7X","vevor-4pcs-100w-monocrystalline-solar-panels-23-high-efficiency-mono-p-gdstynb4100w5x4aj001v2","CREATED"
"prod_01KP6FCQGRQE2MV46VXR2YK813","vevor-150w-foldable-monocrystalline-solar-panel-23-efficiency-portable-bxzdtynb1150e7m1n001y3","BXZDTYNB1100UD77V001Y3","prod_01KPJVASFBXAR8KFA44M6A83J9","vevor-100w-foldable-solar-panel-24-high-efficiency-portable-monocrysta-bxzdtynb1100ud77v001y3","CREATED"
"prod_01KP6FCQGRQE2MV46VXR2YK813","vevor-150w-foldable-monocrystalline-solar-panel-23-efficiency-portable-bxzdtynb1150e7m1n001y3","BXZDTYNB130WQ3D4Y001Y3","prod_01KPJVASNNVXMVSPRJ3MNV85RQ","vevor-30w-foldable-solar-panel-charger-16bb-n-type-monocrystalline-sol-bxzdtynb130wq3d4y001y3","CREATED"
"prod_01KP6FCQGRQE2MV46VXR2YK813","vevor-150w-foldable-monocrystalline-solar-panel-23-efficiency-portable-bxzdtynb1150e7m1n001y3","BXZDTYNB1100CFI83001Y3","prod_01KPJVASVAHATW2CM8ERFS6TZV","vevor-100w-bifacial-solar-panel-16bb-n-type-foldable-monocrystalline-s-bxzdtynb1100cfi83001y3","CREATED"
"prod_01KP6FCQGRQE2MV46VXR2YK813","vevor-150w-foldable-monocrystalline-solar-panel-23-efficiency-portable-bxzdtynb1150e7m1n001y3","BXZDTYNB160W36PFJ001Y3","prod_01KPJVAT1DT7MP1R74R6000S82","vevor-60w-foldable-solar-panel-charger-16bb-n-type-monocrystalline-sol-bxzdtynb160w36pfj001y3","CREATED"
"prod_01KP6FCQGRQE2MV46VXR2YK813","vevor-150w-foldable-monocrystalline-solar-panel-23-efficiency-portable-bxzdtynb1150e7m1n001y3","BXZDTYNB1150E7M1N001Y3","prod_01KPJVAT7WV8Y47BEY89HT8Q5Q","vevor-150w-foldable-monocrystalline-solar-panel-23-efficiency-portable-bxzdtynb1150e7m1n001y3","CREATED"
"prod_01KP6FCQGRQE2MV46VXR2YK813","vevor-150w-foldable-monocrystalline-solar-panel-23-efficiency-portable-bxzdtynb1150e7m1n001y3","BXZDTYNB1400DWUB1001V2","prod_01KPJVATDYSZ4VNE4Y4CBG1HVK","vevor-400w-foldable-solar-panel-24-high-efficiency-portable-monocrysta-bxzdtynb1400dwub1001v2","CREATED"
"prod_01KP6FCQGRQE2MV46VXR2YK813","vevor-150w-foldable-monocrystalline-solar-panel-23-efficiency-portable-bxzdtynb1150e7m1n001y3","BXZDTYNB13007VS7E001V2","prod_01KPJVATMF2P580PHD9SKDBRJZ","vevor-300w-foldable-monocrystalline-solar-panel-23-high-efficiency-por-bxzdtynb13007vs7e001v2","CREATED"
"prod_01KP6FCQX60BR46N1F7VW3YVY8","vevor-flexible-solar-panel-100w-semi-flexible-bendable-monocrystalline-brxtynb1100w7hn93001y3","BRXTYNB1200W9QHMV001Y3","prod_01KPJVAV2GPV9V8M74PD9WVRA8","vevor-flexible-solar-panel-200w-semi-flexible-bendable-monocrystalline-brxtynb1200w9qhmv001y3","CREATED"
"prod_01KP6FCQX60BR46N1F7VW3YVY8","vevor-flexible-solar-panel-100w-semi-flexible-bendable-monocrystalline-brxtynb1100w7hn93001y3","BRXTYNB1100W7HN93001Y3","prod_01KPJVAV8WPE68QXM0C1GWDN8Y","vevor-flexible-solar-panel-100w-semi-flexible-bendable-monocrystalline-brxtynb1100w7hn93001y3","CREATED"
"prod_01KP6FCRD20Z0WS028DH9PM65X","vevor-confined-space-tripod-kit-heavy-duty-rescue-tripod-lifting-hoist-cgksjj397lbswvue0001v0","CGKSJJ397LBSWVUE0001V0","prod_01KPJVAVPPA1XJAD99F81Q70EW","vevor-confined-space-tripod-kit-heavy-duty-rescue-tripod-lifting-hoist-cgksjj397lbswvue0001v0","CREATED"
"prod_01KP6FCRD20Z0WS028DH9PM65X","vevor-confined-space-tripod-kit-heavy-duty-rescue-tripod-lifting-hoist-cgksjj397lbswvue0001v0","CGKSJJ500B26QBDGY001V0","prod_01KPJVAVWXNDFTPKEKZGWAKDCE","vevor-confined-space-tripod-kit-heavy-duty-rescue-tripod-lifting-hoist-cgksjj500b26qbdgy001v0","CREATED"
"prod_01KP6FCRD20Z0WS028DH9PM65X","vevor-confined-space-tripod-kit-heavy-duty-rescue-tripod-lifting-hoist-cgksjj397lbswvue0001v0","CGKSJJ500B12Q7H80001V0","prod_01KPJVAW3DZYAGX2G5R780TPT7","vevor-confined-space-tripod-kit-heavy-duty-rescue-tripod-lifting-hoist-cgksjj500b12q7h80001v0","CREATED"
"prod_01KP6FCRD20Z0WS028DH9PM65X","vevor-confined-space-tripod-kit-heavy-duty-rescue-tripod-lifting-hoist-cgksjj397lbswvue0001v0","CGKSJJ661LBS09673001V0","prod_01KPJVAW90VVW9B805FM34K78Q","vevor-confined-space-tripod-kit-heavy-duty-rescue-tripod-lifting-hoist-cgksjj661lbs09673001v0","CREATED"
"prod_01KP6FCRP43H52JP2CW99J9DVH","vevor-electric-exhaust-cutout-63-5-mm-2pcs-universal-stainless-steel-e-ddpqqdqzgk25y5hkh001v9","DDPQQDQWGK25MI3HN001V9","prod_01KPJVAWPMMT74GSCSJ6DQ1BNN","vevor-electric-exhaust-cutout-63-5-mm-universal-stainless-steel-exhaus-ddpqqdqwgk25mi3hn001v9","CREATED"
"prod_01KP6FCRP43H52JP2CW99J9DVH","vevor-electric-exhaust-cutout-63-5-mm-2pcs-universal-stainless-steel-e-ddpqqdqzgk25y5hkh001v9","DDPQQDQZGK25Y5HKH001V9","prod_01KPJVAWX31PKBX20SMRPWFEM0","vevor-electric-exhaust-cutout-63-5-mm-2pcs-universal-stainless-steel-e-ddpqqdqzgk25y5hkh001v9","CREATED"
"prod_01KP6FCRXHWVVYVQ046GYB8G85","vevor-dual-cylinder-heavy-duty-air-compressor-300-l-min-portable-tire-zxbxsltcqjzxukmf0001v2","ZXBXSLTCQJZXR7RDL001V2","prod_01KPJVAXBNDSV4AE9R4EMF4V90","vevor-dual-cylinder-heavy-duty-air-compressor-300l-min-auto-stop-porta-zxbxsltcqjzxr7rdl001v2","CREATED"
"prod_01KP6FCRXHWVVYVQ046GYB8G85","vevor-dual-cylinder-heavy-duty-air-compressor-300-l-min-portable-tire-zxbxsltcqjzxukmf0001v2","ZXBXSLTCQJZXUKMF0001V2","prod_01KPJVAXHZF5Y6ENADJNYSNBBJ","vevor-dual-cylinder-heavy-duty-air-compressor-300-l-min-portable-tire-zxbxsltcqjzxukmf0001v2","CREATED"
"prod_01KP6FCRXHWVVYVQ046GYB8G85","vevor-dual-cylinder-heavy-duty-air-compressor-300-l-min-portable-tire-zxbxsltcqjzxukmf0001v2","ZXBXSLTCQJZXX0VT7001V2","prod_01KPJVAXRCKRCXQWBG2MB6R5V3","vevor-12v-heavy-duty-air-compressor-auto-stop-portable-tire-inflator-w-zxbxsltcqjzxx0vt7001v2","CREATED"
"prod_01KP6FCSGHT0V6YDNQ281R7DZY","vevor-outdoor-kitchen-drawers-18-11-w-x-23-23-d-x-23-23-h-triple-acces-cgctj3ct185wlz5yf001v0","CGCTJ3CT185WLZ5YF001V0","prod_01KPJVAY656D2ZE9RRYJY688AJ","vevor-outdoor-kitchen-drawers-18-11-w-x-23-23-d-x-23-23-h-triple-acces-cgctj3ct185wlz5yf001v0","CREATED"
"prod_01KP6FCSGHT0V6YDNQ281R7DZY","vevor-outdoor-kitchen-drawers-18-11-w-x-23-23-d-x-23-23-h-triple-acces-cgctj3ct185wlz5yf001v0","CGCTJ3CT185WKR3X3001V0","prod_01KPJVAYCCP7PRHWB4VT5MAKJE","vevor-outdoor-kitchen-drawers-18-11-w-x-23-23-d-x-23-23-h-triple-acces-cgctj3ct185wkr3x3001v0","CREATED"
"prod_01KP6FCSQR21B89ZMJ8A5M4JBE","vevor-5-in-1-plasma-cutter-welder-combo-cut-tig-gas-mig-flux-mig-mma-5-dgnqhj200a50k5i1s001v2","DGNQHJ200A50K5I1S001V2","prod_01KPJVAYTEH4CT3AF9J4GYZKJM","vevor-5-in-1-plasma-cutter-welder-combo-cut-tig-gas-mig-flux-mig-mma-5-dgnqhj200a50k5i1s001v2","CREATED"
"prod_01KP6FCSQR21B89ZMJ8A5M4JBE","vevor-5-in-1-plasma-cutter-welder-combo-cut-tig-gas-mig-flux-mig-mma-5-dgnqhj200a50k5i1s001v2","DGNQHJ200A50X64T7001V2","prod_01KPJVAZ0QPAWBEVQ1FGHWMXNB","vevor-3-in-1-plasma-cutter-welder-combo-cut-tig-mma-50a-plasma-cutting-dgnqhj200a50x64t7001v2","CREATED"
"prod_01KP6FCT1EVC1Q32347ZATCKTV","vevor-universal-rv-stabilizer-rv-bumper-stabilizer-for-trailers-camper-fcdpphj1j1227cekl001v0","FCDPPHJ2G122JCDKM001V0","prod_01KPJVAZD6016DT76V599Z04P7","vevor-universal-rv-stabilizer-rv-bumper-stabilizer-for-trailers-camper-fcdpphj2g122jcdkm001v0","CREATED"
"prod_01KP6FCT1EVC1Q32347ZATCKTV","vevor-universal-rv-stabilizer-rv-bumper-stabilizer-for-trailers-camper-fcdpphj1j1227cekl001v0","FCDPPHJ1J1227CEKL001V0","prod_01KPJVAZKGXHDFTP42VN8RB11X","vevor-universal-rv-stabilizer-rv-bumper-stabilizer-for-trailers-camper-fcdpphj1j1227cekl001v0","CREATED"
"prod_01KP6FCVSCWBRV8BTSHYNDWXFK","vevor-indoor-playground-jungle-gym-4-in-1-wooden-indoor-playground-cli-snylcmyms4h1s4ac8001v0","SNYLCMCS4H104J10B001V0","prod_01KPJVB01CD49VYKKD2TAMXY8Q","vevor-indoor-playground-jungle-gym-4-in-1-wooden-indoor-playground-pla-snylcmcs4h104j10b001v0","CREATED"
"prod_01KP6FCVSCWBRV8BTSHYNDWXFK","vevor-indoor-playground-jungle-gym-4-in-1-wooden-indoor-playground-cli-snylcmyms4h1s4ac8001v0","SNYLCMYMS4H1S4AC8001V0","prod_01KPJVB07VNNNATJJRQ3N1H2A1","vevor-indoor-playground-jungle-gym-4-in-1-wooden-indoor-playground-cli-snylcmyms4h1s4ac8001v0","CREATED"
"prod_01KP6FCW24DA06EMXY5T4SDW4F","vevor-4000w-hybrid-solar-inverter-24v-dc-to-230v-ac-pure-sine-wave-pow-lwnkytjgp2308wymp001v7","LWNKYTJGP2308WYMP001V7","prod_01KPJVB0P36Q0DGGATPS1AQSDA","vevor-4000w-hybrid-solar-inverter-24v-dc-to-230v-ac-pure-sine-wave-pow-lwnkytjgp2308wymp001v7","CREATED"
"prod_01KP6FCW24DA06EMXY5T4SDW4F","vevor-4000w-hybrid-solar-inverter-24v-dc-to-230v-ac-pure-sine-wave-pow-lwnkytjgp2308wymp001v7","LWNKYTJGP230O3Q3F001V7","prod_01KPJVB0WPBNP7SK33QHNZ3TK8","vevor-3000w-hybrid-solar-inverter-24v-dc-to-230v-ac-pure-sine-wave-pow-lwnkytjgp230o3q3f001v7","CREATED"
"prod_01KP6FCWA7XYVRSQNE1DHH8MSC","vevor-2-in-1-electric-hoist-winch-500-kg-capacity-1500w-portable-power-cgggkbxsddhl4i4oh001v2","CGGGKBXSDDHL17XY4001V2","prod_01KPJVB1ARS6D8E4C304YR3MZ0","vevor-3-in-1-electric-hoist-winch-700-kg-capacity-1500w-portable-power-cgggkbxsddhl17xy4001v2","CREATED"
"prod_01KP6FCWA7XYVRSQNE1DHH8MSC","vevor-2-in-1-electric-hoist-winch-500-kg-capacity-1500w-portable-power-cgggkbxsddhl4i4oh001v2","CGGGKBXSDDHL73MQ6001V2","prod_01KPJVB1H2578ZGM614X535MEJ","vevor-2-in-1-electric-hoist-winch-500-kg-capacity-1500w-portable-power-cgggkbxsddhl73mq6001v2","CREATED"
"prod_01KP6FCWA7XYVRSQNE1DHH8MSC","vevor-2-in-1-electric-hoist-winch-500-kg-capacity-1500w-portable-power-cgggkbxsddhl4i4oh001v2","CGGGKBXSDDHL4I4OH001V2","prod_01KPJVB1QJVBBZZECDD7NTR6WQ","vevor-2-in-1-electric-hoist-winch-500-kg-capacity-1500w-portable-power-cgggkbxsddhl4i4oh001v2","CREATED"
"prod_01KP6FCWJKKDHR3SMM7FKQJ2C3","vevor-ladder-rack-ratchet-straps-black-square-tube-mount-38-mm-wide-x-fgtjjlgdd8j0qdrgy001v0","FGTJJLGDD4J0VCZS8001V0","prod_01KPJVB26GVDRXRPJE1YPEF06D","vevor-ladder-rack-ratchet-straps-black-square-tube-mount-38-mm-wide-x-fgtjjlgdd4j0vczs8001v0","CREATED"
"prod_01KP6FCWJKKDHR3SMM7FKQJ2C3","vevor-ladder-rack-ratchet-straps-black-square-tube-mount-38-mm-wide-x-fgtjjlgdd8j0qdrgy001v0","FGTJJLGDD8J0QDRGY001V0","prod_01KPJVB2CR5JQ2BF72NZH2ZDYK","vevor-ladder-rack-ratchet-straps-black-square-tube-mount-38-mm-wide-x-fgtjjlgdd8j0qdrgy001v0","CREATED"
"prod_01KP6FCWJKKDHR3SMM7FKQJ2C3","vevor-ladder-rack-ratchet-straps-black-square-tube-mount-38-mm-wide-x-fgtjjlgdd8j0qdrgy001v0","FGTJJLGDD2J00UPU5001V0","prod_01KPJVB2K33YQZ2ZEFSC9AR5AV","vevor-ladder-rack-ratchet-straps-black-square-tube-mount-38-mm-wide-x-fgtjjlgdd2j00upu5001v0","CREATED"
"prod_01KP6FCX3H9CQ4BSG58FPBHM40","vevor-elbow-exhaust-tip-101-6mm-inlet-127mm-outlet-584mm-overall-lengt-pqwgzwgrk4in7cxm8001v0","PQWGZWGRK4IN0RPH2001V0","prod_01KPJVB329QD2SPCDKASD255FA","vevor-elbow-exhaust-tip-101-6mm-inlet-152-4mm-outlet-584mm-overall-len-pqwgzwgrk4in0rph2001v0","CREATED"
"prod_01KP6FCX3H9CQ4BSG58FPBHM40","vevor-elbow-exhaust-tip-101-6mm-inlet-127mm-outlet-584mm-overall-lengt-pqwgzwgrk4in7cxm8001v0","PQWGZWGRK4IN7CXM8001V0","prod_01KPJVB38Q7SEB5FWK1H78SD6V","vevor-elbow-exhaust-tip-101-6mm-inlet-127mm-outlet-584mm-overall-lengt-pqwgzwgrk4in7cxm8001v0","CREATED"
"prod_01KP6FCX3H9CQ4BSG58FPBHM40","vevor-elbow-exhaust-tip-101-6mm-inlet-127mm-outlet-584mm-overall-lengt-pqwgzwgrk4in7cxm8001v0","PQWGZWGRK5INWJ6MB001V0","prod_01KPJVB3F85GZMHTD6ZPBVP9M9","vevor-elbow-exhaust-tip-127mm-inlet-152-4mm-outlet-584mm-overall-lengt-pqwgzwgrk5inwj6mb001v0","CREATED"
"prod_01KP6FCXATJ0DVSHCK1AZ0B1QR","vevor-ladder-rack-ratchet-straps-47-6-50-8-mm-black-round-tube-mount-3-ygtjjlgdd4j0s0iwz001v0","YGTJJLGDD4J0S0IWZ001V0","prod_01KPJVB3Y3YBSP5VCH3AJ34C5K","vevor-ladder-rack-ratchet-straps-47-6-50-8-mm-black-round-tube-mount-3-ygtjjlgdd4j0s0iwz001v0","CREATED"
"prod_01KP6FCXATJ0DVSHCK1AZ0B1QR","vevor-ladder-rack-ratchet-straps-47-6-50-8-mm-black-round-tube-mount-3-ygtjjlgdd4j0s0iwz001v0","YGTJJLGDD2J0FH8R0001V0","prod_01KPJVB43W0DKK5AY0PJFZ1X99","vevor-ladder-rack-ratchet-straps-47-6-50-8-mm-black-round-tube-mount-3-ygtjjlgdd2j0fh8r0001v0","CREATED"
"prod_01KP6FCXMDA1Q5PJMN2JDQ4NJ0","vevor-drill-bits-sharpener-mr-13a-3-15mm-drill-bit-grinder-sharpener-w-xxztymq315mmqyj3z001v2","XXZTYMQ313MMYCBD3001V2","prod_01KPJVB4JFK0C1M2BNQQX7VQGA","vevor-drill-bits-sharpener-mr-13d-3-13mm-professional-drill-bit-grinde-xxztymq313mmycbd3001v2","CREATED"
"prod_01KP6FCXMDA1Q5PJMN2JDQ4NJ0","vevor-drill-bits-sharpener-mr-13a-3-15mm-drill-bit-grinder-sharpener-w-xxztymq315mmqyj3z001v2","XXZTYMQ315MMQYJ3Z001V2","prod_01KPJVB4RYSHHJB60X7T0EQ557","vevor-drill-bits-sharpener-mr-13a-3-15mm-drill-bit-grinder-sharpener-w-xxztymq315mmqyj3z001v2","CREATED"
"prod_01KP6FCXMDA1Q5PJMN2JDQ4NJ0","vevor-drill-bits-sharpener-mr-13a-3-15mm-drill-bit-grinder-sharpener-w-xxztymq315mmqyj3z001v2","XXZTYMQ315MMO2G0I001V2","prod_01KPJVB4ZF72NRKQXNBX8AD2PB","vevor-drill-bits-sharpener-mr-13b-3-15mm-drill-bit-grinder-sharpener-w-xxztymq315mmo2g0i001v2","CREATED"
"prod_01KP6FCXWBJPXJKKYGSHM2TMW6","vevor-4-wheel-electric-mobility-scooter-for-adults-seniors-integrated-ytzdzxcsdzd4tq065001v2","YTZDZXCSDZD4TQ065001V2","prod_01KPJVB5DCXNQQZH97E79WM02N","vevor-4-wheel-electric-mobility-scooter-for-adults-seniors-integrated-ytzdzxcsdzd4tq065001v2","CREATED"
"prod_01KP6FCXWBJPXJKKYGSHM2TMW6","vevor-4-wheel-electric-mobility-scooter-for-adults-seniors-integrated-ytzdzxcsdzd4tq065001v2","YTZDZXCZDZD4KTMQ0001V2","prod_01KPJVB5KYSPRSB3H7B5MDBK54","vevor-4-wheel-electric-mobility-scooter-for-adults-seniors-integrated-ytzdzxczdzd4ktmq0001v2","CREATED"
"prod_01KP6FCY41GK3P3HE94HEZSK30","vevor-empty-sandbags-300-packs-40-x-66-cm-heavy-duty-sand-bags-sacks-w-jbxsd14inch23k2x2001v0","JBXSD16INCH2IOAWY001V0","prod_01KPJVB62395NC7X29H0RNVEPP","vevor-empty-sandbags-200-packs-40-x-66-cm-heavy-duty-sand-bags-sacks-w-jbxsd16inch2ioawy001v0","CREATED"
"prod_01KP6FCY41GK3P3HE94HEZSK30","vevor-empty-sandbags-300-packs-40-x-66-cm-heavy-duty-sand-bags-sacks-w-jbxsd14inch23k2x2001v0","JBXSD14INCH2XS8TI001V0","prod_01KPJVB67AV5SYB83SJRNT30TN","vevor-empty-sandbags-100-packs-40-x-66-cm-heavy-duty-sand-bags-sacks-w-jbxsd14inch2xs8ti001v0","CREATED"
"prod_01KP6FCY41GK3P3HE94HEZSK30","vevor-empty-sandbags-300-packs-40-x-66-cm-heavy-duty-sand-bags-sacks-w-jbxsd14inch23k2x2001v0","JBXSD14INCH23K2X2001V0","prod_01KPJVB6DS520Z9QGHSS1J4XCP","vevor-empty-sandbags-300-packs-40-x-66-cm-heavy-duty-sand-bags-sacks-w-jbxsd14inch23k2x2001v0","CREATED"
"prod_01KP6FCY41GK3P3HE94HEZSK30","vevor-empty-sandbags-300-packs-40-x-66-cm-heavy-duty-sand-bags-sacks-w-jbxsd14inch23k2x2001v0","JBXSD16INCH2AN6CX001V0","prod_01KPJVB6MER9D4HR15VSZE83J3","vevor-empty-sandbags-50-packs-40-x-66-cm-heavy-duty-sand-bags-sacks-wi-jbxsd16inch2an6cx001v0","CREATED"
"prod_01KP6FCY41GK3P3HE94HEZSK30","vevor-empty-sandbags-300-packs-40-x-66-cm-heavy-duty-sand-bags-sacks-w-jbxsd14inch23k2x2001v0","JBXSD14INCH2B7230001V0","prod_01KPJVB6TX8VBE6S3QZ7EQ16GY","vevor-empty-sandbags-500-packs-40-x-66-cm-heavy-duty-sand-bags-sacks-w-jbxsd14inch2b7230001v0","CREATED"
"prod_01KP6FCYDRYRSAZQTZGKB290SF","vevor-5-tier-double-sided-rolling-bin-storage-rack-68-plastic-bins-dua-kydwlj202842f6rb2001v0","KYDWLJ143656KAOEL001V0","prod_01KPJVB7C332C8EXCGJ0D34AXX","vevor-7-tier-rolling-bin-storage-rack-22-organizer-bins-bin-rack-stora-kydwlj143656kaoel001v0","CREATED"
"prod_01KP6FCYDRYRSAZQTZGKB290SF","vevor-5-tier-double-sided-rolling-bin-storage-rack-68-plastic-bins-dua-kydwlj202842f6rb2001v0","KYDWLJ5C1424VNB2J001V0","prod_01KPJVB7HC1GG39KW2NWBZGSR8","vevor-5-tier-rolling-bin-storage-rack-16-organizer-bins-bin-rack-stora-kydwlj5c1424vnb2j001v0","CREATED"
"prod_01KP6FCYDRYRSAZQTZGKB290SF","vevor-5-tier-double-sided-rolling-bin-storage-rack-68-plastic-bins-dua-kydwlj202842f6rb2001v0","KYDWLJ202842F6RB2001V0","prod_01KPJVB7QX33FRJ7BJ3JNGMS9Y","vevor-5-tier-double-sided-rolling-bin-storage-rack-68-plastic-bins-dua-kydwlj202842f6rb2001v0","CREATED"
"prod_01KP6FCYDRYRSAZQTZGKB290SF","vevor-5-tier-double-sided-rolling-bin-storage-rack-68-plastic-bins-dua-kydwlj202842f6rb2001v0","KYDWLJ393548YGW1Q001V0","prod_01KPJVB7XR5J1D26D8ST3H7SKQ","vevor-7-tier-double-sided-rolling-bin-storage-rack-94-plastic-bins-dua-kydwlj393548ygw1q001v0","CREATED"
"prod_01KP6FCYDRYRSAZQTZGKB290SF","vevor-5-tier-double-sided-rolling-bin-storage-rack-68-plastic-bins-dua-kydwlj202842f6rb2001v0","KYDWLJ144856Z2TCR001V0","prod_01KPJVB8464D9Q0EEVJP9ZJKR8","vevor-7-tier-rolling-bin-storage-rack-26-organizer-bins-bin-rack-stora-kydwlj144856z2tcr001v0","CREATED"
"prod_01KP6FCYDRYRSAZQTZGKB290SF","vevor-5-tier-double-sided-rolling-bin-storage-rack-68-plastic-bins-dua-kydwlj202842f6rb2001v0","KYDWLJ1436568UZVA001V0","prod_01KPJVB8AN7HPZ6BS7Y7ZHX8F3","vevor-7-tier-rolling-bin-storage-rack-24-organizer-bins-bin-rack-stora-kydwlj1436568uzva001v0","CREATED"
"prod_01KP6FCYDRYRSAZQTZGKB290SF","vevor-5-tier-double-sided-rolling-bin-storage-rack-68-plastic-bins-dua-kydwlj202842f6rb2001v0","KYDWLJ143663RT5S1001V0","prod_01KPJVB8H5GEXRVMQZT4V51MRV","vevor-8-tier-rolling-bin-storage-rack-26-organizer-bins-bin-rack-stora-kydwlj143663rt5s1001v0","CREATED"
"prod_01KP6FCYDRYRSAZQTZGKB290SF","vevor-5-tier-double-sided-rolling-bin-storage-rack-68-plastic-bins-dua-kydwlj202842f6rb2001v0","KYDWLJ7C1427FD0F5001V0","prod_01KPJVB8Q8VJRQY1PC4TAFSH12","vevor-7-tier-rolling-bin-storage-rack-18-organizer-bins-bin-rack-stora-kydwlj7c1427fd0f5001v0","CREATED"
"prod_01KP6FCYDRYRSAZQTZGKB290SF","vevor-5-tier-double-sided-rolling-bin-storage-rack-68-plastic-bins-dua-kydwlj202842f6rb2001v0","KYDWLJ5C1427V8RW0001V0","prod_01KPJVB8X0RMP1K6ZF3TK0BAM3","vevor-5-tier-rolling-bin-storage-rack-12-organizer-bins-bin-rack-stora-kydwlj5c1427v8rw0001v0","CREATED"
"prod_01KP6FCYDRYRSAZQTZGKB290SF","vevor-5-tier-double-sided-rolling-bin-storage-rack-68-plastic-bins-dua-kydwlj202842f6rb2001v0","KYDWLJ7C1424OTGJL001V0","prod_01KPJVB93GR3TFT97Y218G0BNH","vevor-7-tier-rolling-bin-storage-rack-24-small-bins-bin-rack-storage-s-kydwlj7c1424otgjl001v0","CREATED"
"prod_01KP6FCYY7ACKWFR1KE8S8HXG7","vevor-0-83-sq-ft-wall-safe-3-tier-hidden-wall-safe-with-password-key-t-bgbxj4162522x2sv6001v9","BGBXJ4162522X2SV6001V9","prod_01KPJVB9K9FQ5PVK9QQC375P4X","vevor-0-83-sq-ft-wall-safe-3-tier-hidden-wall-safe-with-password-key-t-bgbxj4162522x2sv6001v9","CREATED"
"prod_01KP6FCYY7ACKWFR1KE8S8HXG7","vevor-0-83-sq-ft-wall-safe-3-tier-hidden-wall-safe-with-password-key-t-bgbxj4162522x2sv6001v9","BGBXJ41522INRM189001V9","prod_01KPJVB9SGFARECTXRGC0ZWEWC","vevor-wall-safe-3-tier-hidden-wall-safe-with-fingerprint-password-key-bgbxj41522inrm189001v9","CREATED"
"prod_01KP6FCYY7ACKWFR1KE8S8HXG7","vevor-0-83-sq-ft-wall-safe-3-tier-hidden-wall-safe-with-password-key-t-bgbxj4162522x2sv6001v9","BGBXJ4145625LE5K9001V9","prod_01KPJVBA04CPA9GEFRY452JXHZ","vevor-wall-safe-3-tier-hidden-wall-mounted-safe-with-password-key-q235-bgbxj4145625le5k9001v9","CREATED"
"prod_01KP6FCYY7ACKWFR1KE8S8HXG7","vevor-0-83-sq-ft-wall-safe-3-tier-hidden-wall-safe-with-password-key-t-bgbxj4162522x2sv6001v9","BGBXJ39144341RL29001V9","prod_01KPJVBA5RXBA8KP0J6HAQQ2AN","vevor-wall-safe-4-tier-hidden-wall-mounted-gun-safe-with-password-key-bgbxj39144341rl29001v9","CREATED"
"prod_01KP6FCZS163M85M8ZEDQFY69Q","vevor-laundry-room-wall-cabinet-2-tier-wall-mounted-hanging-cabinet-wi-xyfj2lm24inc11r9r001v0","XYFJ2SM54INC1RHU6001V0","prod_01KPJVBAKDDP309B95PN68MZJG","vevor-laundry-room-wall-cabinet-2-tier-wall-mounted-hanging-cabinet-wi-xyfj2sm54inc1rhu6001v0","CREATED"
"prod_01KP6FCZS163M85M8ZEDQFY69Q","vevor-laundry-room-wall-cabinet-2-tier-wall-mounted-hanging-cabinet-wi-xyfj2lm24inc11r9r001v0","XYFJ2LM36INCN1GWQ001V0","prod_01KPJVBASGDENEGPCXNN4ZRKVK","vevor-laundry-room-wall-cabinet-2-tier-wall-mounted-hanging-cabinet-wi-xyfj2lm36incn1gwq001v0","CREATED"
"prod_01KP6FCZS163M85M8ZEDQFY69Q","vevor-laundry-room-wall-cabinet-2-tier-wall-mounted-hanging-cabinet-wi-xyfj2lm24inc11r9r001v0","XYFJ2LM24INC11R9R001V0","prod_01KPJVBB03KBJNM734DQGD0CJW","vevor-laundry-room-wall-cabinet-2-tier-wall-mounted-hanging-cabinet-wi-xyfj2lm24inc11r9r001v0","CREATED"
"prod_01KP6FCZS163M85M8ZEDQFY69Q","vevor-laundry-room-wall-cabinet-2-tier-wall-mounted-hanging-cabinet-wi-xyfj2lm24inc11r9r001v0","XYFJ2LM32INCLFA06001V0","prod_01KPJVBB6MAZFDAMCBBBMHMP29","vevor-laundry-room-wall-cabinet-2-tier-wall-mounted-hanging-cabinet-wi-xyfj2lm32inclfa06001v0","CREATED"
"prod_01KP6FCZS163M85M8ZEDQFY69Q","vevor-laundry-room-wall-cabinet-2-tier-wall-mounted-hanging-cabinet-wi-xyfj2lm24inc11r9r001v0","XYFJ2SM48INC2MRZI001V0","prod_01KPJVBBCMXS5DG9XMBJ0WZVMN","vevor-laundry-room-wall-cabinet-2-tier-wall-mounted-cabinet-with-adjus-xyfj2sm48inc2mrzi001v0","CREATED"
"prod_01KP6FD032SHBY9FWEW7YQNZ9F","vevor-tool-belt-18-pockets-professional-tool-pouch-for-men-heavy-duty-gjydkxzyksybrcq0j001v0","GJYDKXCGKSYB9DFMQ001V0","prod_01KPJVBBVHRK7WTZAFGD9H10JH","vevor-tool-belt-magnetic-tool-pouch-for-men-28-pockets-heavy-duty-adju-gjydkxcgksyb9dfmq001v0","CREATED"
"prod_01KP6FD032SHBY9FWEW7YQNZ9F","vevor-tool-belt-18-pockets-professional-tool-pouch-for-men-heavy-duty-gjydkxzyksybrcq0j001v0","GJYDKXZYKDYBZ1J5M001V0","prod_01KPJVBC1ZCZSRR319XRS86DH6","vevor-tool-pouch-with-belt-14-pockets-professional-tool-belt-pouch-for-gjydkxzykdybz1j5m001v0","CREATED"
"prod_01KP6FD032SHBY9FWEW7YQNZ9F","vevor-tool-belt-18-pockets-professional-tool-pouch-for-men-heavy-duty-gjydkxzyksybrcq0j001v0","GJYDKXZYKSYBRCQ0J001V0","prod_01KPJVBC875Y3QVQA15Z3TVFPF","vevor-tool-belt-18-pockets-professional-tool-pouch-for-men-heavy-duty-gjydkxzyksybrcq0j001v0","CREATED"
"prod_01KP6FD0BA221AYTCQWMEK2TP5","vevor-tool-belt-19-pockets-tool-pouch-with-suspenders-for-men-heavy-du-gjddkxzyksybnerv6001v0","GJDDKXCGKSYBIQ911001V0","prod_01KPJVBCNT0T1PB1MM21F9X4HZ","vevor-tool-belt-22-pockets-tool-pouch-with-suspenders-for-men-heavy-du-gjddkxcgksybiq911001v0","CREATED"
"prod_01KP6FD0BA221AYTCQWMEK2TP5","vevor-tool-belt-19-pockets-tool-pouch-with-suspenders-for-men-heavy-du-gjddkxzyksybnerv6001v0","GJDDKXZYKSYBNERV6001V0","prod_01KPJVBCW6Y9S31E0K7D62J85F","vevor-tool-belt-19-pockets-tool-pouch-with-suspenders-for-men-heavy-du-gjddkxzyksybnerv6001v0","CREATED"
"prod_01KP6FD0ZMH5JVP274BQ7H7CQQ","vevor-grease-gun-10000-psi-high-pressure-heavy-duty-pistol-grip-grease-sdshyqggswsj8lejj001v0","SDSHYQZXSQSD5NSJR001V0","prod_01KPJVBDAXK8EQH1W0M6NSJHGF","vevor-grease-gun-8000-psi-pistol-grip-grease-gun-kit-with-0-4-l-capaci-sdshyqzxsqsd5nsjr001v0","CREATED"
"prod_01KP6FD0ZMH5JVP274BQ7H7CQQ","vevor-grease-gun-10000-psi-high-pressure-heavy-duty-pistol-grip-grease-sdshyqggswsj8lejj001v0","SDSHYQZXSQSWDET7X001V0","prod_01KPJVBDGYC9BG38ZPKF6JQPW5","vevor-grease-gun-8000-psi-high-pressure-heavy-duty-pistol-grip-grease-sdshyqzxsqswdet7x001v0","CREATED"
"prod_01KP6FD0ZMH5JVP274BQ7H7CQQ","vevor-grease-gun-10000-psi-high-pressure-heavy-duty-pistol-grip-grease-sdshyqggswsj8lejj001v0","SDSHYQGGSWSJ8LEJJ001V0","prod_01KPJVBDQ4SAMD9HCR3Q4PK99Z","vevor-grease-gun-10000-psi-high-pressure-heavy-duty-pistol-grip-grease-sdshyqggswsj8lejj001v0","CREATED"
"prod_01KP6FD1FF6FE64JP20MGH223M","vevor-screen-house-tent-3660-x-3380-x-2300-mm-10-12-person-pop-up-scre-pfzpjckty121jkgrz001v0","PFZPJCKTY66FLDCZ8001V0","prod_01KPJVBE80FK0ARDJ63XFC5MKW","vevor-screen-house-tent-1825-x-1825-x-2200-mm-4-6-person-pop-up-screen-pfzpjckty66fldcz8001v0","CREATED"
"prod_01KP6FD1FF6FE64JP20MGH223M","vevor-screen-house-tent-3660-x-3380-x-2300-mm-10-12-person-pop-up-scre-pfzpjckty121jkgrz001v0","PFZPJCKTY151Y27CH001V0","prod_01KPJVBEDPP1Q77618N220W75Y","vevor-screen-house-tent-4500-x-4250-x-2450-mm-12-15-person-pop-up-scre-pfzpjckty151y27ch001v0","CREATED"
"prod_01KP6FD1FF6FE64JP20MGH223M","vevor-screen-house-tent-3660-x-3380-x-2300-mm-10-12-person-pop-up-scre-pfzpjckty121jkgrz001v0","PFZPCWKTY66FH7THI001V0","prod_01KPJVBEM49JMNJYBBHJBX4E85","vevor-screen-house-tent-1825-x-1825-x-2200-mm-4-6-person-pop-up-suv-ta-pfzpcwkty66fh7thi001v0","CREATED"
"prod_01KP6FD1FF6FE64JP20MGH223M","vevor-screen-house-tent-3660-x-3380-x-2300-mm-10-12-person-pop-up-scre-pfzpjckty121jkgrz001v0","PFZPTMKTY109B95RD001V0","prod_01KPJVBETG7X6CGXQN7325K0TJ","vevor-screen-house-tent-3030-x-2650-x-2300-mm-4-8-person-pop-up-screen-pfzptmkty109b95rd001v0","CREATED"
"prod_01KP6FD1FF6FE64JP20MGH223M","vevor-screen-house-tent-3660-x-3380-x-2300-mm-10-12-person-pop-up-scre-pfzpjckty121jkgrz001v0","PFZPJCKTY109NWG9G001V0","prod_01KPJVBF0WE3ZQ10DN29RASR3V","vevor-screen-house-tent-3030-x-2650-x-2300-mm-4-8-person-pop-up-screen-pfzpjckty109nwg9g001v0","CREATED"
"prod_01KP6FD1FF6FE64JP20MGH223M","vevor-screen-house-tent-3660-x-3380-x-2300-mm-10-12-person-pop-up-scre-pfzpjckty121jkgrz001v0","PFZPJCKTY121JKGRZ001V0","prod_01KPJVBF6YTNNBR0G04KMCCHPP","vevor-screen-house-tent-3660-x-3380-x-2300-mm-10-12-person-pop-up-scre-pfzpjckty121jkgrz001v0","CREATED"
"prod_01KP6FD1FF6FE64JP20MGH223M","vevor-screen-house-tent-3660-x-3380-x-2300-mm-10-12-person-pop-up-scre-pfzpjckty121jkgrz001v0","PFZPTMKTY121368P1001V0","prod_01KPJVBFD6V66K5B93NJ0ZQD9V","vevor-screen-house-tent-3660-x-3380-x-2300-mm-10-12-person-pop-up-scre-pfzptmkty121368p1001v0","CREATED"
"prod_01KP6FD1FF6FE64JP20MGH223M","vevor-screen-house-tent-3660-x-3380-x-2300-mm-10-12-person-pop-up-scre-pfzpjckty121jkgrz001v0","PFZPEHYKTY123FALY001V0","prod_01KPJVBFKMR3TD2910ERKZ9AN1","vevor-screen-house-tent-3660-x-1825-x-2200-mm-2-in-1-pop-up-screen-ten-pfzpehykty123faly001v0","CREATED"
"prod_01KP6FD1FF6FE64JP20MGH223M","vevor-screen-house-tent-3660-x-3380-x-2300-mm-10-12-person-pop-up-scre-pfzpjckty121jkgrz001v0","PFZPTMKTY66F16OET001V0","prod_01KPJVBFT5WGXN8BZNCKGT1WRC","vevor-screen-house-tent-1825-x-1825-x-2200-mm-4-6-person-pop-up-screen-pfzptmkty66f16oet001v0","CREATED"
"prod_01KP6FD2DJKJBZV8V6G6HREDQ9","vevor-fixed-glass-shower-panel-864-x-1870-mm-semi-framed-fixed-shower-kfsbwk34w74hkgpfb001v0","KFSBWK34W74HKGPFB001V0","prod_01KPJVBG7D4YCAZPG09Z454709","vevor-fixed-glass-shower-panel-864-x-1870-mm-semi-framed-fixed-shower-kfsbwk34w74hkgpfb001v0","CREATED"
"prod_01KP6FD2DJKJBZV8V6G6HREDQ9","vevor-fixed-glass-shower-panel-864-x-1870-mm-semi-framed-fixed-shower-kfsbwk34w74hkgpfb001v0","KFSZK34W74HIFWITR001V0","prod_01KPJVBGDYTY6GE0TTEHJR9C01","vevor-fixed-glass-shower-panel-864-x-1870-mm-full-framed-fixed-shower-kfszk34w74hifwitr001v0","CREATED"
"prod_01KP6FD37WD6H455EE62B32ES5","vevor-linear-guide-rail-belt-drive-cnc-linear-motion-stage-actuator-wi-cnczxdgpdcd6pz6t6001v9","CNCZXDGPDCD6DKSD3001V9","prod_01KPJVBGVTPJ4M2AGVV285GB2P","vevor-linear-guide-rail-belt-drive-cnc-linear-motion-stage-actuator-wi-cnczxdgpdcd6dksd3001v9","CREATED"
"prod_01KP6FD37WD6H455EE62B32ES5","vevor-linear-guide-rail-belt-drive-cnc-linear-motion-stage-actuator-wi-cnczxdgpdcd6pz6t6001v9","CNCZXDGPDCD6PZ6T6001V9","prod_01KPJVBH2CD6WVHMANS9JNTD0N","vevor-linear-guide-rail-belt-drive-cnc-linear-motion-stage-actuator-wi-cnczxdgpdcd6pz6t6001v9","CREATED"
"prod_01KP6FD3PE19T79D3ZBQ5SNZY2","vevor-kitchen-knife-set-with-block-and-sharpener-15-piece-german-high-ydzcfdjtz50cqh97l001v0","YDZCFDJTZDMSHVBQ2001V0","prod_01KPJVBHHW2VFB9DF9QNJPRJSM","vevor-kitchen-knife-set-6-piece-high-carbon-stainless-steel-sharp-knif-ydzcfdjtzdmshvbq2001v0","CREATED"
"prod_01KP6FD3PE19T79D3ZBQ5SNZY2","vevor-kitchen-knife-set-with-block-and-sharpener-15-piece-german-high-ydzcfdjtz50cqh97l001v0","YDZCFDJTZ50CCIEUB001V0","prod_01KPJVBHR28F2GERT9AEM531GY","vevor-kitchen-knife-set-with-block-and-sharpener-15-piece-german-high-ydzcfdjtz50ccieub001v0","CREATED"
"prod_01KP6FD3PE19T79D3ZBQ5SNZY2","vevor-kitchen-knife-set-with-block-and-sharpener-15-piece-german-high-ydzcfdjtz50cqh97l001v0","YDZCFDJTZ70CJXHGL001V0","prod_01KPJVBHYHZC18Y6HYVWDF5NZW","vevor-kitchen-knife-set-with-block-and-sharpener-15-piece-high-carbon-ydzcfdjtz70cjxhgl001v0","CREATED"
"prod_01KP6FD3PE19T79D3ZBQ5SNZY2","vevor-kitchen-knife-set-with-block-and-sharpener-15-piece-german-high-ydzcfdjtz50cqh97l001v0","YDZCFDJTZ50C2CEMM001V0","prod_01KPJVBJ4TF8NMJ4FQ3S1X2TKD","vevor-kitchen-knife-set-with-block-and-sharpener-15-piece-german-high-ydzcfdjtz50c2cemm001v0","CREATED"
"prod_01KP6FD3PE19T79D3ZBQ5SNZY2","vevor-kitchen-knife-set-with-block-and-sharpener-15-piece-german-high-ydzcfdjtz50cqh97l001v0","YDZCFDJTZ50CQH97L001V0","prod_01KPJVBJBA4YYD2DG05Y6YHFFM","vevor-kitchen-knife-set-with-block-and-sharpener-15-piece-german-high-ydzcfdjtz50cqh97l001v0","CREATED"
"prod_01KP6FD3PE19T79D3ZBQ5SNZY2","vevor-kitchen-knife-set-with-block-and-sharpener-15-piece-german-high-ydzcfdjtz50cqh97l001v0","YDZCFDJTZ15B1XCPO001V0","prod_01KPJVBJHTTYF6GXQ8ATWAFM0S","vevor-kitchen-knife-set-with-block-and-sharpener-15-piece-high-carbon-ydzcfdjtz15b1xcpo001v0","CREATED"
"prod_01KP6FD3PE19T79D3ZBQ5SNZY2","vevor-kitchen-knife-set-with-block-and-sharpener-15-piece-german-high-ydzcfdjtz50cqh97l001v0","YDZCFDJTZ30CWN1DW001V0","prod_01KPJVBJRC4GYCP3T6F32P54DW","vevor-kitchen-knife-set-with-block-and-sharpener-15-piece-high-carbon-ydzcfdjtz30cwn1dw001v0","CREATED"
"prod_01KP6FD49RHMA3RKRG2D1GDDVE","vevor-electric-suction-cup-203-mm-vacuum-glass-lifter-with-digital-dis-ddxp8yc600b1dkeau001v9","DDXP8YC600B1DKEAU001V9","prod_01KPJVBK6EHYRKAT3GWFYQHG3P","vevor-electric-suction-cup-203-mm-vacuum-glass-lifter-with-digital-dis-ddxp8yc600b1dkeau001v9","CREATED"
"prod_01KP6FD49RHMA3RKRG2D1GDDVE","vevor-electric-suction-cup-203-mm-vacuum-glass-lifter-with-digital-dis-ddxp8yc600b1dkeau001v9","DDXPTYX1J375AT7KU001V2","prod_01KPJVBKCMSC899RKRR766GCVE","vevor-electric-vacuum-suction-cup-170-kg-max-lifting-capacity-vacuum-g-ddxptyx1j375at7ku001v2","CREATED"
"prod_01KP6FD4VSFYJSAQMTWASR5MY5","vevor-commercial-hard-ice-cream-machine-2000w-12-20l-per-hour-countert-syysybqljtmsrlaub001v2","SYYSYBQLJYSDYZQ0F001V2","prod_01KPJVBKTM5HRV6R44MNF12DJ8","vevor-commercial-hard-ice-cream-machine-500w-5l-per-hour-gelato-hard-s-syysybqljysdyzq0f001v2","CREATED"
"prod_01KP6FD4VSFYJSAQMTWASR5MY5","vevor-commercial-hard-ice-cream-machine-2000w-12-20l-per-hour-countert-syysybqljtmsrlaub001v2","SYYSYBQLJTMSRLAUB001V2","prod_01KPJVBM0CAVGZV6TY9B80330Y","vevor-commercial-hard-ice-cream-machine-2000w-12-20l-per-hour-countert-syysybqljtmsrlaub001v2","CREATED"
"prod_01KP6FD5E2DFD31ZZN1S2WYS5A","vevor-medical-exam-table-wooden-framed-medical-examination-bed-physica-jctjctsgkkmzmzb6x001v0","JCTJCTSGKKMZMZB6X001V0","prod_01KPJVBMF7R7VPTG5DAKAES5A8","vevor-medical-exam-table-wooden-framed-medical-examination-bed-physica-jctjctsgkkmzmzb6x001v0","CREATED"
"prod_01KP6FD5E2DFD31ZZN1S2WYS5A","vevor-medical-exam-table-wooden-framed-medical-examination-bed-physica-jctjctsgkkmzmzb6x001v0","JCTJCTSGKKJSY5I27001V0","prod_01KPJVBMNBV2805CJBWQN36YAG","vevor-medical-exam-table-227kg-loading-medical-examination-bed-with-0-jctjctsgkkjsy5i27001v0","CREATED"
"prod_01KP6FD5E2DFD31ZZN1S2WYS5A","vevor-medical-exam-table-wooden-framed-medical-examination-bed-physica-jctjctsgkkmzmzb6x001v0","JCTJCTSGKKJSTL9IE001V0","prod_01KPJVBMVJ0JDM2G53WJRYJR3P","vevor-medical-exam-table-medical-examination-bed-adjustable-backrest-p-jctjctsgkkjstl9ie001v0","CREATED"
"prod_01KP6FD5R134DBFTQQJ54MKY15","vevor-60w-co2-laser-engraver-600-x-400-mm-co2-laser-engraver-cutter-ma-eyhtjgdkjldso30zn001v2","EYHTJGDKJLDSNZ4E3001V2","prod_01KPJVBN9T88HZ7EQE49B6XJNX","vevor-130w-co2-laser-engraver-1400-x-900-mm-co2-laser-engraver-cutter-eyhtjgdkjldsnz4e3001v2","CREATED"
"prod_01KP6FD5R134DBFTQQJ54MKY15","vevor-60w-co2-laser-engraver-600-x-400-mm-co2-laser-engraver-cutter-ma-eyhtjgdkjldso30zn001v2","EYHTJGDKJTMS7FYAW001V2","prod_01KPJVBNFDG3T703N0VW3808MK","vevor-45w-co2-laser-engraver-300-x-200-mm-desktop-co2-laser-engraver-c-eyhtjgdkjtms7fyaw001v2","CREATED"
"prod_01KP6FD5R134DBFTQQJ54MKY15","vevor-60w-co2-laser-engraver-600-x-400-mm-co2-laser-engraver-cutter-ma-eyhtjgdkjldso30zn001v2","EYHTJGDKJLDSO30ZN001V2","prod_01KPJVBNNYBWA65MVZ5YM5AZHX","vevor-60w-co2-laser-engraver-600-x-400-mm-co2-laser-engraver-cutter-ma-eyhtjgdkjldso30zn001v2","CREATED"
"prod_01KP6FD5R134DBFTQQJ54MKY15","vevor-60w-co2-laser-engraver-600-x-400-mm-co2-laser-engraver-cutter-ma-eyhtjgdkjldso30zn001v2","EYHTJGDKJLDSZPQ6J001V2","prod_01KPJVBNW27A0JS074PBAYKP38","vevor-50w-co2-laser-engraver-500-x-300-mm-co2-laser-engraver-cutter-ma-eyhtjgdkjldszpq6j001v2","CREATED"
"prod_01KP6FD5R134DBFTQQJ54MKY15","vevor-60w-co2-laser-engraver-600-x-400-mm-co2-laser-engraver-cutter-ma-eyhtjgdkjldso30zn001v2","EYHTJGDKJTMS2IMFX001V2","prod_01KPJVBP2C9GZKG7EZMFAHPPA9","vevor-55w-co2-laser-engraver-500-x-300-mm-desktop-co2-laser-engraver-a-eyhtjgdkjtms2imfx001v2","CREATED"
"prod_01KP6FD67T436TBXB0YRYH18NZ","vevor-cat-door-for-window-adjustable-to-fit-window-width-889-1016-mm-4-chmmzyssk354bmygm001v0","CHMMZYSSK273KNOC6001V0","prod_01KPJVBPHRKK97RYKC7TJZP1Z6","vevor-cat-door-for-window-adjustable-to-fit-window-width-686-813-mm-4-chmmzyssk273knoc6001v0","CREATED"
"prod_01KP6FD67T436TBXB0YRYH18NZ","vevor-cat-door-for-window-adjustable-to-fit-window-width-889-1016-mm-4-chmmzyssk354bmygm001v0","CHMMZYSSK232W040E001V0","prod_01KPJVBPQSTCPRKJ4YRN9KYVCH","vevor-cat-door-for-window-adjustable-to-fit-window-width-584-711-mm-4-chmmzyssk232w040e001v0","CREATED"
"prod_01KP6FD67T436TBXB0YRYH18NZ","vevor-cat-door-for-window-adjustable-to-fit-window-width-889-1016-mm-4-chmmzyssk354bmygm001v0","CHMMZYSSK313SVA04001V0","prod_01KPJVBPY6DGSMGWZRNM05CSNV","vevor-cat-door-for-window-adjustable-to-fit-window-width-787-914-mm-4-chmmzyssk313sva04001v0","CREATED"
"prod_01KP6FD67T436TBXB0YRYH18NZ","vevor-cat-door-for-window-adjustable-to-fit-window-width-889-1016-mm-4-chmmzyssk354bmygm001v0","CHMMZYSSK313HZ9S2001V0","prod_01KPJVBQ4K6AYNK4E9ZEZ75YVA","vevor-cat-door-for-window-adjustable-to-fit-window-width-787-914-mm-4-chmmzyssk313hz9s2001v0","CREATED"
"prod_01KP6FD67T436TBXB0YRYH18NZ","vevor-cat-door-for-window-adjustable-to-fit-window-width-889-1016-mm-4-chmmzyssk354bmygm001v0","CHMMZYSSK354BMYGM001V0","prod_01KPJVBQARDBJ2TCR89W646HQK","vevor-cat-door-for-window-adjustable-to-fit-window-width-889-1016-mm-4-chmmzyssk354bmygm001v0","CREATED"
"prod_01KP6FD67T436TBXB0YRYH18NZ","vevor-cat-door-for-window-adjustable-to-fit-window-width-889-1016-mm-4-chmmzyssk354bmygm001v0","CHMMZYSSK273FWVBJ001V0","prod_01KPJVBQH057KJ12KJD05P1PN4","vevor-cat-door-for-window-adjustable-to-fit-window-width-686-813-mm-4-chmmzyssk273fwvbj001v0","CREATED"
"prod_01KP6FD6JVWM3J2AF498M1X9RM","vevor-miniature-storage-carrying-figure-bag-fits-16-infantry-minis-min-cdgd16bbfhxdsqlkb001v0","CDGDRMJCMX000N5TT001V0","prod_01KPJVBQZHY9ZNDPP2QVSJASCN","vevor-miniature-storage-carrying-figure-bag-fits-for-1-500-1-750-scale-cdgdrmjcmx000n5tt001v0","CREATED"
"prod_01KP6FD6JVWM3J2AF498M1X9RM","vevor-miniature-storage-carrying-figure-bag-fits-16-infantry-minis-min-cdgd16bbfhxdsqlkb001v0","CDGD16BBFHXDSQLKB001V0","prod_01KPJVBR5MVVN6KFPDQ59J3GAJ","vevor-miniature-storage-carrying-figure-bag-fits-16-infantry-minis-min-cdgd16bbfhxdsqlkb001v0","CREATED"
"prod_01KP6FD6JVWM3J2AF498M1X9RM","vevor-miniature-storage-carrying-figure-bag-fits-16-infantry-minis-min-cdgd16bbfhxdsqlkb001v0","CDGD58BBFHXDM7CZN001V0","prod_01KPJVBRBTJESVSMS0AM3KCPNV","vevor-miniature-storage-carrying-figure-bag-fits-58-infantry-minis-min-cdgd58bbfhxdm7czn001v0","CREATED"
"prod_01KP6FD6TW0MPCRYWV749F10BF","vevor-baseball-batting-cage-6060-x-3660-x-2500mm-freestanding-portable-fxztkwtg22ycewof2001v0","FXZTKWTG40YCIYLD1001V0","prod_01KPJVBRTEWN61W1GMKT8HXD8H","vevor-baseball-batting-cage-12000-x-3680-x-3100mm-freestanding-portabl-fxztkwtg40yciyld1001v0","CREATED"
"prod_01KP6FD6TW0MPCRYWV749F10BF","vevor-baseball-batting-cage-6060-x-3660-x-2500mm-freestanding-portable-fxztkwtg22ycewof2001v0","FXZTKWTG22YCEWOF2001V0","prod_01KPJVBS00TF63AYM97BSWBMRB","vevor-baseball-batting-cage-6060-x-3660-x-2500mm-freestanding-portable-fxztkwtg22ycewof2001v0","CREATED"
"prod_01KP6FD6TW0MPCRYWV749F10BF","vevor-baseball-batting-cage-6060-x-3660-x-2500mm-freestanding-portable-fxztkwtg22ycewof2001v0","FXZTKWTG35YCK22M0001V0","prod_01KPJVBS68WJAHRAQSRAX00BEE","vevor-baseball-batting-cage-10668-x-3200-x-3100mm-freestanding-portabl-fxztkwtg35yck22m0001v0","CREATED"
"prod_01KP6FD74ZMBAM8J8FFP2FBGHA","vevor-hydraulic-steering-kit-70kw-90-hp-marine-boat-hydraulic-steering-yyzxxttj90hpwyccr001v0","YYZXXTTJ150HIHNTU001V0","prod_01KPJVBSPWR14D7NMG3A53TBTW","vevor-hydraulic-steering-kit-110kw-150-hp-marine-boat-hydraulic-steeri-yyzxxttj150hihntu001v0","CREATED"
"prod_01KP6FD74ZMBAM8J8FFP2FBGHA","vevor-hydraulic-steering-kit-70kw-90-hp-marine-boat-hydraulic-steering-yyzxxttj90hpwyccr001v0","YYZXXTTJ90HPIVK97001V0","prod_01KPJVBSWEQ26A7KTDJ9999A1F","vevor-hydraulic-steering-kit-70kw-90-hp-hydraulic-steering-helm-pump-c-yyzxxttj90hpivk97001v0","CREATED"
"prod_01KP6FD74ZMBAM8J8FFP2FBGHA","vevor-hydraulic-steering-kit-70kw-90-hp-marine-boat-hydraulic-steering-yyzxxttj90hpwyccr001v0","YYZXXTTJ90HPDLO3P001V0","prod_01KPJVBT2X0XZGXPF1D6VX37MT","vevor-hydraulic-steering-kit-70kw-90-hp-marine-boat-hydraulic-steering-yyzxxttj90hpdlo3p001v0","CREATED"
"prod_01KP6FD74ZMBAM8J8FFP2FBGHA","vevor-hydraulic-steering-kit-70kw-90-hp-marine-boat-hydraulic-steering-yyzxxttj90hpwyccr001v0","YYZXXTTJ150H3E857001V0","prod_01KPJVBT9BKJFS26KMZ6RWHHBP","vevor-hydraulic-steering-kit-110kw-150-hp-marine-boat-hydraulic-steeri-yyzxxttj150h3e857001v0","CREATED"
"prod_01KP6FD74ZMBAM8J8FFP2FBGHA","vevor-hydraulic-steering-kit-70kw-90-hp-marine-boat-hydraulic-steering-yyzxxttj90hpwyccr001v0","YYZXXTTJ90HPWYCCR001V0","prod_01KPJVBTFBFK8RXJNG4JD9KDKB","vevor-hydraulic-steering-kit-70kw-90-hp-marine-boat-hydraulic-steering-yyzxxttj90hpwyccr001v0","CREATED"
"prod_01KP6FD74ZMBAM8J8FFP2FBGHA","vevor-hydraulic-steering-kit-70kw-90-hp-marine-boat-hydraulic-steering-yyzxxttj90hpwyccr001v0","YYZXXTTJ300HWLFWR001V0","prod_01KPJVBTNREYQT608QRZAWGC5H","vevor-hydraulic-steering-kit-220kw-300-hp-marine-boat-hydraulic-steeri-yyzxxttj300hwlfwr001v0","CREATED"
"prod_01KP6FD74ZMBAM8J8FFP2FBGHA","vevor-hydraulic-steering-kit-70kw-90-hp-marine-boat-hydraulic-steering-yyzxxttj90hpwyccr001v0","YYZXXTTJ150H3TSCX001V0","prod_01KPJVBTW23VE41K9GB8ZN2XA4","vevor-hydraulic-steering-kit-110kw-150-hp-marine-boat-hydraulic-steeri-yyzxxttj150h3tscx001v0","CREATED"
"prod_01KP6FD74ZMBAM8J8FFP2FBGHA","vevor-hydraulic-steering-kit-70kw-90-hp-marine-boat-hydraulic-steering-yyzxxttj90hpwyccr001v0","YYZXXTTJ200HGZL8C001V0","prod_01KPJVBV2848JFNKVGMJ1W863W","vevor-hydraulic-steering-kit-150kw-200-hp-marine-boat-hydraulic-steeri-yyzxxttj200hgzl8c001v0","CREATED"
"prod_01KP6FD7KPXDBC69RJWS16J8JZ","vevor-camping-shower-tent-2-room-foldable-privacy-tent-changing-room-w-srzpzdswpjl9klvfy001v0","SRZPL47W47H7SXQ2Q001V0","prod_01KPJVBVJGQZ8G8YN7YY2XX8EE","vevor-pop-up-shower-tent-instant-portable-privacy-tent-changing-room-w-srzpl47w47h7sxq2q001v0","CREATED"
"prod_01KP6FD7KPXDBC69RJWS16J8JZ","vevor-camping-shower-tent-2-room-foldable-privacy-tent-changing-room-w-srzpzdswpjl9klvfy001v0","SRZPZDSWPJL5U6JTO001V0","prod_01KPJVBVRCRMWCXJ9W6E86SCK6","vevor-camping-shower-tent-1-room-foldable-privacy-tent-changing-room-w-srzpzdswpjl5u6jto001v0","CREATED"
"prod_01KP6FD7KPXDBC69RJWS16J8JZ","vevor-camping-shower-tent-2-room-foldable-privacy-tent-changing-room-w-srzpzdswpjl9klvfy001v0","SRZPZDSWPJL8FA2L9001V0","prod_01KPJVBVYT23JZWZ3QMY2E44G5","vevor-camping-shower-tent-2-room-foldable-portable-privacy-tent-changi-srzpzdswpjl8fa2l9001v0","CREATED"
"prod_01KP6FD7KPXDBC69RJWS16J8JZ","vevor-camping-shower-tent-2-room-foldable-privacy-tent-changing-room-w-srzpzdswpjl9klvfy001v0","SRZPZDSWPJL9KLVFY001V0","prod_01KPJVBW54S96DV3CQZZ04DRSF","vevor-camping-shower-tent-2-room-foldable-privacy-tent-changing-room-w-srzpzdswpjl9klvfy001v0","CREATED"
"prod_01KP6FD7KPXDBC69RJWS16J8JZ","vevor-camping-shower-tent-2-room-foldable-privacy-tent-changing-room-w-srzpzdswpjl9klvfy001v0","SRZPZZSLYDL85MMZR001V0","prod_01KPJVBWBC4H5Y3ER0ZW2K5TPT","vevor-camping-shower-tent-2-room-portable-privacy-tent-changing-room-w-srzpzzslydl85mmzr001v0","CREATED"
"prod_01KP6FD7KPXDBC69RJWS16J8JZ","vevor-camping-shower-tent-2-room-foldable-privacy-tent-changing-room-w-srzpzdswpjl9klvfy001v0","SRZPDCSWPJL4LWZDC001V0","prod_01KPJVBWHYV81ENVEQ23EKNBYJ","vevor-pop-up-shower-tent-instant-portable-privacy-tent-changing-room-w-srzpdcswpjl4lwzdc001v0","CREATED"
"prod_01KP6FD7KPXDBC69RJWS16J8JZ","vevor-camping-shower-tent-2-room-foldable-privacy-tent-changing-room-w-srzpzdswpjl9klvfy001v0","SRZPDCSWPJL4Q16FQ001V0","prod_01KPJVBWREFTWJ5Q35TDRZ52KR","vevor-pop-up-shower-tent-instant-portable-privacy-tent-changing-room-w-srzpdcswpjl4q16fq001v0","CREATED"
"prod_01KP6FD7KPXDBC69RJWS16J8JZ","vevor-camping-shower-tent-2-room-foldable-privacy-tent-changing-room-w-srzpzdswpjl9klvfy001v0","SRZPZZSLYDL6PVAEM001V0","prod_01KPJVBWYZRRXWWR6DZB76R3WC","vevor-camping-shower-tent-1-room-portable-privacy-tent-changing-room-w-srzpzzslydl6pvaem001v0","CREATED"
"prod_01KP6FD7KPXDBC69RJWS16J8JZ","vevor-camping-shower-tent-2-room-foldable-privacy-tent-changing-room-w-srzpzdswpjl9klvfy001v0","SRZPZZSWPJL54CL57001V0","prod_01KPJVBX5CY1MX9DXGSC4QGC5D","vevor-camping-shower-tent-1-room-portable-privacy-tent-changing-room-w-srzpzzswpjl54cl57001v0","CREATED"
"prod_01KP6FD85D312AR9J2SG626NTG","vevor-sand-filter-609-6-mm-246-1-lpm-above-inground-swimming-pool-sand-yycslq24incheck8h001v0","YYCSLQ20INCHGSLFF001V0","prod_01KPJVBXKWCXK6PXK2C6SQV2YW","vevor-sand-filter-508-mm-189-3-lpm-above-inground-swimming-pool-sand-f-yycslq20inchgslff001v0","CREATED"
"prod_01KP6FD85D312AR9J2SG626NTG","vevor-sand-filter-609-6-mm-246-1-lpm-above-inground-swimming-pool-sand-yycslq24incheck8h001v0","YYCSLQ18INCHBTPJF001V0","prod_01KPJVBXT44RKFAQQ2T3BSJ3AY","vevor-sand-filter-457-2-mm-151-4-lpm-above-inground-swimming-pool-sand-yycslq18inchbtpjf001v0","CREATED"
"prod_01KP6FD85D312AR9J2SG626NTG","vevor-sand-filter-609-6-mm-246-1-lpm-above-inground-swimming-pool-sand-yycslq24incheck8h001v0","YYCSLQ24INCHECK8H001V0","prod_01KPJVBY0HAE06T4HVNNGQ3X4B","vevor-sand-filter-609-6-mm-246-1-lpm-above-inground-swimming-pool-sand-yycslq24incheck8h001v0","CREATED"
"prod_01KP6FD8RMAHVJG4SMRK15BYZH","vevor-linear-rail-kit-sbr25-2pcs-1200-mm-47-24-inch-linear-motion-guid-zxdgsbr25mm1h0cis001v0","ZXDGSBR20MM2VCDIV001V0","prod_01KPJVBYEFJXKW6FHWQ3C9M8E0","vevor-linear-rail-kit-sbr20-2pcs-2000-mm-78-74-inch-linear-motion-guid-zxdgsbr20mm2vcdiv001v0","CREATED"
"prod_01KP6FD8RMAHVJG4SMRK15BYZH","vevor-linear-rail-kit-sbr25-2pcs-1200-mm-47-24-inch-linear-motion-guid-zxdgsbr25mm1h0cis001v0","ZXDGSBR25MM1H0CIS001V0","prod_01KPJVBYMQWB3882G45ENH3QHN","vevor-linear-rail-kit-sbr25-2pcs-1200-mm-47-24-inch-linear-motion-guid-zxdgsbr25mm1h0cis001v0","CREATED"
"prod_01KP6FD96XGRPZTNDHA326NJAS","vevor-tubing-bender-kit-6-mm-to-22-mm-compact-ratcheting-tube-pipe-ben-jlsdwgjjxkzfs7ba2001v0","JLSDWGJYYKZFAHXDS001V0","prod_01KPJVBZ47C7SZ5WQHX1SD68QZ","vevor-hydraulic-tubing-bender-kit-6-mm-to-22-mm-copper-tube-pipe-bende-jlsdwgjyykzfahxds001v0","CREATED"
"prod_01KP6FD96XGRPZTNDHA326NJAS","vevor-tubing-bender-kit-6-mm-to-22-mm-compact-ratcheting-tube-pipe-ben-jlsdwgjjxkzfs7ba2001v0","JLSDWGJYYKZXHL1PQ001V0","prod_01KPJVBZA0MMYBW9TVY091BBHC","vevor-hydraulic-tubing-bender-kit-6-mm-to-22-mm-copper-tube-pipe-bende-jlsdwgjyykzxhl1pq001v0","CREATED"
"prod_01KP6FD96XGRPZTNDHA326NJAS","vevor-tubing-bender-kit-6-mm-to-22-mm-compact-ratcheting-tube-pipe-ben-jlsdwgjjxkzfs7ba2001v0","JLSDWGJYYKZXRKMPF001V0","prod_01KPJVBZFGJZZZY8V76W2AGSZ9","vevor-hydraulic-tubing-bender-kit-6-mm-to-22-mm-copper-tube-pipe-bende-jlsdwgjyykzxrkmpf001v0","CREATED"
"prod_01KP6FD96XGRPZTNDHA326NJAS","vevor-tubing-bender-kit-6-mm-to-22-mm-compact-ratcheting-tube-pipe-ben-jlsdwgjjxkzfs7ba2001v0","JLSDWGJJXKZFS7BA2001V0","prod_01KPJVBZNXXENF6QNN79V50S9C","vevor-tubing-bender-kit-6-mm-to-22-mm-compact-ratcheting-tube-pipe-ben-jlsdwgjjxkzfs7ba2001v0","CREATED"
"prod_01KP6FD96XGRPZTNDHA326NJAS","vevor-tubing-bender-kit-6-mm-to-22-mm-compact-ratcheting-tube-pipe-ben-jlsdwgjjxkzfs7ba2001v0","JLSDWGJYYKZFV5GBE001V0","prod_01KPJVBZW5C834ZG4D34Z0X193","vevor-hydraulic-tubing-bender-kit-6-mm-to-22-mm-copper-tube-pipe-bende-jlsdwgjyykzfv5gbe001v0","CREATED"
"prod_01KP6FD96XGRPZTNDHA326NJAS","vevor-tubing-bender-kit-6-mm-to-22-mm-compact-ratcheting-tube-pipe-ben-jlsdwgjjxkzfs7ba2001v0","JLSDWGJJXKZFN75AS001V0","prod_01KPJVC02SSPAQBMCR6VW4873S","vevor-tubing-bender-kit-6-mm-to-22-mm-compact-ratcheting-tube-pipe-ben-jlsdwgjjxkzfn75as001v0","CREATED"
"prod_01KP6FD96XGRPZTNDHA326NJAS","vevor-tubing-bender-kit-6-mm-to-22-mm-compact-ratcheting-tube-pipe-ben-jlsdwgjjxkzfs7ba2001v0","JLSDWGJJXKZX48KMR001V0","prod_01KPJVC09A1MSWMXBQ13958QEK","vevor-tubing-bender-kit-6-mm-to-22-mm-compact-ratcheting-tube-pipe-ben-jlsdwgjjxkzx48kmr001v0","CREATED"
"prod_01KP6FD96XGRPZTNDHA326NJAS","vevor-tubing-bender-kit-6-mm-to-22-mm-compact-ratcheting-tube-pipe-ben-jlsdwgjjxkzfs7ba2001v0","JLSDWGJJXKZXCU7UC001V0","prod_01KPJVC0FTW1ZG6VNGK3XB6FPG","vevor-tubing-bender-kit-6-mm-to-22-mm-compact-ratcheting-tube-pipe-ben-jlsdwgjjxkzxcu7uc001v0","CREATED"
"prod_01KP6FD9S86F8QWWYTR1RD245R","vevor-pond-aerators-5-2cfm-aeration-system-for-lakes-up-to-3-acres-4-5-sxpqtzcfmz52g9mzg001v2","SXPQTZCFMZ521DXRU001V2","prod_01KPJVC0Y9G9CBRDK3R378CQZH","vevor-pond-aerator-5-2cfm-4-5hp-air-compressor-lake-aerator-for-ponds-sxpqtzcfmz521dxru001v2","CREATED"
"prod_01KP6FD9S86F8QWWYTR1RD245R","vevor-pond-aerators-5-2cfm-aeration-system-for-lakes-up-to-3-acres-4-5-sxpqtzcfmz52g9mzg001v2","SXPQTZCFMZ523RMD8001V2","prod_01KPJVC14HRQXR5DA43D28NHDX","vevor-pond-aerators-5-2cfm-aeration-system-for-lakes-up-to-3-acres-4-5-sxpqtzcfmz523rmd8001v2","CREATED"
"prod_01KP6FD9S86F8QWWYTR1RD245R","vevor-pond-aerators-5-2cfm-aeration-system-for-lakes-up-to-3-acres-4-5-sxpqtzcfmz52g9mzg001v2","SXPQTZCFMZ52G9MZG001V2","prod_01KPJVC1A7MAMVD4QZTB7YYBZD","vevor-pond-aerators-5-2cfm-aeration-system-for-lakes-up-to-3-acres-4-5-sxpqtzcfmz52g9mzg001v2","CREATED"
"prod_01KP6FDA1V6DA9C14H1P99RWEG","vevor-kids-luggage-set-5-piece-45-7-cm-hardside-rolling-wheels-suitcas-5jtetxlx5pcscknbq001v0","5JTETXLX5PCSL7TXG001V0","prod_01KPJVC1RRHEKYAAR4M86VFPAN","vevor-kids-luggage-set-5-piece-45-7-cm-hardside-rolling-wheels-suitcas-5jtetxlx5pcsl7txg001v0","CREATED"
"prod_01KP6FDA1V6DA9C14H1P99RWEG","vevor-kids-luggage-set-5-piece-45-7-cm-hardside-rolling-wheels-suitcas-5jtetxlx5pcscknbq001v0","5JTETXLX5PCSCKNBQ001V0","prod_01KPJVC1Z6NYYQ5RWX3X7DMJJE","vevor-kids-luggage-set-5-piece-45-7-cm-hardside-rolling-wheels-suitcas-5jtetxlx5pcscknbq001v0","CREATED"
"prod_01KP6FDA1V6DA9C14H1P99RWEG","vevor-kids-luggage-set-5-piece-45-7-cm-hardside-rolling-wheels-suitcas-5jtetxlx5pcscknbq001v0","5JTETXLXXG5POVEK0001V0","prod_01KPJVC25MXFJTZD7JQ7TZFS7X","vevor-kids-luggage-set-5-piece-45-7-cm-hardside-rolling-wheels-suitcas-5jtetxlxxg5povek0001v0","CREATED"
"prod_01KP6FDABS95TXT5FR24XMXS5E","vevor-mud-kitchen-outdoor-mud-kitchen-for-kids-wood-outdoor-play-kitch-ncfjdk315inceau1j001v0","NCFTPK315INCXMVGF001V0","prod_01KPJVC2N87HXSS1DD4RJQDRY4","vevor-mud-kitchen-outdoor-mud-kitchen-for-kids-wood-outdoor-play-kitch-ncftpk315incxmvgf001v0","CREATED"
"prod_01KP6FDABS95TXT5FR24XMXS5E","vevor-mud-kitchen-outdoor-mud-kitchen-for-kids-wood-outdoor-play-kitch-ncfjdk315inceau1j001v0","NCFJDK30INCH4IR3Y001V0","prod_01KPJVC2TCQKJYA1JR4E4WSPZ6","vevor-mud-kitchen-outdoor-mud-kitchen-for-kids-wood-outdoor-play-kitch-ncfjdk30inch4ir3y001v0","CREATED"
"prod_01KP6FDABS95TXT5FR24XMXS5E","vevor-mud-kitchen-outdoor-mud-kitchen-for-kids-wood-outdoor-play-kitch-ncfjdk315inceau1j001v0","NCFZHK23INCHQL46K001V0","prod_01KPJVC30GW1RYNP4CCXSC5TGW","vevor-mud-kitchen-outdoor-mud-kitchen-for-kids-wood-outdoor-play-kitch-ncfzhk23inchql46k001v0","CREATED"
"prod_01KP6FDABS95TXT5FR24XMXS5E","vevor-mud-kitchen-outdoor-mud-kitchen-for-kids-wood-outdoor-play-kitch-ncfjdk315inceau1j001v0","NCFJDK30INCHGPZX8001V0","prod_01KPJVC375TY4MF93SVQXT4J1R","vevor-mud-kitchen-outdoor-mud-kitchen-for-kids-wood-outdoor-play-kitch-ncfjdk30inchgpzx8001v0","CREATED"
"prod_01KP6FDABS95TXT5FR24XMXS5E","vevor-mud-kitchen-outdoor-mud-kitchen-for-kids-wood-outdoor-play-kitch-ncfjdk315inceau1j001v0","NCFJDK45INCHNEFDE001V0","prod_01KPJVC3DN61J7EJ0BQM3Y7VSX","vevor-mud-kitchen-outdoor-mud-kitchen-for-kids-wood-outdoor-play-kitch-ncfjdk45inchnefde001v0","CREATED"
"prod_01KP6FDABS95TXT5FR24XMXS5E","vevor-mud-kitchen-outdoor-mud-kitchen-for-kids-wood-outdoor-play-kitch-ncfjdk315inceau1j001v0","NCFJDK315INCEAU1J001V0","prod_01KPJVC3M544ZVCTMRPE2F6BMA","vevor-mud-kitchen-outdoor-mud-kitchen-for-kids-wood-outdoor-play-kitch-ncfjdk315inceau1j001v0","CREATED"
"prod_01KP6FDAPBJZTZBHH6ER4V8TK6","vevor-kids-luggage-set-2-piece-45-7-cm-hardside-rolling-wheels-suitcas-2jtetxlx2pcsj0hwg001v0","2JTETXLX2PCSJ0HWG001V0","prod_01KPJVC417V0XSRHAT66M9YTCH","vevor-kids-luggage-set-2-piece-45-7-cm-hardside-rolling-wheels-suitcas-2jtetxlx2pcsj0hwg001v0","CREATED"
"prod_01KP6FDAPBJZTZBHH6ER4V8TK6","vevor-kids-luggage-set-2-piece-45-7-cm-hardside-rolling-wheels-suitcas-2jtetxlx2pcsj0hwg001v0","2JTETXLX2PCS9S1IW001V0","prod_01KPJVC47B6A66X9FHNGQAEAW8","vevor-kids-luggage-set-2-piece-45-7-cm-hardside-rolling-wheels-suitcas-2jtetxlx2pcs9s1iw001v0","CREATED"
"prod_01KP6FDAWJ8E9EDQ4WA34JD8PC","vevor-crop-cage-2-39-x-1-2-x-1-8-m-plant-protection-tent-with-zippered-zzbhz1pcs984vtplp001v0","ZZBHZ1PCS484D8164001V0","prod_01KPJVC4P3G83K5SQJ9FQ8CMSP","vevor-crop-cage-1-2-x-1-2-x-1-8-m-plant-protection-tent-with-zippered-zzbhz1pcs484d8164001v0","CREATED"
"prod_01KP6FDAWJ8E9EDQ4WA34JD8PC","vevor-crop-cage-2-39-x-1-2-x-1-8-m-plant-protection-tent-with-zippered-zzbhz1pcs984vtplp001v0","ZZBHZ1PCS984ZQZ2F001V0","prod_01KPJVC4W7KPRGS5EEA0WQJDTA","vevor-crop-cage-2-48-x-1-2-x-1-2-m-plant-protection-tent-with-zippered-zzbhz1pcs984zqz2f001v0","CREATED"
"prod_01KP6FDAWJ8E9EDQ4WA34JD8PC","vevor-crop-cage-2-39-x-1-2-x-1-8-m-plant-protection-tent-with-zippered-zzbhz1pcs984vtplp001v0","ZZBHZ1PCS144OHU8N001V0","prod_01KPJVC52WPWWS2SGQYG6FNE5E","vevor-crop-cage-3-56-x-1-2-x-1-94-m-plant-protection-tent-with-zippere-zzbhz1pcs144ohu8n001v0","CREATED"
"prod_01KP6FDAWJ8E9EDQ4WA34JD8PC","vevor-crop-cage-2-39-x-1-2-x-1-8-m-plant-protection-tent-with-zippered-zzbhz1pcs984vtplp001v0","ZZBHZ1PCS120Z3706001V0","prod_01KPJVC59DTCKM9NWSDSYFSHWK","vevor-crop-cage-2-9-x-1-94-x-1-94-m-plant-protection-tent-with-zippere-zzbhz1pcs120z3706001v0","CREATED"
"prod_01KP6FDAWJ8E9EDQ4WA34JD8PC","vevor-crop-cage-2-39-x-1-2-x-1-8-m-plant-protection-tent-with-zippered-zzbhz1pcs984vtplp001v0","ZZBHZ1PCS733WG3BH001V0","prod_01KPJVC5FXRVKGYK5Y27WTNCZW","vevor-crop-cage-1-8-x-0-91-x-1-5-m-plant-protection-tent-with-zippered-zzbhz1pcs733wg3bh001v0","CREATED"
"prod_01KP6FDAWJ8E9EDQ4WA34JD8PC","vevor-crop-cage-2-39-x-1-2-x-1-8-m-plant-protection-tent-with-zippered-zzbhz1pcs984vtplp001v0","ZZBHZ1PCS984VTPLP001V0","prod_01KPJVC5P59CQ43XVR575TTJVM","vevor-crop-cage-2-39-x-1-2-x-1-8-m-plant-protection-tent-with-zippered-zzbhz1pcs984vtplp001v0","CREATED"
"prod_01KP6FDB9M6KD8EE7JTFA9K8TF","vevor-linear-rail-kit-sfc25-2pcs-1000-mm-39-4-inch-linear-motion-guide-zxdgsfctz25m5iaz8001v0","ZXDGSFCTZ25M5IAZ8001V0","prod_01KPJVC64P65YCZJ6VE5EA6ZEF","vevor-linear-rail-kit-sfc25-2pcs-1000-mm-39-4-inch-linear-motion-guide-zxdgsfctz25m5iaz8001v0","CREATED"
"prod_01KP6FDB9M6KD8EE7JTFA9K8TF","vevor-linear-rail-kit-sfc25-2pcs-1000-mm-39-4-inch-linear-motion-guide-zxdgsfctz25m5iaz8001v0","ZXDGSFCGZ25M02BI8001V0","prod_01KPJVC6AX485M48M88KF93H12","vevor-2pcs-linear-motion-rod-25-mm-x-1000-mm-0-98-x-39-4-in-sfc25-carb-zxdgsfcgz25m02bi8001v0","CREATED"
"prod_01KP6FDB9M6KD8EE7JTFA9K8TF","vevor-linear-rail-kit-sfc25-2pcs-1000-mm-39-4-inch-linear-motion-guide-zxdgsfctz25m5iaz8001v0","ZXDGSFCGZ20MSIF59001V0","prod_01KPJVC6HBX2ZEJ8SXGT64DGFB","vevor-2pcs-linear-motion-rod-20-mm-x-1200-mm-0-79-x-47-24-in-sfc20-car-zxdgsfcgz20msif59001v0","CREATED"
"prod_01KP6FDC3DZFC8YJC0592Y774W","vevor-linear-rail-guide-kit-hgr20-2pcs-1000-mm-39-4-inch-linear-motion-zxdghgr20mm1heg7f001v0","ZXDGHGR20MM2WMRB6001V0","prod_01KPJVC6YW8KZ7T30RX10N7BH8","vevor-linear-rail-guide-kit-hgr20-2pcs-2000-mm-78-74-inch-linear-motio-zxdghgr20mm2wmrb6001v0","CREATED"
"prod_01KP6FDC3DZFC8YJC0592Y774W","vevor-linear-rail-guide-kit-hgr20-2pcs-1000-mm-39-4-inch-linear-motion-zxdghgr20mm1heg7f001v0","ZXDGHGR20MM1HEG7F001V0","prod_01KPJVC759V046Q84GM8QZMGGN","vevor-linear-rail-guide-kit-hgr20-2pcs-1000-mm-39-4-inch-linear-motion-zxdghgr20mm1heg7f001v0","CREATED"
"prod_01KP6FDCAMZA683AEHSWGE5QNW","vevor-serger-overlock-sewing-machine-1250-stitches-per-minute-2-3-4-th-jybfjjy4x234an2xb001v2","JYBFJJY4X234AN2XB001V2","prod_01KPJVC7K9CKDTMEJM3YG0FRN5","vevor-serger-overlock-sewing-machine-1250-stitches-per-minute-2-3-4-th-jybfjjy4x234an2xb001v2","CREATED"
"prod_01KP6FDCAMZA683AEHSWGE5QNW","vevor-serger-overlock-sewing-machine-1250-stitches-per-minute-2-3-4-th-jybfjjy4x234an2xb001v2","JYBFJJY4X34X3RNX9001V2","prod_01KPJVC7RFTA3QSSD8QXKB9NNT","vevor-serger-overlock-sewing-machine-1250-stitches-per-minute-3-and-4-jybfjjy4x34x3rnx9001v2","CREATED"
"prod_01KP6FDCM7342JXN89S50PV234","vevor-low-profile-oil-drain-pan-56-8-l-capacity-rolling-oil-drain-pan-ddqcpyphs15gxfrn4001v9","DDQCPYPHS20GC9AEU001V9","prod_01KPJVC8731EVJPH7X3JVTMJ48","vevor-low-profile-oil-drain-pan-75-7-l-capacity-rolling-oil-drain-pan-ddqcpyphs20gc9aeu001v9","CREATED"
"prod_01KP6FDCM7342JXN89S50PV234","vevor-low-profile-oil-drain-pan-56-8-l-capacity-rolling-oil-drain-pan-ddqcpyphs15gxfrn4001v9","DDQCPYPHS15GXFRN4001V9","prod_01KPJVC8DBJRHZRZ45FPNWYKST","vevor-low-profile-oil-drain-pan-56-8-l-capacity-rolling-oil-drain-pan-ddqcpyphs15gxfrn4001v9","CREATED"
"prod_01KP6FDCM7342JXN89S50PV234","vevor-low-profile-oil-drain-pan-56-8-l-capacity-rolling-oil-drain-pan-ddqcpyphs15gxfrn4001v9","DDQCPYPHS17GK6T39001V9","prod_01KPJVC8KH617DX77Y1W3CDQ70","vevor-low-profile-oil-drain-pan-64-l-capacity-rolling-oil-drain-pan-wi-ddqcpyphs17gk6t39001v9","CREATED"
"prod_01KP6FDD4JTFTB46B4EEKYVSXP","vevor-bifold-barn-door-1829-x-2134-mm-mdf-bi-fold-sliding-closet-doors-mzbxhx7284inxrvkr001v0","MZBXHX4884INENMFD001V0","prod_01KPJVC91KE9RGTYTWMJF1QTQW","vevor-bifold-barn-door-1219-x-2134-mm-mdf-bi-fold-sliding-closet-doors-mzbxhx4884inenmfd001v0","CREATED"
"prod_01KP6FDD4JTFTB46B4EEKYVSXP","vevor-bifold-barn-door-1829-x-2134-mm-mdf-bi-fold-sliding-closet-doors-mzbxhx7284inxrvkr001v0","MZBXHX7284INXRVKR001V0","prod_01KPJVC97V74VA1W6X3ZTAX9V6","vevor-bifold-barn-door-1829-x-2134-mm-mdf-bi-fold-sliding-closet-doors-mzbxhx7284inxrvkr001v0","CREATED"
"prod_01KP6FDD4JTFTB46B4EEKYVSXP","vevor-bifold-barn-door-1829-x-2134-mm-mdf-bi-fold-sliding-closet-doors-mzbxhx7284inxrvkr001v0","MZBXHX6084INTFYT9001V0","prod_01KPJVC9ECH28QNEN419S7638P","vevor-bifold-barn-door-1524-x-2134-mm-mdf-bi-fold-sliding-closet-doors-mzbxhx6084intfyt9001v0","CREATED"
"prod_01KP6FDD4JTFTB46B4EEKYVSXP","vevor-bifold-barn-door-1829-x-2134-mm-mdf-bi-fold-sliding-closet-doors-mzbxhx7284inxrvkr001v0","MZBXHX2484IN2Z45T001V0","prod_01KPJVC9MHVKMX7H28Y8N49KTJ","vevor-bifold-barn-door-609-x-2134-mm-mdf-bi-fold-sliding-closet-doors-mzbxhx2484in2z45t001v0","CREATED"
"prod_01KP6FDD4JTFTB46B4EEKYVSXP","vevor-bifold-barn-door-1829-x-2134-mm-mdf-bi-fold-sliding-closet-doors-mzbxhx7284inxrvkr001v0","MZBXHX3684INI9W5L001V0","prod_01KPJVC9TYNRK3YRM1C89HY783","vevor-bifold-barn-door-914-x-2134-mm-mdf-bi-fold-sliding-closet-doors-mzbxhx3684ini9w5l001v0","CREATED"
"prod_01KP6FDDN9ECNHTFEQ6J65FBQ8","vevor-bar-table-3pcs-1193-8mm-bars-tables-set-bar-tables-and-chair-set-btzek3jtjxgygky9u001v0","BTZEK3JTJXGYGKY9U001V0","prod_01KPJVCA9MBK4CWR45M7C6MZ64","vevor-bar-table-3pcs-1193-8mm-bars-tables-set-bar-tables-and-chair-set-btzek3jtjxgygky9u001v0","CREATED"
"prod_01KP6FDDN9ECNHTFEQ6J65FBQ8","vevor-bar-table-3pcs-1193-8mm-bars-tables-set-bar-tables-and-chair-set-btzek3jtjxgygky9u001v0","BTZEK1JTJXGYIGI3C001V0","prod_01KPJVCAFWWE7WZ761PR87CND9","vevor-bar-table-1pcs-1600-2mm-kitchen-bar-table-tall-dining-tables-wit-btzek1jtjxgyigi3c001v0","CREATED"
"prod_01KP6FDDN9ECNHTFEQ6J65FBQ8","vevor-bar-table-3pcs-1193-8mm-bars-tables-set-bar-tables-and-chair-set-btzek3jtjxgygky9u001v0","BTZEK5JTJXGY9TYCM001V0","prod_01KPJVCAP02WTVFSPV13PZHC43","vevor-bar-table-5pcs-1193-8mm-bars-tables-set-bar-tables-and-chair-set-btzek5jtjxgy9tycm001v0","CREATED"
"prod_01KP6FDDN9ECNHTFEQ6J65FBQ8","vevor-bar-table-3pcs-1193-8mm-bars-tables-set-bar-tables-and-chair-set-btzek3jtjxgygky9u001v0","BTZEK5JTFXGYDEG0I001V0","prod_01KPJVCAW84TEPSCPN8J0JCX2A","vevor-bar-table-5pcs-889mm-bars-tables-set-bar-tables-and-chair-set-wi-btzek5jtfxgydeg0i001v0","CREATED"
"prod_01KP6FDDN9ECNHTFEQ6J65FBQ8","vevor-bar-table-3pcs-1193-8mm-bars-tables-set-bar-tables-and-chair-set-btzek3jtjxgygky9u001v0","BTZEK3JTYXGYWTHHM001V0","prod_01KPJVCB29SRPYX7HNB4H0Y5ZY","vevor-bar-table-3pcs-596-9mm-bars-tables-set-bar-tables-and-chair-set-btzek3jtyxgywthhm001v0","CREATED"
"prod_01KP6FDE57ZCW6055PGTT8MMWA","vevor-pressure-cooker-6l-pressure-cooker-stainless-steel-pressures-can-lzylgbxgsbskge7jv001v0","LZYLGBXGSBSKGE7JV001V0","prod_01KPJVCBHVQ03V4K29E082F8DK","vevor-pressure-cooker-6l-pressure-cooker-stainless-steel-pressures-can-lzylgbxgsbskge7jv001v0","CREATED"
"prod_01KP6FDE57ZCW6055PGTT8MMWA","vevor-pressure-cooker-6l-pressure-cooker-stainless-steel-pressures-can-lzylgbxgsbskge7jv001v0","LZYLGBXGSBSK7BYSO001V0","prod_01KPJVCBR1ZB7WACWWEG0EJTQ8","vevor-pressure-cooker-11-3l-pressure-cooker-stainless-steel-pressures-lzylgbxgsbsk7byso001v0","CREATED"
"prod_01KP6FDE57ZCW6055PGTT8MMWA","vevor-pressure-cooker-6l-pressure-cooker-stainless-steel-pressures-can-lzylgbxgsbskge7jv001v0","LZYLGBXGSBSKMYFIX001V0","prod_01KPJVCBY2G07GGTBMXY37SKPN","vevor-pressure-cooker-9l-pressure-cooker-stainless-steel-pressures-can-lzylgbxgsbskmyfix001v0","CREATED"
"prod_01KP6FDE57ZCW6055PGTT8MMWA","vevor-pressure-cooker-6l-pressure-cooker-stainless-steel-pressures-can-lzylgbxgsbskge7jv001v0","LZYLGBXGSBSKT7MGJ001V0","prod_01KPJVCC3EZ176238D551QVJD5","vevor-pressure-cooker-7l-pressure-cooker-stainless-steel-pressures-can-lzylgbxgsbskt7mgj001v0","CREATED"
"prod_01KP6FDEYQPDBE3H2YCBE6WMAX","vevor-japanese-tatami-mat-full-size-foldable-japanese-tatami-mattress-byttm54inch3xsfr5001v0","BYTTM39INCH3ORITK001V0","prod_01KPJVCCMC6CWY291J324YS1QB","vevor-japanese-tatami-mat-twin-size-foldable-japanese-tatami-mattress-byttm39inch3oritk001v0","CREATED"
"prod_01KP6FDEYQPDBE3H2YCBE6WMAX","vevor-japanese-tatami-mat-full-size-foldable-japanese-tatami-mattress-byttm54inch3xsfr5001v0","BYTTM39INCH2LKN8P001V0","prod_01KPJVCCSTXSWXFWP4N676KEYG","vevor-japanese-tatami-mat-twin-size-foldable-japanese-tatami-mattress-byttm39inch2lkn8p001v0","CREATED"
"prod_01KP6FDEYQPDBE3H2YCBE6WMAX","vevor-japanese-tatami-mat-full-size-foldable-japanese-tatami-mattress-byttm54inch3xsfr5001v0","BYTTM54INCH3XSFR5001V0","prod_01KPJVCD0A339YBT9XCA315WG2","vevor-japanese-tatami-mat-full-size-foldable-japanese-tatami-mattress-byttm54inch3xsfr5001v0","CREATED"
"prod_01KP6FDEYQPDBE3H2YCBE6WMAX","vevor-japanese-tatami-mat-full-size-foldable-japanese-tatami-mattress-byttm54inch3xsfr5001v0","BYTTM60INCH2PTA34001V0","prod_01KPJVCD6TXX4BECNN2G884G33","vevor-japanese-tatami-mat-queen-size-foldable-japanese-tatami-mattress-byttm60inch2pta34001v0","CREATED"
"prod_01KP6FDEYQPDBE3H2YCBE6WMAX","vevor-japanese-tatami-mat-full-size-foldable-japanese-tatami-mattress-byttm54inch3xsfr5001v0","BYTTM39INCH326VAO001V0","prod_01KPJVCDCYQRV757WN130ZR7EV","vevor-japanese-tatami-mat-twin-size-foldable-japanese-tatami-mattress-byttm39inch326vao001v0","CREATED"
"prod_01KP6FDEYQPDBE3H2YCBE6WMAX","vevor-japanese-tatami-mat-full-size-foldable-japanese-tatami-mattress-byttm54inch3xsfr5001v0","BYTTM54INCH39H7LZ001V0","prod_01KPJVCDKFNFW3MQ2W49EH4F2K","vevor-japanese-tatami-mat-full-size-foldable-japanese-tatami-mattress-byttm54inch39h7lz001v0","CREATED"
"prod_01KP6FDEYQPDBE3H2YCBE6WMAX","vevor-japanese-tatami-mat-full-size-foldable-japanese-tatami-mattress-byttm54inch3xsfr5001v0","BYTTM60INCH258PZF001V0","prod_01KPJVCDSZ1V9P1BKZ5F7P07XG","vevor-japanese-tatami-mat-queen-size-foldable-japanese-tatami-mattress-byttm60inch258pzf001v0","CREATED"
"prod_01KP6FDEYQPDBE3H2YCBE6WMAX","vevor-japanese-tatami-mat-full-size-foldable-japanese-tatami-mattress-byttm54inch3xsfr5001v0","BYTTM39INCH2EWB7A001V0","prod_01KPJVCE057PEK503PWRXC94M2","vevor-japanese-tatami-mat-twin-size-foldable-japanese-tatami-mattress-byttm39inch2ewb7a001v0","CREATED"
"prod_01KP6FDEYQPDBE3H2YCBE6WMAX","vevor-japanese-tatami-mat-full-size-foldable-japanese-tatami-mattress-byttm54inch3xsfr5001v0","BYTTM60INCH3J1HKM001V0","prod_01KPJVCE6M2FV96H4NSDA21V06","vevor-japanese-tatami-mat-queen-size-foldable-japanese-tatami-mattress-byttm60inch3j1hkm001v0","CREATED"
"prod_01KP6FDEYQPDBE3H2YCBE6WMAX","vevor-japanese-tatami-mat-full-size-foldable-japanese-tatami-mattress-byttm54inch3xsfr5001v0","BYTTM60INCH3DKOBG001V0","prod_01KPJVCED6FJH9R8TY8ADNJQ9B","vevor-japanese-tatami-mat-queen-size-foldable-japanese-tatami-mattress-byttm60inch3dkobg001v0","CREATED"
"prod_01KP6FDG015HGHW9T63VMR4RNF","vevor-steel-banding-strapping-kit-heavy-duty-banding-sealer-tool-with-gdsdkzgjgd34jrp0z001v0","GDSDKZGJGD34CH7CO001V0","prod_01KPJVCEWPF518VRJSQ8VAVS55","vevor-steel-banding-strapping-kit-heavy-duty-banding-sealer-tool-with-gdsdkzgjgd34ch7co001v0","CREATED"
"prod_01KP6FDG015HGHW9T63VMR4RNF","vevor-steel-banding-strapping-kit-heavy-duty-banding-sealer-tool-with-gdsdkzgjgd34jrp0z001v0","GDSDKZGJGD34JRP0Z001V0","prod_01KPJVCF2YGGPBC98ENWQXHMBK","vevor-steel-banding-strapping-kit-heavy-duty-banding-sealer-tool-with-gdsdkzgjgd34jrp0z001v0","CREATED"
"prod_01KP6FDG015HGHW9T63VMR4RNF","vevor-steel-banding-strapping-kit-heavy-duty-banding-sealer-tool-with-gdsdkzgjgd34jrp0z001v0","GDSDKZGJGD34ESJXQ001V0","prod_01KPJVCF9G90QBT90DFMM32FD4","vevor-steel-banding-strapping-kit-heavy-duty-banding-sealer-tool-with-gdsdkzgjgd34esjxq001v0","CREATED"
"prod_01KP6FDG015HGHW9T63VMR4RNF","vevor-steel-banding-strapping-kit-heavy-duty-banding-sealer-tool-with-gdsdkzgjgd34jrp0z001v0","GDSDKZGJGD341IAHN001V0","prod_01KPJVCFFM4XFVA4P2ZJMHPFXR","vevor-steel-banding-strapping-kit-heavy-duty-banding-sealer-tool-with-gdsdkzgjgd341iahn001v0","CREATED"
"prod_01KP6FDG9HRJTF48R37RE6TXM4","vevor-miniatures-storage-case-fits-for-1-1000-1-1500-scale-models-wood-cxgdbzjcmx00in6fq001v0","CXGDBZJCMX00IN6FQ001V0","prod_01KPJVCFY5DJS7MGEVR8NM7ARE","vevor-miniatures-storage-case-fits-for-1-1000-1-1500-scale-models-wood-cxgdbzjcmx00in6fq001v0","CREATED"
"prod_01KP6FDG9HRJTF48R37RE6TXM4","vevor-miniatures-storage-case-fits-for-1-1000-1-1500-scale-models-wood-cxgdbzjcmx00in6fq001v0","CXGDBSJCMX00JM96I001V0","prod_01KPJVCG45T5C6498YJ8FYHT36","vevor-miniatures-storage-case-fits-for-1-1750-1-2000-scale-models-wood-cxgdbsjcmx00jm96i001v0","CREATED"
"prod_01KP6FDG9HRJTF48R37RE6TXM4","vevor-miniatures-storage-case-fits-for-1-1000-1-1500-scale-models-wood-cxgdbzjcmx00in6fq001v0","CXGDDXZYCMX0DGO4A001V0","prod_01KPJVCGACN889ZNDT8NGDGBE2","vevor-miniatures-storage-case-fits-for-1-2500-1-3500-scale-models-wood-cxgddxzycmx0dgo4a001v0","CREATED"
"prod_01KP6FDGHS5ZHCTB4MYKRGQNE7","vevor-pull-along-wagon-for-kids-101cm-toddler-wagons-with-wooden-panel-jsmzkettlc392syq1001v0","JSMZKETTLC33SGVCQ001V0","prod_01KPJVCGSBJPWBCYRQ1KYFT9EG","vevor-pull-along-wagon-for-kids-101cm-toddler-wagons-with-wooden-panel-jsmzkettlc33sgvcq001v0","CREATED"
"prod_01KP6FDGHS5ZHCTB4MYKRGQNE7","vevor-pull-along-wagon-for-kids-101cm-toddler-wagons-with-wooden-panel-jsmzkettlc392syq1001v0","JSMZKETTLC19Y61IC001V0","prod_01KPJVCGZCY140PVCEWQRV8ZEH","vevor-pull-along-wagon-for-kids-101-cm-toddler-wagons-with-foldable-wo-jsmzkettlc19y61ic001v0","CREATED"
"prod_01KP6FDGHS5ZHCTB4MYKRGQNE7","vevor-pull-along-wagon-for-kids-101cm-toddler-wagons-with-wooden-panel-jsmzkettlc392syq1001v0","JSMZKETTLC392SYQ1001V0","prod_01KPJVCH5RRCYQG5DKK8SQV3E9","vevor-pull-along-wagon-for-kids-101cm-toddler-wagons-with-wooden-panel-jsmzkettlc392syq1001v0","CREATED"
"prod_01KP6FDGV332054MK5J6PFWNQG","vevor-industrial-water-chiller-5000w-industrial-water-cooler-cooling-s-yysjxgylsj150z2ep001v2","YYSJXGYLSJ40XGE25001V2","prod_01KPJVCHN04SP2WAKB3B8512K8","vevor-industrial-water-chiller-8000w-industrial-water-cooler-cooling-s-yysjxgylsj40xge25001v2","CREATED"
"prod_01KP6FDGV332054MK5J6PFWNQG","vevor-industrial-water-chiller-5000w-industrial-water-cooler-cooling-s-yysjxgylsj150z2ep001v2","YYSJXGYLSJ150Z2EP001V2","prod_01KPJVCHTNGBQAM47WWDZVZQ5Z","vevor-industrial-water-chiller-5000w-industrial-water-cooler-cooling-s-yysjxgylsj150z2ep001v2","CREATED"
"prod_01KP6FDGV332054MK5J6PFWNQG","vevor-industrial-water-chiller-5000w-industrial-water-cooler-cooling-s-yysjxgylsj150z2ep001v2","YYSJXGYLSJ6LH29ES001V2","prod_01KPJVCJ18Y3SGBYQ5F8BR04BP","vevor-industrial-water-chiller-1600w-industrial-water-cooler-cooling-s-yysjxgylsj6lh29es001v2","CREATED"
"prod_01KP6FDGV332054MK5J6PFWNQG","vevor-industrial-water-chiller-5000w-industrial-water-cooler-cooling-s-yysjxgylsj150z2ep001v2","YYSJXGYLSJ7LMZL1Y001V2","prod_01KPJVCJ7HENZ8GPQGQXK11ZQX","vevor-industrial-water-chiller-1600w-industrial-water-cooler-cooling-s-yysjxgylsj7lmzl1y001v2","CREATED"
"prod_01KP6FDHBYHHNXK87GCNBAB04D","vevor-prylever-bar-4990-kg-weight-capacity-1-7-m-carbon-steel-handle-l-hlqg70inch116tvh8001v0","HLQG60INCH66SB4AX001V0","prod_01KPJVCJPE8FYDXMFNW7SXJ58D","vevor-prylever-bar-2994-kg-weight-capacity-1-4-m-carbon-steel-handle-l-hlqg60inch66sb4ax001v0","CREATED"
"prod_01KP6FDHBYHHNXK87GCNBAB04D","vevor-prylever-bar-4990-kg-weight-capacity-1-7-m-carbon-steel-handle-l-hlqg70inch116tvh8001v0","HLQG70INCH116TVH8001V0","prod_01KPJVCJW3PCR79QWW0VHH800V","vevor-prylever-bar-4990-kg-weight-capacity-1-7-m-carbon-steel-handle-l-hlqg70inch116tvh8001v0","CREATED"
"prod_01KP6FDHBYHHNXK87GCNBAB04D","vevor-prylever-bar-4990-kg-weight-capacity-1-7-m-carbon-steel-handle-l-hlqg70inch116tvh8001v0","HLQG60INCH88Q81ST001V0","prod_01KPJVCK2F1Z2SR72VRPG33BNY","vevor-prylever-bar-4-t-weight-capacity-1-4-m-carbon-steel-handle-lever-hlqg60inch88q81st001v0","CREATED"
"prod_01KP6FDHBYHHNXK87GCNBAB04D","vevor-prylever-bar-4990-kg-weight-capacity-1-7-m-carbon-steel-handle-l-hlqg70inch116tvh8001v0","HLQG60INCH66KDACE001V0","prod_01KPJVCK84SM6CGVVSHEK7GE77","vevor-prylever-bar-2994-kg-weight-capacity-1-4-m-carbon-steel-handle-l-hlqg60inch66kdace001v0","CREATED"
"prod_01KP6FDHXV7C6RKFF97G372RVD","vevor-stainless-steel-cart-3-tier-rolling-lab-utility-cart-with-lockab-systcfpss4lb6ndut001v0","SYSTCFPSS4LB1HGXA001V0","prod_01KPJVCKP4A4FBJ0ZW8T0XZ2Q5","vevor-stainless-steel-cart-2-tier-rolling-lab-utility-cart-with-lockab-systcfpss4lb1hgxa001v0","CREATED"
"prod_01KP6FDHXV7C6RKFF97G372RVD","vevor-stainless-steel-cart-3-tier-rolling-lab-utility-cart-with-lockab-systcfpss4lb6ndut001v0","SYSTCFPSS4LB6NDUT001V0","prod_01KPJVCKW8E5R2XSQZKC5CFR0B","vevor-stainless-steel-cart-3-tier-rolling-lab-utility-cart-with-lockab-systcfpss4lb6ndut001v0","CREATED"
"prod_01KP6FDJR3YC7A8YRBXHMNJ5G9","vevor-stair-climbing-cart-200-kg-stair-climbing-capacity-heavy-duty-fo-zxtcsplcfskhnv20a001v0","ZXTCSPLCFSKHNV20A001V0","prod_01KPJVCMCVMDZ8C87AMM4B2DGM","vevor-stair-climbing-cart-200-kg-stair-climbing-capacity-heavy-duty-fo-zxtcsplcfskhnv20a001v0","CREATED"
"prod_01KP6FDJR3YC7A8YRBXHMNJ5G9","vevor-stair-climbing-cart-200-kg-stair-climbing-capacity-heavy-duty-fo-zxtcsplcfskhnv20a001v0","ZXTCSPLCSHYDEUI34001V0","prod_01KPJVCMJYCFHEYG1RNZJWB0SW","vevor-3-in-1-industrial-convertible-stair-climbing-cart-350-kg-max-loa-zxtcsplcshydeui34001v0","CREATED"
"prod_01KP6FDJR3YC7A8YRBXHMNJ5G9","vevor-stair-climbing-cart-200-kg-stair-climbing-capacity-heavy-duty-fo-zxtcsplcfskhnv20a001v0","ZXTCSPLCFSKHQ06YG001V0","prod_01KPJVCMS5NP4MTW6K5W2F8N0Y","vevor-stair-climbing-cart-150-kg-stair-climbing-capacity-heavy-duty-fo-zxtcsplcfskhq06yg001v0","CREATED"
"prod_01KP6FDJR3YC7A8YRBXHMNJ5G9","vevor-stair-climbing-cart-200-kg-stair-climbing-capacity-heavy-duty-fo-zxtcsplcfskhnv20a001v0","ZXTCSPLCLSKH7RCTY001V0","prod_01KPJVCMZF00SGHS9RT4ASYEAN","vevor-stair-climbing-cart-100-kg-stair-climbing-capacity-heavy-duty-fo-zxtcsplclskh7rcty001v0","CREATED"
"prod_01KP6FDJR3YC7A8YRBXHMNJ5G9","vevor-stair-climbing-cart-200-kg-stair-climbing-capacity-heavy-duty-fo-zxtcsplcfskhnv20a001v0","ZXTCSPLCLSKL6O9DC001V0","prod_01KPJVCN5A4PBRQ7R3A7DSRPHV","vevor-stair-climbing-cart-150-kg-stair-climb-capacity-aluminum-alloy-f-zxtcsplclskl6o9dc001v0","CREATED"
"prod_01KP6FDK3WQT060SF6SKHZMHYR","vevor-slushie-machine-4l-135oz-no-ice-needed-slushy-machine-for-home-f-cgxxrj25x14lo716m001v2","CGXXRJ25X24LT0XJF001V2","prod_01KPJVCNMQN7XKRPVZW0GZ4HXE","vevor-slushie-machine-4l-135oz-x-2-tank-slushy-machine-for-home-no-ice-cgxxrj25x24lt0xjf001v2","CREATED"
"prod_01KP6FDK3WQT060SF6SKHZMHYR","vevor-slushie-machine-4l-135oz-no-ice-needed-slushy-machine-for-home-f-cgxxrj25x14lo716m001v2","CGXXRJ25X13LRYFFU001V2","prod_01KPJVCNTV2T12R2ANN3QB73AH","vevor-slushie-machine-3l-100oz-no-ice-needed-slushy-machine-for-home-f-cgxxrj25x13lryffu001v2","CREATED"
"prod_01KP6FDK3WQT060SF6SKHZMHYR","vevor-slushie-machine-4l-135oz-no-ice-needed-slushy-machine-for-home-f-cgxxrj25x14lo716m001v2","CGXXRJ25X23LBBJ9F001V2","prod_01KPJVCP196PGD43CBFMDYS2ZY","vevor-slushie-machine-3l-100oz-x-2-tank-slushy-machine-for-home-no-ice-cgxxrj25x23lbbj9f001v2","CREATED"
"prod_01KP6FDK3WQT060SF6SKHZMHYR","vevor-slushie-machine-4l-135oz-no-ice-needed-slushy-machine-for-home-f-cgxxrj25x14lo716m001v2","CGXXRJ25X14LO716M001V2","prod_01KPJVCP7PSW4K3EPFNQJYW4EF","vevor-slushie-machine-4l-135oz-no-ice-needed-slushy-machine-for-home-f-cgxxrj25x14lo716m001v2","CREATED"
"prod_01KP6FDKEFV1PEYG621K0P3QFX","vevor-retractable-air-hose-reel-15m-x-9-5mm-hybrid-air-hose-max-300psi-kqrgjpogkfssp9enz002v0","KQRGJPOGKFSDE97QQ002V0","prod_01KPJVCPN6S65Y0PGQPM4WJ9GK","vevor-retractable-air-hose-reel-15m-x-9-5mm-hybrid-air-hose-max-300psi-kqrgjpogkfsde97qq002v0","CREATED"
"prod_01KP6FDKEFV1PEYG621K0P3QFX","vevor-retractable-air-hose-reel-15m-x-9-5mm-hybrid-air-hose-max-300psi-kqrgjpogkfssp9enz002v0","KQRGJPOGKFSSP9ENZ002V0","prod_01KPJVCPTEXA67QG0NA9PW2R72","vevor-retractable-air-hose-reel-15m-x-9-5mm-hybrid-air-hose-max-300psi-kqrgjpogkfssp9enz002v0","CREATED"
"prod_01KP6FDKEFV1PEYG621K0P3QFX","vevor-retractable-air-hose-reel-15m-x-9-5mm-hybrid-air-hose-max-300psi-kqrgjpogkfssp9enz002v0","KQRGJPOGFBSW5CZJX002V0","prod_01KPJVCQ0PG8PHM5MKWZ0TPS8G","vevor-retractable-air-hose-reel-15m-x-9-5mm-pvc-air-hose-max-300psi-en-kqrgjpogfbsw5czjx002v0","CREATED"
"prod_01KP6FDKEFV1PEYG621K0P3QFX","vevor-retractable-air-hose-reel-15m-x-9-5mm-hybrid-air-hose-max-300psi-kqrgjpogkfssp9enz002v0","KQRGJPYGKFSDKMVYJ002V0","prod_01KPJVCQ77ACPGP3GNFY1GRE8X","vevor-retractable-air-hose-reel-15m-x-9-5mm-rubber-air-hose-max-300psi-kqrgjpygkfsdkmvyj002v0","CREATED"
"prod_01KP6FDKEFV1PEYG621K0P3QFX","vevor-retractable-air-hose-reel-15m-x-9-5mm-hybrid-air-hose-max-300psi-kqrgjpogkfssp9enz002v0","KQRGJPOGFBSW7ZD39002V0","prod_01KPJVCQDQR402NEDB0FCBRFW0","vevor-retractable-air-hose-reel-30m-x-9-5mm-pvc-air-hose-max-300psi-en-kqrgjpogfbsw7zd39002v0","CREATED"
"prod_01KP6FDKEFV1PEYG621K0P3QFX","vevor-retractable-air-hose-reel-15m-x-9-5mm-hybrid-air-hose-max-300psi-kqrgjpogkfssp9enz002v0","KQRGJPOGFBSWWGT56002V0","prod_01KPJVCQJYG84ZRV533YCWS4K7","vevor-retractable-air-hose-reel-20m-x-9-5mm-pvc-air-hose-max-300psi-en-kqrgjpogfbswwgt56002v0","CREATED"
"prod_01KP6FDM3KQ28TD7NC9M1Y4EH4","vevor-banding-strapping-kit-heavy-duty-banding-sealer-tool-with-610-m-sldsdkzgjpetdin5r001v0","SLDSDKZGJPET31QLE001V0","prod_01KPJVCR3EQTF6ZEXS4MNMDV2Z","vevor-banding-strapping-kit-heavy-duty-banding-sealer-tool-with-305-m-sldsdkzgjpet31qle001v0","CREATED"
"prod_01KP6FDM3KQ28TD7NC9M1Y4EH4","vevor-banding-strapping-kit-heavy-duty-banding-sealer-tool-with-610-m-sldsdkzgjpetdin5r001v0","SLDSDKZGJPETDIN5R001V0","prod_01KPJVCR9F94XNM0S9WK13R4CM","vevor-banding-strapping-kit-heavy-duty-banding-sealer-tool-with-610-m-sldsdkzgjpetdin5r001v0","CREATED"
"prod_01KP6FDM3KQ28TD7NC9M1Y4EH4","vevor-banding-strapping-kit-heavy-duty-banding-sealer-tool-with-610-m-sldsdkzgjpetdin5r001v0","SLDSDKZGJPP1T3ILM001V0","prod_01KPJVCRFZEEVZ0DYSTCECRY90","vevor-banding-strapping-kit-heavy-duty-banding-sealer-tool-with-100-m-sldsdkzgjpp1t3ilm001v0","CREATED"
"prod_01KP6FDM3KQ28TD7NC9M1Y4EH4","vevor-banding-strapping-kit-heavy-duty-banding-sealer-tool-with-610-m-sldsdkzgjpetdin5r001v0","SLDSDKZGJPP1HQSCM001V0","prod_01KPJVCRPC9CCF8RXARJ9K1HZF","vevor-banding-strapping-kit-heavy-duty-banding-sealer-tool-with-975-m-sldsdkzgjpp1hqscm001v0","CREATED"
"prod_01KP6FDM3KQ28TD7NC9M1Y4EH4","vevor-banding-strapping-kit-heavy-duty-banding-sealer-tool-with-610-m-sldsdkzgjpetdin5r001v0","SLDSDKZGJPETE4M42001V0","prod_01KPJVCRWVZHXP09FQ6KV4YTVY","vevor-banding-strapping-kit-heavy-duty-banding-sealer-tool-with-457m-p-sldsdkzgjpete4m42001v0","CREATED"
"prod_01KP6FDMTPW07XSZPKTT4SZ7P1","vevor-flux-core-mig-welding-wire-e71t-11-0-8mm-0-9kg-gasless-mild-stee-mighsyxhse71s15qw001v0","MIGHSSXHSER7CLDID001V0","prod_01KPJVCSE9ZZ81VNBNG487HN65","vevor-solid-mig-welding-wire-er70s-6-0-6mm-4-5kg-low-spatter-mild-stee-mighssxhser7cldid001v0","CREATED"
"prod_01KP6FDMTPW07XSZPKTT4SZ7P1","vevor-flux-core-mig-welding-wire-e71t-11-0-8mm-0-9kg-gasless-mild-stee-mighsyxhse71s15qw001v0","MIGHSYXHSE71S15QW001V0","prod_01KPJVCSKMX541ND84ZG6J554J","vevor-flux-core-mig-welding-wire-e71t-11-0-8mm-0-9kg-gasless-mild-stee-mighsyxhse71s15qw001v0","CREATED"
"prod_01KP6FDMTPW07XSZPKTT4SZ7P1","vevor-flux-core-mig-welding-wire-e71t-11-0-8mm-0-9kg-gasless-mild-stee-mighsyxhse71s15qw001v0","MIGHSYXHSE71LTY1K001V0","prod_01KPJVCST29ZYXXEG22GC20GG4","vevor-flux-core-mig-welding-wire-e71t-11-0-9mm-4-5kg-gasless-mild-stee-mighsyxhse71lty1k001v0","CREATED"
"prod_01KP6FDMTPW07XSZPKTT4SZ7P1","vevor-flux-core-mig-welding-wire-e71t-11-0-8mm-0-9kg-gasless-mild-stee-mighsyxhse71s15qw001v0","MIGHSYXHSE30R0916001V0","prod_01KPJVCT0GY03YD70SFQ6T4ET3","vevor-flux-core-mig-welding-wire-e308lfc-o-0-8mm-0-9kg-gasless-stainle-mighsyxhse30r0916001v0","CREATED"
"prod_01KP6FDMTPW07XSZPKTT4SZ7P1","vevor-flux-core-mig-welding-wire-e71t-11-0-8mm-0-9kg-gasless-mild-stee-mighsyxhse71s15qw001v0","MIGHSYXHSE71AWQRF001V0","prod_01KPJVCT70QWRGME60CHC4E7RX","vevor-flux-core-mig-welding-wire-e71t-11-0-9mm-0-45kg-gasless-mild-ste-mighsyxhse71awqrf001v0","CREATED"
"prod_01KP6FDMTPW07XSZPKTT4SZ7P1","vevor-flux-core-mig-welding-wire-e71t-11-0-8mm-0-9kg-gasless-mild-stee-mighsyxhse71s15qw001v0","MIGHSYXHSE71QOY63001V0","prod_01KPJVCTDBT7QGJ7CMMQ70D80F","vevor-flux-core-mig-welding-wire-e71t-11-0-9mm-0-45kg-gasless-mild-ste-mighsyxhse71qoy63001v0","CREATED"
"prod_01KP6FDMTPW07XSZPKTT4SZ7P1","vevor-flux-core-mig-welding-wire-e71t-11-0-8mm-0-9kg-gasless-mild-stee-mighsyxhse71s15qw001v0","MIGHSYXHSE718TJM0001V0","prod_01KPJVCTKP8K763G0Z0X37K608","vevor-flux-core-mig-welding-wire-e71t-11-0-8mm-4-5kg-gasless-mild-stee-mighsyxhse718tjm0001v0","CREATED"
"prod_01KP6FDMTPW07XSZPKTT4SZ7P1","vevor-flux-core-mig-welding-wire-e71t-11-0-8mm-0-9kg-gasless-mild-stee-mighsyxhse71s15qw001v0","MIGHSSXHSER7QL6JD001V0","prod_01KPJVCTTJFTCWX0FK3BWBKDBA","vevor-solid-mig-welding-wire-er70s-6-0-8mm-4-5kg-low-spatter-mild-stee-mighssxhser7ql6jd001v0","CREATED"
"prod_01KP6FDMTPW07XSZPKTT4SZ7P1","vevor-flux-core-mig-welding-wire-e71t-11-0-8mm-0-9kg-gasless-mild-stee-mighsyxhse71s15qw001v0","MIGHSYXHSE717L3SH001V0","prod_01KPJVCV12X819ST3GC8RSMD5H","vevor-flux-core-mig-welding-wire-e71t-gs-0-8mm-0-9kg-gasless-mild-stee-mighsyxhse717l3sh001v0","CREATED"
"prod_01KP6FDMTPW07XSZPKTT4SZ7P1","vevor-flux-core-mig-welding-wire-e71t-11-0-8mm-0-9kg-gasless-mild-stee-mighsyxhse71s15qw001v0","MIGHSSXHSER3VRU7P001V0","prod_01KPJVCV785T38THQSZXTYBF2W","vevor-solid-mig-welding-wire-er308l-0-8mm-0-9kg-low-spatter-stainless-mighssxhser3vru7p001v0","CREATED"
"prod_01KP6FDMTPW07XSZPKTT4SZ7P1","vevor-flux-core-mig-welding-wire-e71t-11-0-8mm-0-9kg-gasless-mild-stee-mighsyxhse71s15qw001v0","MIGHSSXHSER7IRDGQ001V0","prod_01KPJVCVDEZ3071TD10W1ZF75Y","vevor-solid-mig-welding-wire-er70s-6-0-9mm-4-5kg-low-spatter-mild-stee-mighssxhser7irdgq001v0","CREATED"
"prod_01KP6FDMTPW07XSZPKTT4SZ7P1","vevor-flux-core-mig-welding-wire-e71t-11-0-8mm-0-9kg-gasless-mild-stee-mighsyxhse71s15qw001v0","MIGHSYXHSE71PDACO001V0","prod_01KPJVCVKWWFDH9DH84WGP3ZWH","vevor-flux-core-mig-welding-wire-e71t-gs-0-9mm-0-9kg-gasless-mild-stee-mighsyxhse71pdaco001v0","CREATED"
"prod_01KP6FDNEMSDFRC490DTNFZHCZ","vevor-bike-travel-bag-road-bike-bag-road-bicycle-storage-carry-with-ts-zxcrbxlxglzxgtwne001v0","ZXCRBXLXTYZJ0PFA0001V0","prod_01KPJVCW34PZNAE0XHDFF42JTD","vevor-bike-travel-bag-transport-universal-bicycle-storage-case-bag-wit-zxcrbxlxtyzj0pfa0001v0","CREATED"
"prod_01KP6FDNEMSDFRC490DTNFZHCZ","vevor-bike-travel-bag-road-bike-bag-road-bicycle-storage-carry-with-ts-zxcrbxlxglzxgtwne001v0","ZXCRBXLXTRSXWPCK8001V0","prod_01KPJVCW9HG8YJTGPRQ03XSF7K","vevor-triathlon-bike-travel-bag-transport-bicycle-storage-carry-bag-wi-zxcrbxlxtrsxwpck8001v0","CREATED"
"prod_01KP6FDNEMSDFRC490DTNFZHCZ","vevor-bike-travel-bag-road-bike-bag-road-bicycle-storage-carry-with-ts-zxcrbxlxglzxgtwne001v0","ZXCRBXLXGLZXGTWNE001V0","prod_01KPJVCWF81GY8TDES43F6ZVEN","vevor-bike-travel-bag-road-bike-bag-road-bicycle-storage-carry-with-ts-zxcrbxlxglzxgtwne001v0","CREATED"
"prod_01KP6FDNPB0HM1SE5C8NHGJM5M","vevor-400w-foldable-solar-panel-with-frame-16bb-n-type-monocrystalline-zddktynb1400rrwex001v2","ZDDKTYNB12005TKXJ001V2","prod_01KPJVCWXTCX8D92REMH3BS01M","vevor-200w-foldable-solar-panel-with-frame-23-high-efficiency-portable-zddktynb12005tkxj001v2","CREATED"
"prod_01KP6FDNPB0HM1SE5C8NHGJM5M","vevor-400w-foldable-solar-panel-with-frame-16bb-n-type-monocrystalline-zddktynb1400rrwex001v2","ZDDKTYNB1400RRWEX001V2","prod_01KPJVCX42TZ2F8PA8H97PZT4G","vevor-400w-foldable-solar-panel-with-frame-16bb-n-type-monocrystalline-zddktynb1400rrwex001v2","CREATED"
"prod_01KP6FDNPB0HM1SE5C8NHGJM5M","vevor-400w-foldable-solar-panel-with-frame-16bb-n-type-monocrystalline-zddktynb1400rrwex001v2","ZDDKTYNB1100BEZX3001V2","prod_01KPJVCXAJA8TK5QK4W1RRN68M","vevor-100w-foldable-solar-panel-with-frame-16bb-n-type-portable-monocr-zddktynb1100bezx3001v2","CREATED"
"prod_01KP6FDNY7H8FD3E45GSBZ5Y5D","vevor-wall-molding-3-pack-wainscoting-panels-kit-lightweight-paintable-qmstjbyxtggzewl4q001v0","QMSTJBYXWS319E0MN001V0","prod_01KPJVCXV0WMRJX37TXND4WRGG","vevor-wall-molding-3-pack-wainscoting-panels-kit-with-dual-line-wide-n-qmstjbyxws319e0mn001v0","CREATED"
"prod_01KP6FDNY7H8FD3E45GSBZ5Y5D","vevor-wall-molding-3-pack-wainscoting-panels-kit-lightweight-paintable-qmstjbyxtggzewl4q001v0","QMSTJBYX20202NILF001V0","prod_01KPJVCY0V9XJSVN9JXQ0MDRZJ","vevor-wall-molding-12-pack-51-x-51-cm-wainscoting-panels-kit-lightweig-qmstjbyx20202nilf001v0","CREATED"
"prod_01KP6FDNY7H8FD3E45GSBZ5Y5D","vevor-wall-molding-3-pack-wainscoting-panels-kit-lightweight-paintable-qmstjbyxtggzewl4q001v0","QMSTJBYX2X1D4KCQL001V0","prod_01KPJVCY7EK8WFZ428Z0MFP3S2","vevor-wall-molding-3-pack-wainscoting-panels-kit-lightweight-paintable-qmstjbyx2x1d4kcql001v0","CREATED"
"prod_01KP6FDNY7H8FD3E45GSBZ5Y5D","vevor-wall-molding-3-pack-wainscoting-panels-kit-lightweight-paintable-qmstjbyxtggzewl4q001v0","QMSTJBYX2X1D7ZEYY001V0","prod_01KPJVCYDNQNFV44NRAXBRAQ1W","vevor-wall-molding-3-pack-wainscoting-panels-kit-lightweight-paintable-qmstjbyx2x1d7zeyy001v0","CREATED"
"prod_01KP6FDNY7H8FD3E45GSBZ5Y5D","vevor-wall-molding-3-pack-wainscoting-panels-kit-lightweight-paintable-qmstjbyxtggzewl4q001v0","QMSTJBYXSB77R53XW001V0","prod_01KPJVCYKWNDZF1H6JF341B811","vevor-wall-molding-kit-wainscoting-panels-lightweight-paintable-polyst-qmstjbyxsb77r53xw001v0","CREATED"
"prod_01KP6FDNY7H8FD3E45GSBZ5Y5D","vevor-wall-molding-3-pack-wainscoting-panels-kit-lightweight-paintable-qmstjbyxtggzewl4q001v0","QMSTJBYXTGGZR3GIF001V0","prod_01KPJVCYTCG6FDWG4FX3ZTARZ8","vevor-wall-molding-6-pack-wainscoting-panels-kit-lightweight-paintable-qmstjbyxtggzr3gif001v0","CREATED"
"prod_01KP6FDNY7H8FD3E45GSBZ5Y5D","vevor-wall-molding-3-pack-wainscoting-panels-kit-lightweight-paintable-qmstjbyxtggzewl4q001v0","QMSTJBYXTGGZEWL4Q001V0","prod_01KPJVCYZXK5FHB9W4NN3GMVKP","vevor-wall-molding-3-pack-wainscoting-panels-kit-lightweight-paintable-qmstjbyxtggzewl4q001v0","CREATED"
"prod_01KP6FDNY7H8FD3E45GSBZ5Y5D","vevor-wall-molding-3-pack-wainscoting-panels-kit-lightweight-paintable-qmstjbyxtggzewl4q001v0","QMSTJBYXTGGZTSDCK001V0","prod_01KPJVCZ6CG9M9FDQ9YP5R506E","vevor-wall-molding-3-pack-wainscoting-panels-kit-lightweight-paintable-qmstjbyxtggztsdck001v0","CREATED"
"prod_01KP6FDPTNER80E2BXRBBF4958","vevor-outdoor-grill-cart-800-x-610mm-stainless-steel-tabletop-size-gri-fzdkhwbctcfzdbabf001v0","FZDKHWBCTCFZBZL1Z001V0","prod_01KPJVCZMG6TSKAN2GCT6BFNPZ","vevor-outdoor-grill-cart-925-x-595-x-25mm-tabletop-size-grilling-table-fzdkhwbctcfzbzl1z001v0","CREATED"
"prod_01KP6FDPTNER80E2BXRBBF4958","vevor-outdoor-grill-cart-800-x-610mm-stainless-steel-tabletop-size-gri-fzdkhwbctcfzdbabf001v0","FZDKHWBCTCFZDBABF001V0","prod_01KPJVCZTVQGCCFMA0NZDNWTBC","vevor-outdoor-grill-cart-800-x-610mm-stainless-steel-tabletop-size-gri-fzdkhwbctcfzdbabf001v0","CREATED"
"prod_01KP6FDQ4AS173MBY7PTRJF1S3","vevor-outdoor-grill-cart-787-x-432mm-tabletop-size-grilling-table-fold-zdkhwbctckzdmmvjc001v0","ZDKHWBCTCKZDMMVJC001V0","prod_01KPJVD08Z8YTYDRPB24Q6SZMV","vevor-outdoor-grill-cart-787-x-432mm-tabletop-size-grilling-table-fold-zdkhwbctckzdmmvjc001v0","CREATED"
"prod_01KP6FDQ4AS173MBY7PTRJF1S3","vevor-outdoor-grill-cart-787-x-432mm-tabletop-size-grilling-table-fold-zdkhwbctckzdmmvjc001v0","ZDKHWBCTCKZDOQZD8001V0","prod_01KPJVD0E8620920F2TCP59M6D","vevor-outdoor-grill-cart-787-x-432mm-tabletop-size-grilling-table-fold-zdkhwbctckzdoqzd8001v0","CREATED"
"prod_01KP6FDQB8EBBFF1P1Z7MMD2CG","vevor-crash-pad-1500-x-1500-mm-crash-pad-for-kids-sensory-with-foam-bl-klfzdls55ftcv0mkn001v0","KLFZDLS55FTCV0MKN001V0","prod_01KPJVD0VZ9X1579D0C9YEQCDY","vevor-crash-pad-1500-x-1500-mm-crash-pad-for-kids-sensory-with-foam-bl-klfzdls55ftcv0mkn001v0","CREATED"
"prod_01KP6FDQB8EBBFF1P1Z7MMD2CG","vevor-crash-pad-1500-x-1500-mm-crash-pad-for-kids-sensory-with-foam-bl-klfzdls55ftcv0mkn001v0","KLFZDLS55FTC5DRW6001V0","prod_01KPJVD127A43HYRKHQ70XBAJD","vevor-crash-pad-1500-x-1500-mm-crash-pad-for-kids-sensory-with-foam-bl-klfzdls55ftc5drw6001v0","CREATED"
"prod_01KP6FDQJTG4H67MYXDJ88J6J2","vevor-beach-tent-sun-shelter-for-4-person-upf-50-protection-portable-s-jcxhtzplcpx4ko4qm001v0","JCXHTZPJYSJSTULY5001V0","prod_01KPJVD1GE49ZQVEG5VG8K1Y7F","vevor-beach-tent-sun-shelter-for-2-person-upf-50-protection-portable-s-jcxhtzpjysjstuly5001v0","CREATED"
"prod_01KP6FDQJTG4H67MYXDJ88J6J2","vevor-beach-tent-sun-shelter-for-4-person-upf-50-protection-portable-s-jcxhtzplcpx4ko4qm001v0","JCXHTZPLS3RC7E4E5001V0","prod_01KPJVD1PNK05W327XRJWSQR6V","vevor-beach-tent-sun-shelter-for-3-person-upf-50-protection-portable-s-jcxhtzpls3rc7e4e5001v0","CREATED"
"prod_01KP6FDQJTG4H67MYXDJ88J6J2","vevor-beach-tent-sun-shelter-for-4-person-upf-50-protection-portable-s-jcxhtzplcpx4ko4qm001v0","JCXHTZPLCPX4KO4QM001V0","prod_01KPJVD1X6BHH0WX07PDT1A23H","vevor-beach-tent-sun-shelter-for-4-person-upf-50-protection-portable-s-jcxhtzplcpx4ko4qm001v0","CREATED"
"prod_01KP6FDR3TB6SV03RFSJQPRH4B","vevor-above-ground-pool-pump-180w-10-800-l-h-max-flow-single-speed-swi-dsycglbozds1fnj0q001v2","DSYCGLBOZDS1CI15K001V2","prod_01KPJVD2CNZXDDV6TP8CT43EXN","vevor-pool-pump-1300w-28-800-l-h-max-flow-single-speed-swimming-pool-p-dsycglbozds1ci15k001v2","CREATED"
"prod_01KP6FDR3TB6SV03RFSJQPRH4B","vevor-above-ground-pool-pump-180w-10-800-l-h-max-flow-single-speed-swi-dsycglbozds1fnj0q001v2","DSYCGLBOZDS1FNJ0Q001V2","prod_01KPJVD2JGR0BXJK414M9CE0A9","vevor-above-ground-pool-pump-180w-10-800-l-h-max-flow-single-speed-swi-dsycglbozds1fnj0q001v2","CREATED"
"prod_01KP6FDR3TB6SV03RFSJQPRH4B","vevor-above-ground-pool-pump-180w-10-800-l-h-max-flow-single-speed-swi-dsycglbozds1fnj0q001v2","DSYCGLBOZDS3ITJKP001V2","prod_01KPJVD2RWR29AHNN67C1VWKPB","vevor-pool-pump-3000w-35-000-l-h-max-flow-single-speed-swimming-pool-p-dsycglbozds3itjkp001v2","CREATED"
"prod_01KP6FDR3TB6SV03RFSJQPRH4B","vevor-above-ground-pool-pump-180w-10-800-l-h-max-flow-single-speed-swi-dsycglbozds1fnj0q001v2","DSYCGLBOZDS40FXPD001V2","prod_01KPJVD2Z8RYP1Q6EZE15DTVTP","vevor-pool-pump-400w-11-100-l-h-max-flow-single-speed-swimming-pool-pu-dsycglbozds40fxpd001v2","CREATED"
"prod_01KP6FDR3TB6SV03RFSJQPRH4B","vevor-above-ground-pool-pump-180w-10-800-l-h-max-flow-single-speed-swi-dsycglbozds1fnj0q001v2","DSYCGLBOZDS5WLI6F001V2","prod_01KPJVD35NP4PXTHJAWJB6TWE6","vevor-pool-pump-550w-14-000-l-h-max-flow-single-speed-swimming-pool-pu-dsycglbozds5wli6f001v2","CREATED"
"prod_01KP6FDR3TB6SV03RFSJQPRH4B","vevor-above-ground-pool-pump-180w-10-800-l-h-max-flow-single-speed-swi-dsycglbozds1fnj0q001v2","DSYCGLBOZDS2DJMP6001V2","prod_01KPJVD3BWYS908XM3JESDPA0S","vevor-above-ground-pool-pump-250w-11-700-l-h-max-flow-single-speed-swi-dsycglbozds2djmp6001v2","CREATED"
"prod_01KP6FDREWZQ2GBKHEYHVCJ1VH","vevor-power-cage-squat-rack-multifunctional-power-rack-bench-press-equ-lgxsdjbdaqg04rfa1001v0","LGXSDJDAQG0045GQ4001V0","prod_01KPJVD3V3ZKT488N7BDK3CTJW","vevor-power-cage-squat-rack-multifunctional-power-rack-home-gym-streng-lgxsdjdaqg0045gq4001v0","CREATED"
"prod_01KP6FDREWZQ2GBKHEYHVCJ1VH","vevor-power-cage-squat-rack-multifunctional-power-rack-bench-press-equ-lgxsdjbdaqg04rfa1001v0","LGXSDJBDAQG04RFA1001V0","prod_01KPJVD41ETEBF8ESEH1W50GYF","vevor-power-cage-squat-rack-multifunctional-power-rack-bench-press-equ-lgxsdjbdaqg04rfa1001v0","CREATED"
"prod_01KP6FDREWZQ2GBKHEYHVCJ1VH","vevor-power-cage-squat-rack-multifunctional-power-rack-bench-press-equ-lgxsdjbdaqg04rfa1001v0","LGXSDJKDJKD0KSOIL001V0","prod_01KPJVD47NWQ2QF0SQ6J04YDPV","vevor-power-cage-rack-multifunctional-squat-rack-for-home-gym-width-ad-lgxsdjkdjkd0ksoil001v0","CREATED"
"prod_01KP6FDRXYXV5R6BVDPTJSJC8E","vevor-bakery-display-case-3-tier-commercial-countertop-pastry-display-mbzsjykljx2c3l13d001v0","MBZSJYKLTX3CN119G001V0","prod_01KPJVD4Q1BFMBXH1BEFK15GB6","vevor-bakery-display-case-4-tier-commercial-countertop-pastry-display-mbzsjykltx3cn119g001v0","CREATED"
"prod_01KP6FDRXYXV5R6BVDPTJSJC8E","vevor-bakery-display-case-3-tier-commercial-countertop-pastry-display-mbzsjykljx2c3l13d001v0","MBZSJYKLTYX2AZ4EE001V0","prod_01KPJVD4WY9CNWH94JQW2656PB","vevor-bakery-display-case-2-tier-commercial-countertop-pastry-display-mbzsjykltyx2az4ee001v0","CREATED"
"prod_01KP6FDRXYXV5R6BVDPTJSJC8E","vevor-bakery-display-case-3-tier-commercial-countertop-pastry-display-mbzsjykljx2c3l13d001v0","MBZSJYKLJX2C3L13D001V0","prod_01KPJVD53H9RFZQETHHVCZ4WVG","vevor-bakery-display-case-3-tier-commercial-countertop-pastry-display-mbzsjykljx2c3l13d001v0","CREATED"
"prod_01KP6FDRXYXV5R6BVDPTJSJC8E","vevor-bakery-display-case-3-tier-commercial-countertop-pastry-display-mbzsjykljx2c3l13d001v0","MBZSJYKLJX3CKQDVS001V0","prod_01KPJVD5977HKFYZG4N7B15K08","vevor-bakery-display-case-3-tier-commercial-countertop-pastry-display-mbzsjykljx3ckqdvs001v0","CREATED"
"prod_01KP6FDRXYXV5R6BVDPTJSJC8E","vevor-bakery-display-case-3-tier-commercial-countertop-pastry-display-mbzsjykljx2c3l13d001v0","MBZSJYKLJX2C29OHP001V0","prod_01KPJVD5FTB7WQAKN0HNZ8CMF9","vevor-bakery-display-case-2-tier-commercial-countertop-pastry-display-mbzsjykljx2c29ohp001v0","CREATED"
"prod_01KP6FDRXYXV5R6BVDPTJSJC8E","vevor-bakery-display-case-3-tier-commercial-countertop-pastry-display-mbzsjykljx2c3l13d001v0","MBZSJYKLTX2CM8YGC001V0","prod_01KPJVD5P833TBMHJZJZP9ZDD7","vevor-bakery-display-case-2-tier-commercial-countertop-pastry-display-mbzsjykltx2cm8ygc001v0","CREATED"
"prod_01KP6FDRXYXV5R6BVDPTJSJC8E","vevor-bakery-display-case-3-tier-commercial-countertop-pastry-display-mbzsjykljx2c3l13d001v0","MBZSJYKLJX3CJ2UNE001V0","prod_01KPJVD5WN050Q79N77E3A4JK5","vevor-bakery-display-case-4-tier-commercial-countertop-pastry-display-mbzsjykljx3cj2une001v0","CREATED"
"prod_01KP6FDSAVP7F5T12Y0YD3P9KA","vevor-6-pcs-micrometer-set-0-1-1-2-2-3-3-4-4-5-5-6-in-machinist-outsid-qfctzwjqfc06froyo001v0","QFCTZWJQFC06FROYO001V0","prod_01KPJVD6D16XRV751XWYZTPPE7","vevor-6-pcs-micrometer-set-0-1-1-2-2-3-3-4-4-5-5-6-in-machinist-outsid-qfctzwjqfc06froyo001v0","CREATED"
"prod_01KP6FDSAVP7F5T12Y0YD3P9KA","vevor-6-pcs-micrometer-set-0-1-1-2-2-3-3-4-4-5-5-6-in-machinist-outsid-qfctzwjqfc06froyo001v0","QFCTZWJQFC04NF184001V0","prod_01KPJVD6JZ8ZNVVB22XXZAKDBK","vevor-4-pcs-micrometer-set-0-1-1-2-2-3-3-4-in-machinist-outside-microm-qfctzwjqfc04nf184001v0","CREATED"
"prod_01KP6FDSAVP7F5T12Y0YD3P9KA","vevor-6-pcs-micrometer-set-0-1-1-2-2-3-3-4-4-5-5-6-in-machinist-outsid-qfctzwjqfc06froyo001v0","QFCTZWJQFC01PF0V5001V9","prod_01KPJVD6SKBZJ2245XHBR1FNAW","vevor-micrometer-set-digital-outside-micrometer-0-25-4-mm-measuring-ra-qfctzwjqfc01pf0v5001v9","CREATED"
"prod_01KP6FDSAVP7F5T12Y0YD3P9KA","vevor-6-pcs-micrometer-set-0-1-1-2-2-3-3-4-4-5-5-6-in-machinist-outsid-qfctzwjqfc06froyo001v0","QFCTZSDQFC02IKN1A001V0","prod_01KPJVD6ZSGVJYJP8HSTGJD9TM","vevor-depth-gauge-depth-micrometer-0-22-in-measuring-range-0-001-in-re-qfctzsdqfc02ikn1a001v0","CREATED"
"prod_01KP6FDSAVP7F5T12Y0YD3P9KA","vevor-6-pcs-micrometer-set-0-1-1-2-2-3-3-4-4-5-5-6-in-machinist-outsid-qfctzwjqfc06froyo001v0","QFCTZSDQFC021T0P7001V9","prod_01KPJVD76AECCMFQ6DSFENBQ9Z","vevor-depth-gauge-depth-micrometer-digital-electronic-indicator-0-558-qfctzsdqfc021t0p7001v9","CREATED"
"prod_01KP6FDSY1CMAM0K34V1MXYARR","vevor-50l-air-compressor-1-5-kw-113l-min-at-6-2-bar-max-8-bar-pressure-qxklskyj220vtgfci001v2","QXKLSKYJ220VTGFCI001V2","prod_01KPJVD7M99H7K01Y4HCB8TARP","vevor-50l-air-compressor-1-5-kw-113l-min-at-6-2-bar-max-8-bar-pressure-qxklskyj220vtgfci001v2","CREATED"
"prod_01KP6FDSY1CMAM0K34V1MXYARR","vevor-50l-air-compressor-1-5-kw-113l-min-at-6-2-bar-max-8-bar-pressure-qxklskyj220vtgfci001v2","QXKLSKYJ220VCA6H2001V2","prod_01KPJVD7T6343F3JM9PGD6VVV4","vevor-30l-air-compressor-1-5kw-113l-min-at-6-2-bar-air-compressors-max-qxklskyj220vca6h2001v2","CREATED"
"prod_01KP6FDTC51EQ565WPBTSWVVTS","vevor-pop-rivet-gun-kit-with-230-blind-rivets-two-handed-riveter-with-cxlmqsbs16ycydm9h001v0","CXLMQSBS16YCYDM9H001V0","prod_01KPJVD8783E1T3P1QYC397PC1","vevor-pop-rivet-gun-kit-with-230-blind-rivets-two-handed-riveter-with-cxlmqsbs16ycydm9h001v0","CREATED"
"prod_01KP6FDTC51EQ565WPBTSWVVTS","vevor-pop-rivet-gun-kit-with-230-blind-rivets-two-handed-riveter-with-cxlmqsbs16ycydm9h001v0","CXLMQZXDBS9I9P08D001V0","prod_01KPJVD8DWKRS02ZCTTSCN65AN","vevor-pop-rivet-gun-kit-with-200-blind-rivets-heavy-duty-single-hand-r-cxlmqzxdbs9i9p08d001v0","CREATED"
"prod_01KP6FDTN9Z9WGHPVAK12PE3ZA","vevor-tow-behind-lawn-spreader-3m-spreading-width-garden-lawn-spreader-qyssbj85lbs1z4dtf001v0","QYSSBJ85LBS1Z4DTF001V0","prod_01KPJVD8TPXQ6Z2N3Q7FK3VZ85","vevor-tow-behind-lawn-spreader-3m-spreading-width-garden-lawn-spreader-qyssbj85lbs1z4dtf001v0","CREATED"
"prod_01KP6FDTN9Z9WGHPVAK12PE3ZA","vevor-tow-behind-lawn-spreader-3m-spreading-width-garden-lawn-spreader-qyssbj85lbs1z4dtf001v0","QYSSBJ100LBS1OBQG001V0","prod_01KPJVD915XJ0DT9JV7A0CCH8Z","vevor-tow-behind-lawn-spreader-with-aeration-spikes-0-81m-spreading-wi-qyssbj100lbs1obqg001v0","CREATED"
"prod_01KP6FDTVAVRZY1NSY16DER4AR","vevor-manhole-cover-with-frame-400-x-400mm-invisible-recessed-septic-t-jgjkjqrsjgjkm6zmg001v0","JGJKJQRSJGJKM6ZMG001V0","prod_01KPJVD9GH0716F6K7ERM7JAYD","vevor-manhole-cover-with-frame-400-x-400mm-invisible-recessed-septic-t-jgjkjqrsjgjkm6zmg001v0","CREATED"
"prod_01KP6FDTVAVRZY1NSY16DER4AR","vevor-manhole-cover-with-frame-400-x-400mm-invisible-recessed-septic-t-jgjkjqrsjgjkm6zmg001v0","JGJKJQRSJGJKVCT0W001V0","prod_01KPJVD9PPR82GAJXJXYJEE61R","vevor-manhole-cover-with-frame-500-x-500mm-invisible-recessed-septic-t-jgjkjqrsjgjkvct0w001v0","CREATED"
"prod_01KP6FDTVAVRZY1NSY16DER4AR","vevor-manhole-cover-with-frame-400-x-400mm-invisible-recessed-septic-t-jgjkjqrsjgjkm6zmg001v0","JGJKJQRSJGJK87WK9001V0","prod_01KPJVD9WTRAB12YV3P8TW9T3J","vevor-manhole-cover-with-frame-600-x-600mm-invisible-recessed-septic-t-jgjkjqrsjgjk87wk9001v0","CREATED"
"prod_01KP6FDTVAVRZY1NSY16DER4AR","vevor-manhole-cover-with-frame-400-x-400mm-invisible-recessed-septic-t-jgjkjqrsjgjkm6zmg001v0","JGJKJQRSJGJK8J7J6001V0","prod_01KPJVDA30BYM8C665VMGBGBM8","vevor-manhole-cover-with-frame-300-x-300mm-invisible-recessed-septic-t-jgjkjqrsjgjk8j7j6001v0","CREATED"
"prod_01KP6FDTVAVRZY1NSY16DER4AR","vevor-manhole-cover-with-frame-400-x-400mm-invisible-recessed-septic-t-jgjkjqrsjgjkm6zmg001v0","JGJKJFTSJGJKJ8PUV001V0","prod_01KPJVDA8PPA76N8AMYNH2X48X","vevor-manhole-cover-with-frame-500-x-500mm-square-septic-tank-lid-with-jgjkjftsjgjkj8puv001v0","CREATED"
"prod_01KP6FDTVAVRZY1NSY16DER4AR","vevor-manhole-cover-with-frame-400-x-400mm-invisible-recessed-septic-t-jgjkjqrsjgjkm6zmg001v0","JGJKJFTSJGJKATG7Y001V0","prod_01KPJVDAF8Q6STTN64DT69QNP6","vevor-manhole-cover-with-frame-600-x-600mm-square-septic-tank-lid-with-jgjkjftsjgjkatg7y001v0","CREATED"
"prod_01KP6FDV77Z1ABQTBMZHB4KPHS","vevor-foldable-push-cart-dolly-149-69-kg-capacity-folding-platform-tru-zdpbc330lbsltuw2q001v0","ZDPBC330LBSLTUW2Q001V0","prod_01KPJVDAYPPWKXEK8W9MAZ3B9D","vevor-foldable-push-cart-dolly-149-69-kg-capacity-folding-platform-tru-zdpbc330lbsltuw2q001v0","CREATED"
"prod_01KP6FDV77Z1ABQTBMZHB4KPHS","vevor-foldable-push-cart-dolly-149-69-kg-capacity-folding-platform-tru-zdpbc330lbsltuw2q001v0","ZDPBC660LBSHOVKPR001V0","prod_01KPJVDB4YGF3HA44K8AJPVQ65","vevor-foldable-push-cart-dolly-299-37-kg-capacity-folding-platform-tru-zdpbc660lbshovkpr001v0","CREATED"
"prod_01KP6FDV77Z1ABQTBMZHB4KPHS","vevor-foldable-push-cart-dolly-149-69-kg-capacity-folding-platform-tru-zdpbc330lbsltuw2q001v0","ZDPBCHJG330L9M03B001V0","prod_01KPJVDBA69SZT8Z5YS5A3RG88","vevor-foldable-push-cart-dolly-149-69-kg-capacity-folding-platform-tru-zdpbchjg330l9m03b001v0","CREATED"
"prod_01KP6FDV77Z1ABQTBMZHB4KPHS","vevor-foldable-push-cart-dolly-149-69-kg-capacity-folding-platform-tru-zdpbc330lbsltuw2q001v0","ZDPBC2000LBSULEYG001V0","prod_01KPJVDBGSJAW29X34QAZSK7PQ","vevor-platform-truck-907-18-kg-capacity-heavy-duty-steel-flatbed-cart-zdpbc2000lbsuleyg001v0","CREATED"
"prod_01KP6FDV77Z1ABQTBMZHB4KPHS","vevor-foldable-push-cart-dolly-149-69-kg-capacity-folding-platform-tru-zdpbc330lbsltuw2q001v0","ZDPBC2650LBSXIZEP001V0","prod_01KPJVDBPZ3ZJQ3Q0Y8WBME0HH","vevor-platform-truck-1202-02-kg-capacity-heavy-duty-flatbed-cart-dolly-zdpbc2650lbsxizep001v0","CREATED"
"prod_01KP6FDV77Z1ABQTBMZHB4KPHS","vevor-foldable-push-cart-dolly-149-69-kg-capacity-folding-platform-tru-zdpbc330lbsltuw2q001v0","ZDPBC1000LBSD81EN001V0","prod_01KPJVDBX550CTEQ70TA6NHFBS","vevor-foldable-push-cart-dolly-453-59-kg-capacity-folding-platform-tru-zdpbc1000lbsd81en001v0","CREATED"
"prod_01KP6FDV77Z1ABQTBMZHB4KPHS","vevor-foldable-push-cart-dolly-149-69-kg-capacity-folding-platform-tru-zdpbc330lbsltuw2q001v0","ZDPBC660LBSH5JCAM001V0","prod_01KPJVDC3QKVNX2RNAB6NG5331","vevor-foldable-push-cart-dolly-299-37-kg-capacity-folding-platform-tru-zdpbc660lbsh5jcam001v0","CREATED"
"prod_01KP6FDWE4P0AH0MH5CKMSAKE2","vevor-stanchion-post-8-pcs-crowd-control-barrier-set-with-red-carpet-6-qtglzdsdjshrd6jnu001v0","QTGLZDSDJSHRD6JNU001V0","prod_01KPJVDCMTWCVQGQ20TW30AHNF","vevor-stanchion-post-8-pcs-crowd-control-barrier-set-with-red-carpet-6-qtglzdsdjshrd6jnu001v0","CREATED"
"prod_01KP6FDWE4P0AH0MH5CKMSAKE2","vevor-stanchion-post-8-pcs-crowd-control-barrier-set-with-red-carpet-6-qtglzdsdjshrd6jnu001v0","QTGLZDSDHSHRSQ36L001V0","prod_01KPJVDCV0WKB8TJDDEF1885S1","vevor-stanchion-post-4-pcs-crowd-control-barrier-set-with-2-black-velv-qtglzdsdhshrsq36l001v0","CREATED"
"prod_01KP6FDWE4P0AH0MH5CKMSAKE2","vevor-stanchion-post-8-pcs-crowd-control-barrier-set-with-red-carpet-6-qtglzdsdjshrd6jnu001v0","QTGLZDSDHSHR1N312001V0","prod_01KPJVDD1HDXEXF2953HMJP27T","vevor-stanchion-post-8-pcs-crowd-control-barrier-set-with-6-black-velv-qtglzdsdhshr1n312001v0","CREATED"
"prod_01KP6FDWE4P0AH0MH5CKMSAKE2","vevor-stanchion-post-8-pcs-crowd-control-barrier-set-with-red-carpet-6-qtglzdsdjshrd6jnu001v0","QTGLZDSDJSHRFLWJ1001V0","prod_01KPJVDD81GX1NVVZ665TPDMQY","vevor-stanchion-post-6-pcs-crowd-control-barrier-set-with-red-carpet-4-qtglzdsdjshrflwj1001v0","CREATED"
"prod_01KP6FDWE4P0AH0MH5CKMSAKE2","vevor-stanchion-post-8-pcs-crowd-control-barrier-set-with-red-carpet-6-qtglzdsdjshrd6jnu001v0","QTGLZDSDHSHRG23ZJ001V0","prod_01KPJVDDE8VRJ72EDB2HYCEPEF","vevor-stanchion-post-6-pcs-crowd-control-barrier-set-with-red-carpet-4-qtglzdsdhshrg23zj001v0","CREATED"
"prod_01KP6FDWQZX2S7BNPRQ7ND486D","vevor-4-pcs-red-velvet-stanchion-ropes-1-5-m-crowd-control-stanchion-r-glzsspj5ftjgxongl001v0","GLZSSPJ5FTJGYJ0K3001V0","prod_01KPJVDDX3E8WPSWHQ3JWNJ19D","vevor-4-pcs-black-velvet-stanchion-ropes-1-5-m-crowd-control-stanchion-glzsspj5ftjgyj0k3001v0","CREATED"
"prod_01KP6FDWQZX2S7BNPRQ7ND486D","vevor-4-pcs-red-velvet-stanchion-ropes-1-5-m-crowd-control-stanchion-r-glzsspj5ftjgxongl001v0","GLZSSPJ5FTJGQ4KCM001V0","prod_01KPJVDE3E2XQN5S4EC5JDVHYF","vevor-2-pcs-black-velvet-stanchion-ropes-1-5-m-crowd-control-stanchion-glzsspj5ftjgq4kcm001v0","CREATED"
"prod_01KP6FDWQZX2S7BNPRQ7ND486D","vevor-4-pcs-red-velvet-stanchion-ropes-1-5-m-crowd-control-stanchion-r-glzsspj5ftjgxongl001v0","GLZSSPJ5FTJGXONGL001V0","prod_01KPJVDE9T95NCJ54ZMKQJSFZ7","vevor-4-pcs-red-velvet-stanchion-ropes-1-5-m-crowd-control-stanchion-r-glzsspj5ftjgxongl001v0","CREATED"
"prod_01KP6FDWQZX2S7BNPRQ7ND486D","vevor-4-pcs-red-velvet-stanchion-ropes-1-5-m-crowd-control-stanchion-r-glzsspj5ftjgxongl001v0","GLZSSPJ5FTYGB19MP001V0","prod_01KPJVDEG1S24TQ7JXBA2TBMDZ","vevor-2-pcs-red-velvet-stanchion-ropes-1-5-m-crowd-control-stanchion-r-glzsspj5ftygb19mp001v0","CREATED"
"prod_01KP6FDWQZX2S7BNPRQ7ND486D","vevor-4-pcs-red-velvet-stanchion-ropes-1-5-m-crowd-control-stanchion-r-glzsspj5ftjgxongl001v0","GLZSSPJ5FTJG1B6I7001V0","prod_01KPJVDEP9K9GJ663CBS8YEVVM","vevor-2-pcs-red-velvet-stanchion-ropes-1-5-m-crowd-control-stanchion-r-glzsspj5ftjg1b6i7001v0","CREATED"
"prod_01KP6FDWQZX2S7BNPRQ7ND486D","vevor-4-pcs-red-velvet-stanchion-ropes-1-5-m-crowd-control-stanchion-r-glzsspj5ftjgxongl001v0","GLZSSPJ5FTYG146BI001V0","prod_01KPJVDEWAEFHKQ0747G943TNP","vevor-4-pcs-red-velvet-stanchion-ropes-1-5-m-crowd-control-stanchion-r-glzsspj5ftyg146bi001v0","CREATED"
"prod_01KP6FDX3KGH46DZSRJHYVV4PE","vevor-beach-tent-sun-shelter-for-4-person-upf-50-protection-portable-s-bxshtzpdbjc4mornx001v0","BXSHTZPDBJC4MORNX001V0","prod_01KPJVDFB89XFXZM0SJ16T01ZS","vevor-beach-tent-sun-shelter-for-4-person-upf-50-protection-portable-s-bxshtzpdbjc4mornx001v0","CREATED"
"prod_01KP6FDX3KGH46DZSRJHYVV4PE","vevor-beach-tent-sun-shelter-for-4-person-upf-50-protection-portable-s-bxshtzpdbjc4mornx001v0","BXSHTZPDBJC84S34S001V0","prod_01KPJVDFHH9F4A5D4BSPHBXQC2","vevor-beach-tent-sun-shelter-for-8-person-upf-50-protection-portable-s-bxshtzpdbjc84s34s001v0","CREATED"
"prod_01KP6FDX3KGH46DZSRJHYVV4PE","vevor-beach-tent-sun-shelter-for-4-person-upf-50-protection-portable-s-bxshtzpdbjc4mornx001v0","BXSHTZPDBJC6IOET9001V0","prod_01KPJVDFQS0ACMWEXYXYMJJZ7B","vevor-beach-tent-sun-shelter-for-6-person-upf-50-protection-portable-s-bxshtzpdbjc6ioet9001v0","CREATED"
"prod_01KP6FDX3KGH46DZSRJHYVV4PE","vevor-beach-tent-sun-shelter-for-4-person-upf-50-protection-portable-s-bxshtzpdbjc4mornx001v0","BXSHTZPDBJC3ZR6KP001V0","prod_01KPJVDFY8E47NZ8K5MW4B1WKV","vevor-beach-tent-sun-shelter-for-3-person-upf-50-protection-portable-s-bxshtzpdbjc3zr6kp001v0","CREATED"
"prod_01KP6FDXCP4B5NMCNMA6E8D6DT","vevor-wood-pet-stairs-4-step-dog-stairs-for-beds-sofa-cars-68-kg-load-ltsfzdgltkfpb0yy9001v0","LTSFZDGLTGDSC1LHO001V0","prod_01KPJVDGCW2WWPZ41PPMMEKJBH","vevor-wood-pet-stairs-4-step-dog-stairs-for-high-beds-sofa-cars-68-kg-ltsfzdgltgdsc1lho001v0","CREATED"
"prod_01KP6FDXCP4B5NMCNMA6E8D6DT","vevor-wood-pet-stairs-4-step-dog-stairs-for-beds-sofa-cars-68-kg-load-ltsfzdgltkfpb0yy9001v0","LTSFZDGLTKFPZ6IC6001V0","prod_01KPJVDGJERRYGNS88HKKN5H8J","vevor-wood-pet-stairs-5-step-dog-stairs-for-beds-sofa-cars-68-kg-load-ltsfzdgltkfpz6ic6001v0","CREATED"
"prod_01KP6FDXCP4B5NMCNMA6E8D6DT","vevor-wood-pet-stairs-4-step-dog-stairs-for-beds-sofa-cars-68-kg-load-ltsfzdgltkfpb0yy9001v0","LTSFZDGLTKFPL92A7001V0","prod_01KPJVDGRWX4H99HQF6Y2P7YRX","vevor-wood-pet-stairs-2-step-dog-stairs-for-beds-sofa-cars-50-kg-load-ltsfzdgltkfpl92a7001v0","CREATED"
"prod_01KP6FDXCP4B5NMCNMA6E8D6DT","vevor-wood-pet-stairs-4-step-dog-stairs-for-beds-sofa-cars-68-kg-load-ltsfzdgltkfpb0yy9001v0","LTSFZDGLTKFPMMCSK001V0","prod_01KPJVDGZAV58KP77SVX4H1JN5","vevor-wood-pet-stairs-3-step-dog-stairs-for-beds-sofa-cars-68-kg-load-ltsfzdgltkfpmmcsk001v0","CREATED"
"prod_01KP6FDXCP4B5NMCNMA6E8D6DT","vevor-wood-pet-stairs-4-step-dog-stairs-for-beds-sofa-cars-68-kg-load-ltsfzdgltkfpb0yy9001v0","LTSFZDGLTGDSYZY74001V0","prod_01KPJVDH5SS1E3FV4F39Q84NJZ","vevor-wood-pet-stairs-3-step-dog-stairs-for-high-beds-sofa-cars-68-kg-ltsfzdgltgdsyzy74001v0","CREATED"
"prod_01KP6FDXCP4B5NMCNMA6E8D6DT","vevor-wood-pet-stairs-4-step-dog-stairs-for-beds-sofa-cars-68-kg-load-ltsfzdgltkfpb0yy9001v0","LTSFZDGLTGDSEIUIM001V0","prod_01KPJVDHC4SHWHJ2ZAENSJST7E","vevor-wood-pet-stairs-5-step-dog-stairs-for-high-beds-sofa-cars-68-kg-ltsfzdgltgdseiuim001v0","CREATED"
"prod_01KP6FDXCP4B5NMCNMA6E8D6DT","vevor-wood-pet-stairs-4-step-dog-stairs-for-beds-sofa-cars-68-kg-load-ltsfzdgltkfpb0yy9001v0","LTSFZDGLTKFPB0YY9001V0","prod_01KPJVDHJNXN0W71RS97019BJP","vevor-wood-pet-stairs-4-step-dog-stairs-for-beds-sofa-cars-68-kg-load-ltsfzdgltkfpb0yy9001v0","CREATED"
"prod_01KP6FDYH62KE50GEQXTRYAVXJ","vevor-solder-fume-extractor-upgraded-4-stage-filtration-soldering-smok-tsdkpyjyks514welu001v2","TSDKPYJYKS514WELU001V2","prod_01KPJVDJ0RWKGNNP54B2HMN3FS","vevor-solder-fume-extractor-upgraded-4-stage-filtration-soldering-smok-tsdkpyjyks514welu001v2","CREATED"
"prod_01KP6FDYH62KE50GEQXTRYAVXJ","vevor-solder-fume-extractor-upgraded-4-stage-filtration-soldering-smok-tsdkpyjyks514welu001v2","TSDKPYJBMAJ1UMCEE001V2","prod_01KPJVDJ790AKPEATGYWTXGZYA","vevor-solder-fume-extractor-3-stage-filtration-soldering-smoke-absorbe-tsdkpyjbmaj1umcee001v2","CREATED"
"prod_01KP6FDYTG40SQXR148EA378B9","vevor-drain-cleaner-machine-30m-x-19mm-auto-feed-sewer-snake-auger-por-gdstjlsgtszd6czh9001v2","GDSTJLSGTSZDYGHE9001V2","prod_01KPJVDJMZ6JQB8WVG47T8Y5CH","vevor-drain-cleaner-machine-30m-x-12-7mm-auto-feed-sewer-snake-auger-p-gdstjlsgtszdyghe9001v2","CREATED"
"prod_01KP6FDYTG40SQXR148EA378B9","vevor-drain-cleaner-machine-30m-x-19mm-auto-feed-sewer-snake-auger-por-gdstjlsgtszd6czh9001v2","GDSTJLSGTSSD3Q964001V2","prod_01KPJVDJVG95GVZCT0K5WN98KK","vevor-drain-cleaner-machine-22m-x-9-5mm-sewer-snake-auger-manual-feed-gdstjlsgtssd3q964001v2","CREATED"
"prod_01KP6FDYTG40SQXR148EA378B9","vevor-drain-cleaner-machine-30m-x-19mm-auto-feed-sewer-snake-auger-por-gdstjlsgtszd6czh9001v2","GDSTJLSGTSZD6CZH9001V2","prod_01KPJVDK1Z0E07HPSAPX8BS2DD","vevor-drain-cleaner-machine-30m-x-19mm-auto-feed-sewer-snake-auger-por-gdstjlsgtszd6czh9001v2","CREATED"
"prod_01KP6FDZ2HN3NKQPHNHRTW5WKP","vevor-portable-power-station-2400w-portable-solar-generator-with-200w-kzscndytjzdtg9gzz001v2","KZSCNDYTJZDTG9GZZ001V2","prod_01KPJVDKF6VRY9QMD04D13DRBH","vevor-portable-power-station-2400w-portable-solar-generator-with-200w-kzscndytjzdtg9gzz001v2","CREATED"
"prod_01KP6FDZ2HN3NKQPHNHRTW5WKP","vevor-portable-power-station-2400w-portable-solar-generator-with-200w-kzscndytjzdtg9gzz001v2","KZSCNDYTJZDTMIYY2001V2","prod_01KPJVDKNDCW2FYC2940HRXVKD","vevor-portable-power-station-2400w-portable-solar-generator-with-2pcs-kzscndytjzdtmiyy2001v2","CREATED"
"prod_01KP6FDZA0PTAXZ10WAPBYW18P","vevor-kids-piano-keyboard-25-keys-wooden-digital-piano-for-kids-mini-m-mzdzqcsslw82vx097001v9","MZDZQ25JYMSSYYQ1N001V9","prod_01KPJVDM4GAR57RZGWS9J63V0S","vevor-kids-piano-keyboard-25-keys-wooden-digital-piano-for-kids-mini-m-mzdzq25jymssyyq1n001v9","CREATED"
"prod_01KP6FDZA0PTAXZ10WAPBYW18P","vevor-kids-piano-keyboard-25-keys-wooden-digital-piano-for-kids-mini-m-mzdzqcsslw82vx097001v9","MZDZQCSSLW82VX097001V9","prod_01KPJVDMAR1W50VS4Z5PQGRRK6","vevor-kids-piano-keyboard-25-keys-wooden-digital-piano-for-kids-mini-m-mzdzqcsslw82vx097001v9","CREATED"
"prod_01KP6FDZA0PTAXZ10WAPBYW18P","vevor-kids-piano-keyboard-25-keys-wooden-digital-piano-for-kids-mini-m-mzdzqcsslw82vx097001v9","MZDZQYMSSLW3ZCXB6001V9","prod_01KPJVDMH1EYY933A5N567XH0R","vevor-kids-piano-keyboard-37-keys-wooden-digital-piano-for-kids-mini-m-mzdzqymsslw3zcxb6001v9","CREATED"
"prod_01KP6FDZA0PTAXZ10WAPBYW18P","vevor-kids-piano-keyboard-25-keys-wooden-digital-piano-for-kids-mini-m-mzdzqcsslw82vx097001v9","MZDZQ37JYMSSF1OMD001V9","prod_01KPJVDMQG8YFG1FGH9A73K60E","vevor-kids-piano-keyboard-37-key-wooden-digital-piano-for-kids-mini-mu-mzdzq37jymssf1omd001v9","CREATED"
"prod_01KP6FDZJQ4YT807889ZZMGQV9","vevor-baby-spacecraft-musical-table-toys-for-1-3-years-old-learning-ac-dzsgetwjxxzsj5hhn001v9","DZSGETWJXXZSJ5HHN001V9","prod_01KPJVDN5E3M4VDFYSJKEX034K","vevor-baby-spacecraft-musical-table-toys-for-1-3-years-old-learning-ac-dzsgetwjxxzsj5hhn001v9","CREATED"
"prod_01KP6FDZJQ4YT807889ZZMGQV9","vevor-baby-spacecraft-musical-table-toys-for-1-3-years-old-learning-ac-dzsgetwjxxzsj5hhn001v9","DZSGETWJXXZSCJ5YS001V9","prod_01KPJVDNBPZVBS12M0N62A02NT","vevor-baby-dj-playset-for-toddlers-1-3-educational-musical-table-toys-dzsgetwjxxzscj5ys001v9","CREATED"
"prod_01KP6FE07HHPEHZ8QS0FSHQ6GA","vevor-330mm-vinyl-floor-cutter-12mm-thick-laminate-flooring-cutter-wit-flxqgdbqgj13yqw5r001v0","FLXQGDBQGJ13YQW5R001V0","prod_01KPJVDNS7JQRWTRY5Z1H0HWNV","vevor-330mm-vinyl-floor-cutter-12mm-thick-laminate-flooring-cutter-wit-flxqgdbqgj13yqw5r001v0","CREATED"
"prod_01KP6FE07HHPEHZ8QS0FSHQ6GA","vevor-330mm-vinyl-floor-cutter-12mm-thick-laminate-flooring-cutter-wit-flxqgdbqgj13yqw5r001v0","FLXQGDBQGJ13VSPVE001V0","prod_01KPJVDNZP33PJXY7XPS48QP4T","vevor-330mm-vinyl-floor-cutter-16mm-thick-laminate-flooring-cutter-wit-flxqgdbqgj13vspve001v0","CREATED"
"prod_01KP6FE0EKFE8YC6V74HS92P1S","vevor-portable-laser-engraver-5000-mm-s-high-speed-12w-handheld-blue-l-bxszjjgdkjlgjfiyt001v2","BXSZJJGDKJSG9KWT7001V2","prod_01KPJVDPDNP9JV6S94BQGN5V3R","vevor-2-in-1-dual-laser-engraver-10-000-mm-s-high-speed-portable-20w-b-bxszjjgdkjsg9kwt7001v2","CREATED"
"prod_01KP6FE0EKFE8YC6V74HS92P1S","vevor-portable-laser-engraver-5000-mm-s-high-speed-12w-handheld-blue-l-bxszjjgdkjlgjfiyt001v2","BXSZJJGDKJLGJFIYT001V2","prod_01KPJVDPKZGSB116NKY8T4FN3C","vevor-portable-laser-engraver-5000-mm-s-high-speed-12w-handheld-blue-l-bxszjjgdkjlgjfiyt001v2","CREATED"
"prod_01KP6FE0P1TR7NN4TVSP1MXGHE","vevor-rug-pad-2-74-x-3-66-m-non-slip-carpet-area-pad-rug-mat-padding-w-tprdtd912ft01hd03001v0","TPRDTD57FT01YBLT2001V0","prod_01KPJVDQ2PKXZR332AWPMD5KSS","vevor-rug-pad-1-52-x-2-13-m-non-slip-carpet-area-pad-rug-mat-padding-w-tprdtd57ft01yblt2001v0","CREATED"
"prod_01KP6FE0P1TR7NN4TVSP1MXGHE","vevor-rug-pad-2-74-x-3-66-m-non-slip-carpet-area-pad-rug-mat-padding-w-tprdtd912ft01hd03001v0","TPRDTD1014FT8ZDLF001V0","prod_01KPJVDQ91XG63F0JXCC408DFM","vevor-rug-pad-3-05-x-4-27-m-non-slip-carpet-area-pad-rug-mat-padding-w-tprdtd1014ft8zdlf001v0","CREATED"
"prod_01KP6FE0P1TR7NN4TVSP1MXGHE","vevor-rug-pad-2-74-x-3-66-m-non-slip-carpet-area-pad-rug-mat-padding-w-tprdtd912ft01hd03001v0","TPRDTD35FT0246OWT001V0","prod_01KPJVDQFG1ZAEY4HATX3AXTHY","vevor-rug-pad-0-91-x-1-52-m-non-slip-carpet-area-pad-rug-mat-padding-w-tprdtd35ft0246owt001v0","CREATED"
"prod_01KP6FE0P1TR7NN4TVSP1MXGHE","vevor-rug-pad-2-74-x-3-66-m-non-slip-carpet-area-pad-rug-mat-padding-w-tprdtd912ft01hd03001v0","TPRDTD912FT01HD03001V0","prod_01KPJVDQNN8M75P1SRCS5DGDCT","vevor-rug-pad-2-74-x-3-66-m-non-slip-carpet-area-pad-rug-mat-padding-w-tprdtd912ft01hd03001v0","CREATED"
"prod_01KP6FE0P1TR7NN4TVSP1MXGHE","vevor-rug-pad-2-74-x-3-66-m-non-slip-carpet-area-pad-rug-mat-padding-w-tprdtd912ft01hd03001v0","TPRDTD810FT0F01B4001V0","prod_01KPJVDQW3XJ7EQ3H2890048S2","vevor-rug-pad-2-44-x-3-05-m-non-slip-carpet-area-pad-rug-mat-padding-w-tprdtd810ft0f01b4001v0","CREATED"
"prod_01KP6FE0P1TR7NN4TVSP1MXGHE","vevor-rug-pad-2-74-x-3-66-m-non-slip-carpet-area-pad-rug-mat-padding-w-tprdtd912ft01hd03001v0","TPRDTD85FT02Q78V1001V0","prod_01KPJVDR2HPJ046RQP5W25GM5V","vevor-rug-pad-2-44-x-1-52-m-non-slip-carpet-area-pad-rug-mat-padding-w-tprdtd85ft02q78v1001v0","CREATED"
"prod_01KP6FE17QGVXXP991NF59S5MB","vevor-car-audio-amplifier-4-channel-bridgeable-car-amplifier-multichan-4tdabl4x300wnf5gg001v9","4TDABL4X100WHSZA8001V9","prod_01KPJVDRJ9F0QMKEW5C85CNHM8","vevor-car-audio-amplifier-4-channel-bridgeable-car-amplifier-multichan-4tdabl4x100whsza8001v9","CREATED"
"prod_01KP6FE17QGVXXP991NF59S5MB","vevor-car-audio-amplifier-4-channel-bridgeable-car-amplifier-multichan-4tdabl4x300wnf5gg001v9","4TDDL4X300WRKT1RV001V9","prod_01KPJVDRQYWXJQN447K529ZTMJ","vevor-car-audio-amplifier-4-channel-bridgeable-car-amplifier-multichan-4tddl4x300wrkt1rv001v9","CREATED"
"prod_01KP6FE17QGVXXP991NF59S5MB","vevor-car-audio-amplifier-4-channel-bridgeable-car-amplifier-multichan-4tdabl4x300wnf5gg001v9","4TDDL4X200WRNVNK2001V9","prod_01KPJVDRY3E4FJ4SR8S6AXZ6DS","vevor-car-audio-amplifier-4-channel-bridgeable-car-amplifier-multichan-4tddl4x200wrnvnk2001v9","CREATED"
"prod_01KP6FE17QGVXXP991NF59S5MB","vevor-car-audio-amplifier-4-channel-bridgeable-car-amplifier-multichan-4tdabl4x300wnf5gg001v9","4TDABL4X300WNF5GG001V9","prod_01KPJVDS3J3CZ29S4JT5B563YW","vevor-car-audio-amplifier-4-channel-bridgeable-car-amplifier-multichan-4tdabl4x300wnf5gg001v9","CREATED"
"prod_01KP6FE17QGVXXP991NF59S5MB","vevor-car-audio-amplifier-4-channel-bridgeable-car-amplifier-multichan-4tdabl4x300wnf5gg001v9","4TDDL4X80WRM9NB6L001V9","prod_01KPJVDSAK87SDCM08TA94MDMF","vevor-car-audio-amplifier-4-channel-bridgeable-car-amplifier-multichan-4tddl4x80wrm9nb6l001v9","CREATED"
"prod_01KP6FE17QGVXXP991NF59S5MB","vevor-car-audio-amplifier-4-channel-bridgeable-car-amplifier-multichan-4tdabl4x300wnf5gg001v9","4TDDL4X500WRFRT2Y001V9","prod_01KPJVDSH9RRMSK3E49C0JBVDE","vevor-car-audio-amplifier-4-channel-bridgeable-car-amplifier-multichan-4tddl4x500wrfrt2y001v9","CREATED"
"prod_01KP6FE17QGVXXP991NF59S5MB","vevor-car-audio-amplifier-4-channel-bridgeable-car-amplifier-multichan-4tdabl4x300wnf5gg001v9","4TDDL4X100WRWVLBS001V9","prod_01KPJVDSQR39515JH0WY2FR31P","vevor-car-audio-amplifier-4-channel-bridgeable-car-amplifier-multichan-4tddl4x100wrwvlbs001v9","CREATED"
"prod_01KP6FE1M7RR3VGPSB3ACH2RJ3","vevor-misting-fan-3-wind-speeds-misting-standing-fan-mister-cooling-fa-whfsldsyts3llgsgp001v2","WHFS10000MAHKVOUW001V9","prod_01KPJVDT66SF4YKPP2BW4X0A38","vevor-misting-fan-more-than-2700rpm-motor-mister-fan-mister-cooling-fa-whfs10000mahkvouw001v9","CREATED"
"prod_01KP6FE1M7RR3VGPSB3ACH2RJ3","vevor-misting-fan-3-wind-speeds-misting-standing-fan-mister-cooling-fa-whfsldsyts3llgsgp001v2","WHFSLDSYTS3LLGSGP001V2","prod_01KPJVDTCFCFA2TTKYEZXZBR1W","vevor-misting-fan-3-wind-speeds-misting-standing-fan-mister-cooling-fa-whfsldsyts3llgsgp001v2","CREATED"
"prod_01KP6FE1M7RR3VGPSB3ACH2RJ3","vevor-misting-fan-3-wind-speeds-misting-standing-fan-mister-cooling-fa-whfsldsyts3llgsgp001v2","WHFS20000MAHENC1C001V9","prod_01KPJVDTK3GW256XX4WBC1ZDZG","vevor-misting-fan-2400rpm-motor-camping-misting-fan-mister-cooling-fan-whfs20000mahenc1c001v9","CREATED"
"prod_01KP6FE1Y8VVAN0XRHJBPD2WRJ","vevor-metal-detector-for-adults-254-mm-professional-high-accuracy-gold-dpjstcqjb10id7ghn001v9","DPJSTCQ6INCHV1VUS001V9","prod_01KPJVDV419TNBN8SJGHB5FHV5","vevor-metal-detector-152-4-mm-lightweight-metal-detector-with-lcd-disp-dpjstcq6inchv1vus001v9","CREATED"
"prod_01KP6FE1Y8VVAN0XRHJBPD2WRJ","vevor-metal-detector-for-adults-254-mm-professional-high-accuracy-gold-dpjstcqjb10id7ghn001v9","DPJSTCQJB8INL7VXF001V9","prod_01KPJVDVA7EXVDJS73BT7Z93CF","vevor-metal-detector-for-adults-203-2-mm-professional-high-accuracy-go-dpjstcqjb8inl7vxf001v9","CREATED"
"prod_01KP6FE1Y8VVAN0XRHJBPD2WRJ","vevor-metal-detector-for-adults-254-mm-professional-high-accuracy-gold-dpjstcqjb10id7ghn001v9","DPJSTCQJB4INF1RYZ001V9","prod_01KPJVDVGSW5XP2WH99M9M4ZMR","vevor-metal-detector-101-6-mm-lightweight-metal-detector-with-lcd-disp-dpjstcqjb4inf1ryz001v9","CREATED"
"prod_01KP6FE1Y8VVAN0XRHJBPD2WRJ","vevor-metal-detector-for-adults-254-mm-professional-high-accuracy-gold-dpjstcqjb10id7ghn001v9","DPJSTCQJB10ID7GHN001V9","prod_01KPJVDVPS9S1ATJRBTK2ZCZPC","vevor-metal-detector-for-adults-254-mm-professional-high-accuracy-gold-dpjstcqjb10id7ghn001v9","CREATED"
"prod_01KP6FE1Y8VVAN0XRHJBPD2WRJ","vevor-metal-detector-for-adults-254-mm-professional-high-accuracy-gold-dpjstcqjb10id7ghn001v9","DPJSTCQJB12ISAOZJ001V9","prod_01KPJVDVX36SXPYFZ2H6BFZW59","vevor-metal-detector-for-adults-304-8-mm-professional-high-accuracy-go-dpjstcqjb12isaozj001v9","CREATED"
"prod_01KP6FE2EJNFHWY90DZ4CR6NAS","vevor-l-shaped-gaming-desk-with-led-lights-1-58m-reversible-corner-com-gdzjztkjsjdcs40ky001v2","GDZJZTKJSJDCS40KY001V2","prod_01KPJVDWCNA4WQ1SGR4NJCCS67","vevor-l-shaped-gaming-desk-with-led-lights-1-58m-reversible-corner-com-gdzjztkjsjdcs40ky001v2","CREATED"
"prod_01KP6FE2EJNFHWY90DZ4CR6NAS","vevor-l-shaped-gaming-desk-with-led-lights-1-58m-reversible-corner-com-gdzjztkjsjdcs40ky001v2","GDZJZTKJSJWC29STN001V0","prod_01KPJVDWJY0KY27B0FRYBWQEKJ","vevor-l-shaped-computer-desk-1-7m-reversible-corner-gaming-desk-with-m-gdzjztkjsjwc29stn001v0","CREATED"
"prod_01KP6FE2EJNFHWY90DZ4CR6NAS","vevor-l-shaped-gaming-desk-with-led-lights-1-58m-reversible-corner-com-gdzjztkjsjdcs40ky001v2","GDZJZTKJSJDC1FV2D001V2","prod_01KPJVDWSG3JG90ARHD47Q39ED","vevor-l-shaped-gaming-desk-with-led-lights-1-2m-reversible-corner-comp-gdzjztkjsjdc1fv2d001v2","CREATED"
"prod_01KP6FE2EJNFHWY90DZ4CR6NAS","vevor-l-shaped-gaming-desk-with-led-lights-1-58m-reversible-corner-com-gdzjztkjsjdcs40ky001v2","GDZJZTKJCTWC87H48001V0","prod_01KPJVDX00HDZ5N0RS2Y4RES11","vevor-l-shaped-computer-desk-1-5m-reversible-corner-gaming-desk-with-d-gdzjztkjctwc87h48001v0","CREATED"
"prod_01KP6FE2QQKQDB0K26T2V4EGJK","vevor-30-5-cm-exhaust-fan-1558-cfm-high-velocity-wall-mount-vent-fan-w-sdkztfs12inchtwct001v2","SDKZTFS8INCHKS61W001V2","prod_01KPJVDXES0CEHECSQT7CP21MF","vevor-20-3-cm-exhaust-fan-576-cfm-high-velocity-wall-mount-vent-fan-wi-sdkztfs8inchks61w001v2","CREATED"
"prod_01KP6FE2QQKQDB0K26T2V4EGJK","vevor-30-5-cm-exhaust-fan-1558-cfm-high-velocity-wall-mount-vent-fan-w-sdkztfs12inchtwct001v2","SDKZTFS10INCUA4K9001V2","prod_01KPJVDXN8Y39S668WK3DN17KC","vevor-25-4-cm-exhaust-fan-988-cfm-high-velocity-wall-mount-vent-fan-wi-sdkztfs10incua4k9001v2","CREATED"
"prod_01KP6FE2QQKQDB0K26T2V4EGJK","vevor-30-5-cm-exhaust-fan-1558-cfm-high-velocity-wall-mount-vent-fan-w-sdkztfs12inchtwct001v2","SDKZTFS12INCHTWCT001V2","prod_01KPJVDXVB5812K2YGBW1D91FV","vevor-30-5-cm-exhaust-fan-1558-cfm-high-velocity-wall-mount-vent-fan-w-sdkztfs12inchtwct001v2","CREATED"
"prod_01KP6FE3C3EJKN0X2EE5YVDM29","vevor-montessori-activity-table-for-toddler-1-3-years-old-13-in-1-wood-mtsletwjxxzsy2jkm001v0","MTSLETWJXXZS1T6VR001V0","prod_01KPJVDY752CBBW9M6Y350D54Z","vevor-montessori-activity-table-for-toddler-1-3-years-old-8-in-1-woode-mtsletwjxxzs1t6vr001v0","CREATED"
"prod_01KP6FE3C3EJKN0X2EE5YVDM29","vevor-montessori-activity-table-for-toddler-1-3-years-old-13-in-1-wood-mtsletwjxxzsy2jkm001v0","MTSLETWJXXZSY2JKM001V0","prod_01KPJVDYDAAHAM7YVRDNF8926P","vevor-montessori-activity-table-for-toddler-1-3-years-old-13-in-1-wood-mtsletwjxxzsy2jkm001v0","CREATED"
"prod_01KP6FE3KHHCNBVKXC3E0KHEQ1","vevor-hydroponics-growing-system-kit-3-tier-90-sites-upvc-pipe-hydropo-gdspzzxt90k33tjei001v2","GDSPZZXT108KHGSUP001V2","prod_01KPJVDYW3QA2HHWB3ND4G0XGK","vevor-hydroponics-growing-system-kit-3-tier-108-sites-upvc-pipe-hydrop-gdspzzxt108khgsup001v2","CREATED"
"prod_01KP6FE3KHHCNBVKXC3E0KHEQ1","vevor-hydroponics-growing-system-kit-3-tier-90-sites-upvc-pipe-hydropo-gdspzzxt90k33tjei001v2","GDSPZZXT90K33TJEI001V2","prod_01KPJVDZ291QMNJ0RPBVE5WAVT","vevor-hydroponics-growing-system-kit-3-tier-90-sites-upvc-pipe-hydropo-gdspzzxt90k33tjei001v2","CREATED"
"prod_01KP6FE3KHHCNBVKXC3E0KHEQ1","vevor-hydroponics-growing-system-kit-3-tier-90-sites-upvc-pipe-hydropo-gdspzzxt90k33tjei001v2","GDSPZZXT3C100D7RL001V2","prod_01KPJVDZ8DNEW862NFQ7MNH9EZ","vevor-hydroponics-growing-system-kit-3-tier-108-sites-upvc-pipe-hydrop-gdspzzxt3c100d7rl001v2","CREATED"
"prod_01KP6FEQEJHBQ0G0A80BJ86DNS","vevor-113pcs-wooden-train-set-for-kids-ages-3-8-wood-train-track-toy-w-mzgdkcsdj0005aflz001v0","MZGDKGCYS000XFJKR001V0","prod_01KPJVDZQ5BG6044ZQMM9Y0N67","vevor-70pcs-wooden-train-set-with-magnetic-crane-wood-train-track-toy-mzgdkgcys000xfjkr001v0","CREATED"
"prod_01KP6FEQEJHBQ0G0A80BJ86DNS","vevor-113pcs-wooden-train-set-for-kids-ages-3-8-wood-train-track-toy-w-mzgdkcsdj0005aflz001v0","MZGDKCSDJ0005AFLZ001V0","prod_01KPJVDZXBRNXE6MFWNZZ6R4BP","vevor-113pcs-wooden-train-set-for-kids-ages-3-8-wood-train-track-toy-w-mzgdkcsdj0005aflz001v0","CREATED"
"prod_01KP6FEQEJHBQ0G0A80BJ86DNS","vevor-113pcs-wooden-train-set-for-kids-ages-3-8-wood-train-track-toy-w-mzgdkcsdj0005aflz001v0","MZGDKNCXC000ZBUY7001V0","prod_01KPJVE03TJXWRV9J347E0GAKK","vevor-wooden-train-set-39pcs-wood-train-track-with-magnetic-trains-and-mzgdkncxc000zbuy7001v0","CREATED"
"prod_01KP6FEQVE7TSJ116QPHSE09Y3","vevor-fluid-extractor-9-5-l-capacity-manual-vacuum-fluid-extractor-wit-sdfypfqsd9l0r70z1001v0","SDFYPFQSD9L0R70Z1001V0","prod_01KPJVE0KTCP4VYFQGFTB5JK6T","vevor-fluid-extractor-9-5-l-capacity-manual-vacuum-fluid-extractor-wit-sdfypfqsd9l0r70z1001v0","CREATED"
"prod_01KP6FEQVE7TSJ116QPHSE09Y3","vevor-fluid-extractor-9-5-l-capacity-manual-vacuum-fluid-extractor-wit-sdfypfqsd9l0r70z1001v0","SDFYPFQSD3L0SY4WA001V0","prod_01KPJVE0T2DPA18SEREF50ASYC","vevor-transmission-fluid-pump-3-l-capacity-manual-fluid-transfer-pump-sdfypfqsd3l0sy4wa001v0","CREATED"
"prod_01KP6FEQVE7TSJ116QPHSE09Y3","vevor-fluid-extractor-9-5-l-capacity-manual-vacuum-fluid-extractor-wit-sdfypfqsd9l0r70z1001v0","SDFYPFQ75LSDF8C6Y001V0","prod_01KPJVE10NWHPQ6H8FKM0Q606P","vevor-transmission-fluid-pump-7-5-l-capacity-manual-atf-refill-kit-flu-sdfypfq75lsdf8c6y001v0","CREATED"
"prod_01KP6FEQVE7TSJ116QPHSE09Y3","vevor-fluid-extractor-9-5-l-capacity-manual-vacuum-fluid-extractor-wit-sdfypfqsd9l0r70z1001v0","SDFYPFQ1500C5S2OI001V0","prod_01KPJVE1764ZYHW9ETCNEG713V","vevor-1-5-l-fluid-extractor-manual-automotive-fluid-pump-extractor-oil-sdfypfq1500c5s2oi001v0","CREATED"
"prod_01KP6FER75C1XHRQA8MBDXGFEE","vevor-transmission-fluid-pump-8-l-capacity-pneumatic-oil-fluid-extract-qdfypfqqd8l09gbwc001v0","QDFYPFQSDQD9K9ZFP001V0","prod_01KPJVE1N0HXMFEQGH7Y39HHET","vevor-fluid-extractor-9-5-l-capacity-pneumatic-manual-vacuum-fluid-ext-qdfypfqsdqd9k9zfp001v0","CREATED"
"prod_01KP6FER75C1XHRQA8MBDXGFEE","vevor-transmission-fluid-pump-8-l-capacity-pneumatic-oil-fluid-extract-qdfypfqqd8l09gbwc001v0","QDFYPFQQD8L09GBWC001V0","prod_01KPJVE1V6GASS38SZA2NH03ZJ","vevor-transmission-fluid-pump-8-l-capacity-pneumatic-oil-fluid-extract-qdfypfqqd8l09gbwc001v0","CREATED"
"prod_01KP6FES0FKN44KQ0J0XMF25RB","vevor-potting-bench-table-outdoor-gardening-workstation-with-115-x-66-gjszzgztsm5cprluz001v0","GJSZZGZTSM3C952SW001V0","prod_01KPJVE2AM0RAEBK0P62WGWPH2","vevor-potting-bench-table-outdoor-gardening-workstation-with-sink-94-x-gjszzgztsm3c952sw001v0","CREATED"
"prod_01KP6FES0FKN44KQ0J0XMF25RB","vevor-potting-bench-table-outdoor-gardening-workstation-with-115-x-66-gjszzgztsm5cprluz001v0","GJSZZGZTSM3CGO394001V0","prod_01KPJVE2GJCK44ZE00A3A06BQP","vevor-potting-bench-table-outdoor-gardening-workstation-with-91-x-49-5-gjszzgztsm3cgo394001v0","CREATED"
"prod_01KP6FES0FKN44KQ0J0XMF25RB","vevor-potting-bench-table-outdoor-gardening-workstation-with-115-x-66-gjszzgztsm5cprluz001v0","GJSZZGZTSM5CPRLUZ001V0","prod_01KPJVE2PTD7QZ247MYW6ZQ507","vevor-potting-bench-table-outdoor-gardening-workstation-with-115-x-66-gjszzgztsm5cprluz001v0","CREATED"
"prod_01KP6FES0FKN44KQ0J0XMF25RB","vevor-potting-bench-table-outdoor-gardening-workstation-with-115-x-66-gjszzgztsm5cprluz001v0","GJSZZGZTSM2C7B73A001V0","prod_01KPJVE2W5RACNGRMRTARZPJM5","vevor-potting-bench-table-outdoor-gardening-workstation-with-78-x-38-x-gjszzgztsm2c7b73a001v0","CREATED"
"prod_01KP6FESCJT24WFKJ1YS28TC1C","vevor-commercial-ice-cream-machine-20-28l-h-yield-2200w-3-flavor-count-sydjbqljtsskf03zr001v2","SYDJBQLJPTYLEN3J9001V2","prod_01KPJVE3C8B0Z4F53A3FCCQWF4","vevor-commercial-ice-cream-machine-20-28l-h-yield-2200w-3-flavor-count-sydjbqljptylen3j9001v2","CREATED"
"prod_01KP6FESCJT24WFKJ1YS28TC1C","vevor-commercial-ice-cream-machine-20-28l-h-yield-2200w-3-flavor-count-sydjbqljtsskf03zr001v2","SYDJBQLJLSSK036LW001V2","prod_01KPJVE3JRBF1JZ4PYK7P74VAZ","vevor-commercial-ice-cream-machine-20-28l-h-yield-2200w-3-flavor-frees-sydjbqljlssk036lw001v2","CREATED"
"prod_01KP6FESCJT24WFKJ1YS28TC1C","vevor-commercial-ice-cream-machine-20-28l-h-yield-2200w-3-flavor-count-sydjbqljtsskf03zr001v2","SYDJBQLJTSSKF03ZR001V2","prod_01KPJVE3S830VKNBD60PCPPC2C","vevor-commercial-ice-cream-machine-20-28l-h-yield-2200w-3-flavor-count-sydjbqljtsskf03zr001v2","CREATED"
"prod_01KP6FESCJT24WFKJ1YS28TC1C","vevor-commercial-ice-cream-machine-20-28l-h-yield-2200w-3-flavor-count-sydjbqljtsskf03zr001v2","SYDJBQLJPTYLXHN9L001V2","prod_01KPJVE3ZQCTAJTSWTB64RPS7Q","vevor-commercial-ice-cream-machine-20-28l-h-yield-2200w-3-flavor-frees-sydjbqljptylxhn9l001v2","CREATED"
"prod_01KP6FESR45T4FC0CFWY6C9YEY","vevor-inflatable-bounce-house-12-5-x-13-1-x-6-5-ft-inflatable-bounce-h-cqcbkwslxscxqdnix001v2","CQCBKWSLXSCXQDNIX001V2","prod_01KPJVE4FWRGH6BTEAWRTD3WNK","vevor-inflatable-bounce-house-12-5-x-13-1-x-6-5-ft-inflatable-bounce-h-cqcbkwslxscxqdnix001v2","CREATED"
"prod_01KP6FESR45T4FC0CFWY6C9YEY","vevor-inflatable-bounce-house-12-5-x-13-1-x-6-5-ft-inflatable-bounce-h-cqcbkwslxscxqdnix001v2","CQCBKWSLXSCG0IQ90001V2","prod_01KPJVE4P7CYCKB35X08GNW2XR","vevor-inflatable-bounce-house-11-3-x-12-3-x-7-0-ft-inflatable-bounce-h-cqcbkwslxscg0iq90001v2","CREATED"
"prod_01KP6FESR45T4FC0CFWY6C9YEY","vevor-inflatable-bounce-house-12-5-x-13-1-x-6-5-ft-inflatable-bounce-h-cqcbkwslxscxqdnix001v2","CQCBKWSLXSCGBR7TC001V2","prod_01KPJVE4WHX4Y6J79ZBMFGN27G","vevor-inflatable-bounce-house-14-9-x-12-8-x-7-8-ft-inflatable-bounce-h-cqcbkwslxscgbr7tc001v2","CREATED"
"prod_01KP6FESR45T4FC0CFWY6C9YEY","vevor-inflatable-bounce-house-12-5-x-13-1-x-6-5-ft-inflatable-bounce-h-cqcbkwslxscxqdnix001v2","CQCBKWSLXSCGQ3BC4001V2","prod_01KPJVE526Z8HKAG11ES20JXR6","vevor-inflatable-bounce-house-11-6-x-13-1-x-7-7-ft-inflatable-bounce-h-cqcbkwslxscgq3bc4001v2","CREATED"
"prod_01KP6FESR45T4FC0CFWY6C9YEY","vevor-inflatable-bounce-house-12-5-x-13-1-x-6-5-ft-inflatable-bounce-h-cqcbkwslxscxqdnix001v2","CQCBKWSLXSCSP3PHM001V2","prod_01KPJVE58JKYYT0P2FJC4Z1TFB","vevor-inflatable-bounce-house-13-3-x-11-4-x-8-4-ft-inflatable-bounce-h-cqcbkwslxscsp3phm001v2","CREATED"
"prod_01KP6FET44GKKK783YGX5H63K1","vevor-awnings-for-door-entrance-30-x-39-in-exterior-front-door-window-gdszyp3040ycjjp3w001v0","GDSZYP4048INJ4JPP001V0","prod_01KPJVE5S353299NR1M6RNRZH9","vevor-awnings-for-door-entrance-37-x-47-in-exterior-front-door-window-gdszyp4048inj4jpp001v0","CREATED"
"prod_01KP6FET44GKKK783YGX5H63K1","vevor-awnings-for-door-entrance-30-x-39-in-exterior-front-door-window-gdszyp3040ycjjp3w001v0","GDSZYP2424YCSC5RR001V0","prod_01KPJVE5YGMKRYMA69A8XZ12GF","vevor-awnings-for-door-entrance-24-x-24-in-exterior-front-door-window-gdszyp2424ycsc5rr001v0","CREATED"
"prod_01KP6FET44GKKK783YGX5H63K1","vevor-awnings-for-door-entrance-30-x-39-in-exterior-front-door-window-gdszyp3040ycjjp3w001v0","GDSZYP4040YC1V67C001V0","prod_01KPJVE64VDXHT1HJBCSWZKY2D","vevor-awnings-for-door-entrance-38-x-40-in-exterior-front-door-window-gdszyp4040yc1v67c001v0","CREATED"
"prod_01KP6FET44GKKK783YGX5H63K1","vevor-awnings-for-door-entrance-30-x-39-in-exterior-front-door-window-gdszyp3040ycjjp3w001v0","GDSZYP4080YCY5PYT001V0","prod_01KPJVE6B889HA8RVG6P0N3T6A","vevor-awnings-for-door-entrance-38-x-78-in-exterior-front-door-window-gdszyp4080ycy5pyt001v0","CREATED"
"prod_01KP6FET44GKKK783YGX5H63K1","vevor-awnings-for-door-entrance-30-x-39-in-exterior-front-door-window-gdszyp3040ycjjp3w001v0","GDSZYP3040YCJJP3W001V0","prod_01KPJVE6HWPT5EKTF5J49SXM40","vevor-awnings-for-door-entrance-30-x-39-in-exterior-front-door-window-gdszyp3040ycjjp3w001v0","CREATED"
"prod_01KP6FET44GKKK783YGX5H63K1","vevor-awnings-for-door-entrance-30-x-39-in-exterior-front-door-window-gdszyp3040ycjjp3w001v0","GDSZYP40120YPKQK5001V0","prod_01KPJVE6QN76V4M82RTR47SCB6","vevor-awnings-for-door-entrance-38-x-117-in-exterior-front-door-window-gdszyp40120ypkqk5001v0","CREATED"
"prod_01KP6FET44GKKK783YGX5H63K1","vevor-awnings-for-door-entrance-30-x-39-in-exterior-front-door-window-gdszyp3040ycjjp3w001v0","GDSZYP4080YC4BXI6001V0","prod_01KPJVE6XST40YFD7KSMWRCGYJ","vevor-awnings-for-door-entrance-38-x-78-in-exterior-front-door-window-gdszyp4080yc4bxi6001v0","CREATED"
"prod_01KP6FET44GKKK783YGX5H63K1","vevor-awnings-for-door-entrance-30-x-39-in-exterior-front-door-window-gdszyp3040ycjjp3w001v0","GDSZYP40120Y8FUG0001V0","prod_01KPJVE7439JF7N96P19N6R5JG","vevor-awnings-for-door-entrance-38-x-117-in-exterior-front-door-window-gdszyp40120y8fug0001v0","CREATED"
"prod_01KP6FET44GKKK783YGX5H63K1","vevor-awnings-for-door-entrance-30-x-39-in-exterior-front-door-window-gdszyp3040ycjjp3w001v0","GDSZYP4080YCKX1PQ001V0","prod_01KPJVE7B58D30353H2M63J0TW","vevor-awnings-for-door-entrance-38-x-78-in-exterior-front-door-window-gdszyp4080yckx1pq001v0","CREATED"
"prod_01KP6FET44GKKK783YGX5H63K1","vevor-awnings-for-door-entrance-30-x-39-in-exterior-front-door-window-gdszyp3040ycjjp3w001v0","GDSZYP4040YC51M8U001V0","prod_01KPJVE7HC9BN697ZD4A8GFSN6","vevor-awnings-for-door-entrance-38-x-40-in-exterior-front-door-window-gdszyp4040yc51m8u001v0","CREATED"
"prod_01KP6FET44GKKK783YGX5H63K1","vevor-awnings-for-door-entrance-30-x-39-in-exterior-front-door-window-gdszyp3040ycjjp3w001v0","GDSZYP4059IN8U93V001V0","prod_01KPJVE7QN5440SGASFAYBKYNT","vevor-awnings-for-door-entrance-39-x-59-in-exterior-front-door-window-gdszyp4059in8u93v001v0","CREATED"
"prod_01KP6FETQ175X0W841YCHCVJY5","vevor-laundry-pedestal-355-mm-height-washer-and-dryer-pedestals-with-p-dtpzj2521inctyx30001v0","DTPZJ2521INCRXHYS001V0","prod_01KPJVE85N7CR1QQ71WDY5BMS7","vevor-laundry-pedestal-410-mm-height-washer-and-dryer-pedestals-with-p-dtpzj2521incrxhys001v0","CREATED"
"prod_01KP6FETQ175X0W841YCHCVJY5","vevor-laundry-pedestal-355-mm-height-washer-and-dryer-pedestals-with-p-dtpzj2521inctyx30001v0","DTPZJ2521INCTYX30001V0","prod_01KPJVE8BVNXMN0V5ARZ03M6NR","vevor-laundry-pedestal-355-mm-height-washer-and-dryer-pedestals-with-p-dtpzj2521inctyx30001v0","CREATED"
"prod_01KP6FEV5G94E11JZ7KX0YMWH2","vevor-5-step-ladder-folding-step-stool-with-wide-anti-slip-pedal-tool-ygttwbdgjpdlwxcpg001v0","YGTTWBDGJPDLWXCPG001V0","prod_01KPJVE8VF4KJSQBPTA0N658KP","vevor-5-step-ladder-folding-step-stool-with-wide-anti-slip-pedal-tool-ygttwbdgjpdlwxcpg001v0","CREATED"
"prod_01KP6FEV5G94E11JZ7KX0YMWH2","vevor-5-step-ladder-folding-step-stool-with-wide-anti-slip-pedal-tool-ygttwbdgjpdlwxcpg001v0","YGTTSBDGJPDSWSI4S001V0","prod_01KPJVE91FJR93R27HA21BS67D","vevor-4-step-ladder-folding-step-stool-with-wide-anti-slip-pedal-tool-ygttsbdgjpdswsi4s001v0","CREATED"
"prod_01KP6FEV5G94E11JZ7KX0YMWH2","vevor-5-step-ladder-folding-step-stool-with-wide-anti-slip-pedal-tool-ygttwbdgjpdlwxcpg001v0","YGTTSBWGJPDSOG6IS001V0","prod_01KPJVE9812Y0J9S381DPB41ET","vevor-3-step-ladder-folding-step-stool-with-wide-anti-slip-pedal-and-c-ygttsbwgjpdsog6is001v0","CREATED"
"prod_01KP6FEV5G94E11JZ7KX0YMWH2","vevor-5-step-ladder-folding-step-stool-with-wide-anti-slip-pedal-tool-ygttwbdgjpdlwxcpg001v0","YGTTLBWGJPDS7RBCC001V0","prod_01KPJVE9EMNKHBXBT1QXZZKEKA","vevor-2-step-ladder-folding-step-stool-with-wide-anti-slip-pedal-and-c-ygttlbwgjpds7rbcc001v0","CREATED"
"prod_01KP6FEVEE0NGJS3NCHHH5CR8D","vevor-boat-trailer-steps-3-step-heavy-duty-boat-trailer-steps-with-han-ctcbtsjbtcmafge6a001v0","CTCBTEJBTDBA9FNN5001V0","prod_01KPJVE9Y6MKRQ4NSNK5ZS69JG","vevor-boat-trailer-steps-2-step-heavy-duty-boat-trailer-steps-with-han-ctcbtejbtdba9fnn5001v0","CREATED"
"prod_01KP6FEVEE0NGJS3NCHHH5CR8D","vevor-boat-trailer-steps-3-step-heavy-duty-boat-trailer-steps-with-han-ctcbtsjbtcmafge6a001v0","CTCBTSJBTCMAFGE6A001V0","prod_01KPJVEA4BG1DGJ0ETCJZQ5Z1N","vevor-boat-trailer-steps-3-step-heavy-duty-boat-trailer-steps-with-han-ctcbtsjbtcmafge6a001v0","CREATED"
"prod_01KP6FEVEE0NGJS3NCHHH5CR8D","vevor-boat-trailer-steps-3-step-heavy-duty-boat-trailer-steps-with-han-ctcbtsjbtcmafge6a001v0","CTCBTSJBTDBARWF2C001V0","prod_01KPJVEAB1FN1SEM44HEMY28PA","vevor-boat-trailer-steps-4-step-heavy-duty-boat-trailer-steps-with-han-ctcbtsjbtdbarwf2c001v0","CREATED"
"prod_01KP6FEVEE0NGJS3NCHHH5CR8D","vevor-boat-trailer-steps-3-step-heavy-duty-boat-trailer-steps-with-han-ctcbtsjbtcmafge6a001v0","CTCBTSJBTDBAQLH5A001V0","prod_01KPJVEAHKFQ275RNXMV2AT1GF","vevor-boat-trailer-steps-3-step-heavy-duty-boat-trailer-steps-with-han-ctcbtsjbtdbaqlh5a001v0","CREATED"
"prod_01KP6FEVQTMGR111VTFMR2NG6B","vevor-parts-washer-19l-cleaning-tank-13l-solvent-capacity-1-5l-per-min-qcljqxt5galb7drnt001v2","QCLJQXT40GALG9T4I001V2","prod_01KPJVEAZGAB397HFKZ1S4Z0V0","vevor-parts-washer-151l-tank-65l-solvent-capacity-3l-per-minute-max-pu-qcljqxt40galg9t4i001v2","CREATED"
"prod_01KP6FEVQTMGR111VTFMR2NG6B","vevor-parts-washer-19l-cleaning-tank-13l-solvent-capacity-1-5l-per-min-qcljqxt5galb7drnt001v2","QCLJQXT5GALB7DRNT001V2","prod_01KPJVEB5PPG196BG94VJMJ7MY","vevor-parts-washer-19l-cleaning-tank-13l-solvent-capacity-1-5l-per-min-qcljqxt5galb7drnt001v2","CREATED"
"prod_01KP6FEW44ZXPSQYGGGA654BDF","vevor-kayak-seat-1-pack-65-mm-thick-universal-paddle-board-seat-with-b-phtrzyevapmjsglkp001v0","PHTRZYEVAPMJSGLKP001V0","prod_01KPJVEBMH0XWGJYTMX27HXCSM","vevor-kayak-seat-1-pack-65-mm-thick-universal-paddle-board-seat-with-b-phtrzyevapmjsglkp001v0","CREATED"
"prod_01KP6FEW44ZXPSQYGGGA654BDF","vevor-kayak-seat-1-pack-65-mm-thick-universal-paddle-board-seat-with-b-phtrzyevapmjsglkp001v0","PHTRZYEVAPMJKSR0D001V0","prod_01KPJVEBV86QVABVK9V5SXEXAV","vevor-kayak-seat-2-pack-53-mm-thick-universal-paddle-board-seat-with-b-phtrzyevapmjksr0d001v0","CREATED"
"prod_01KP6FEW44ZXPSQYGGGA654BDF","vevor-kayak-seat-1-pack-65-mm-thick-universal-paddle-board-seat-with-b-phtrzyevapmjsglkp001v0","PHTRZYEVAPMJFVEJE001V0","prod_01KPJVEC1NCB236JZE6SVNVCJ7","vevor-kayak-seat-1-pack-31-mm-thick-universal-paddle-board-seat-with-b-phtrzyevapmjfveje001v0","CREATED"
"prod_01KP6FEW44ZXPSQYGGGA654BDF","vevor-kayak-seat-1-pack-65-mm-thick-universal-paddle-board-seat-with-b-phtrzyevapmjsglkp001v0","PHTRZYEVAPMJEN4JO001V0","prod_01KPJVEC7VK5PP9BHGCW34DNDR","vevor-kayak-seat-1-pack-12-mm-thick-universal-paddle-board-seat-with-b-phtrzyevapmjen4jo001v0","CREATED"
"prod_01KP6FEW44ZXPSQYGGGA654BDF","vevor-kayak-seat-1-pack-65-mm-thick-universal-paddle-board-seat-with-b-phtrzyevapmjsglkp001v0","PHTRZYEVAPMJI8MK8001V0","prod_01KPJVECDDVTNXYB3A72WTPSYH","vevor-kayak-seat-2-pack-12-mm-thick-universal-paddle-board-seat-with-b-phtrzyevapmji8mk8001v0","CREATED"
"prod_01KP6FEW44ZXPSQYGGGA654BDF","vevor-kayak-seat-1-pack-65-mm-thick-universal-paddle-board-seat-with-b-phtrzyevapmjsglkp001v0","PHTRZYEVAPMJZT0F7001V0","prod_01KPJVECKEKA2V1JGJ6FF7AENS","vevor-kayak-seat-1-pack-31-mm-thick-universal-paddle-board-seat-with-b-phtrzyevapmjzt0f7001v0","CREATED"
"prod_01KP6FEWEZ1TBXVGBDHC4B5KDZ","vevor-expandable-barricade-3-37m-expandable-safety-barrier-flexible-mo-sswl1pcswlthmvq3u001v0","SSWL1PCSWLTHDP2MH001V0","prod_01KPJVED3FMHVKYKSM6Q21CZGE","vevor-industrial-expandable-barricade-3-94m-expandable-safety-barrier-sswl1pcswlthdp2mh001v0","CREATED"
"prod_01KP6FEWEZ1TBXVGBDHC4B5KDZ","vevor-expandable-barricade-3-37m-expandable-safety-barrier-flexible-mo-sswl1pcswlthmvq3u001v0","SSWL1PCSWLTHMVQ3U001V0","prod_01KPJVED8PA3TSWK0HX2C5KPNJ","vevor-expandable-barricade-3-37m-expandable-safety-barrier-flexible-mo-sswl1pcswlthmvq3u001v0","CREATED"
"prod_01KP6FEWEZ1TBXVGBDHC4B5KDZ","vevor-expandable-barricade-3-37m-expandable-safety-barrier-flexible-mo-sswl1pcswlthmvq3u001v0","SSWL1PCSWLTHOKJU5001V0","prod_01KPJVEDF27ZNXM3VX81R1H57G","vevor-industrial-expandable-barricade-3-82m-expandable-safety-barrier-sswl1pcswlthokju5001v0","CREATED"
"prod_01KP6FEWEZ1TBXVGBDHC4B5KDZ","vevor-expandable-barricade-3-37m-expandable-safety-barrier-flexible-mo-sswl1pcswlthmvq3u001v0","SSWL1PCSWLTZVKD1G001V0","prod_01KPJVEDNGMT44AJ8B421YMA39","vevor-double-expandable-barricades-8-18m-expandable-safety-barrier-0-1-sswl1pcswltzvkd1g001v0","CREATED"
"prod_01KP6FEWEZ1TBXVGBDHC4B5KDZ","vevor-expandable-barricade-3-37m-expandable-safety-barrier-flexible-mo-sswl1pcswlthmvq3u001v0","SSWL1PCSWLTHF6PP2001V0","prod_01KPJVEDVK6215YN1YFYBFNSFJ","vevor-double-expandable-barricades-7-66m-industrial-safety-barriers-fl-sswl1pcswlthf6pp2001v0","CREATED"
"prod_01KP6FEWEZ1TBXVGBDHC4B5KDZ","vevor-expandable-barricade-3-37m-expandable-safety-barrier-flexible-mo-sswl1pcswlthmvq3u001v0","SSWL1PCSWLTH4HE6U001V0","prod_01KPJVEE1WBQGSGD2XT3F1YERX","vevor-double-expandable-barricades-5-46m-industrial-safety-barriers-fl-sswl1pcswlth4he6u001v0","CREATED"
"prod_01KP6FEWEZ1TBXVGBDHC4B5KDZ","vevor-expandable-barricade-3-37m-expandable-safety-barrier-flexible-mo-sswl1pcswlthmvq3u001v0","SSWL1PCSWLTB5Q418001V0","prod_01KPJVEE8CXCYW4TN8WVYWJZ39","vevor-double-expandable-barricades-5-48m-expandable-safety-barrier-0-1-sswl1pcswltb5q418001v0","CREATED"
"prod_01KP6FEWEZ1TBXVGBDHC4B5KDZ","vevor-expandable-barricade-3-37m-expandable-safety-barrier-flexible-mo-sswl1pcswlthmvq3u001v0","SSWL1PCSWLTZY1EQN001V0","prod_01KPJVEEEVEXGAD0PN5D0A39E2","vevor-expandable-barricade-3-07m-expandable-safety-barrier-flexible-mo-sswl1pcswltzy1eqn001v0","CREATED"
"prod_01KP6FEWEZ1TBXVGBDHC4B5KDZ","vevor-expandable-barricade-3-37m-expandable-safety-barrier-flexible-mo-sswl1pcswlthmvq3u001v0","SSWL1PCSWLTZPPOZN001V0","prod_01KPJVEEN90269GSPB42NVTHPR","vevor-double-expandable-barricades-6m-expandable-safety-barrier-flexib-sswl1pcswltzppozn001v0","CREATED"
"prod_01KP6FEWXTZZ62JKZHNRPP4YG7","vevor-kayak-seat-folding-kayak-seat-with-comfortable-back-support-alum-jsphtzyjskjfaskah001v0","JSPHTZYJSKJFASKAH001V0","prod_01KPJVEF3941Q2D87F44EMC80R","vevor-kayak-seat-folding-kayak-seat-with-comfortable-back-support-alum-jsphtzyjskjfaskah001v0","CREATED"
"prod_01KP6FEWXTZZ62JKZHNRPP4YG7","vevor-kayak-seat-folding-kayak-seat-with-comfortable-back-support-alum-jsphtzyjskjfaskah001v0","JSPHTZYJSKJTKICV7001V0","prod_01KPJVEF9D5N9ZZDYKFE4WK9CM","vevor-kayak-seat-1-pack-34-mm-raised-height-universal-foldable-canoe-s-jsphtzyjskjtkicv7001v0","CREATED"
"prod_01KP6FEX4WPCN6V9TTGSQP4BGE","vevor-underhoist-support-stand-1-ton-capacity-under-hoist-jack-stand-w-yxdzkaqzj1ty77xt5001v0","YXDZKAQZJ1TY77XT5001V0","prod_01KPJVEFTAXNSGCJ91RSWB0QB4","vevor-underhoist-support-stand-1-ton-capacity-under-hoist-jack-stand-w-yxdzkaqzj1ty77xt5001v0","CREATED"
"prod_01KP6FEX4WPCN6V9TTGSQP4BGE","vevor-underhoist-support-stand-1-ton-capacity-under-hoist-jack-stand-w-yxdzkaqzj1ty77xt5001v0","YXDZKAQZJ05TLNV0E001V0","prod_01KPJVEG0Q9PWE21P6DB7C1K1E","vevor-underhoist-support-stand-1-2-ton-capacity-under-hoist-jack-stand-yxdzkaqzj05tlnv0e001v0","CREATED"
"prod_01KP6FEX4WPCN6V9TTGSQP4BGE","vevor-underhoist-support-stand-1-ton-capacity-under-hoist-jack-stand-w-yxdzkaqzj1ty77xt5001v0","YXDZKAQZJ075EHOL9001V0","prod_01KPJVEG79C3PFBZ09KKQNYHZC","vevor-underhoist-support-stand-3-4-ton-capacity-under-hoist-jack-stand-yxdzkaqzj075ehol9001v0","CREATED"
"prod_01KP6FEX4WPCN6V9TTGSQP4BGE","vevor-underhoist-support-stand-1-ton-capacity-under-hoist-jack-stand-w-yxdzkaqzj1ty77xt5001v0","YXDZKAQZJ075G5PYO001V0","prod_01KPJVEGDS4GHHVTHX7GTHT3EW","vevor-underhoist-support-stand-3-4-ton-capacity-under-hoist-jack-stand-yxdzkaqzj075g5pyo001v0","CREATED"
"prod_01KP6FEX4WPCN6V9TTGSQP4BGE","vevor-underhoist-support-stand-1-ton-capacity-under-hoist-jack-stand-w-yxdzkaqzj1ty77xt5001v0","YXDZKAQZJ075FRSOR001V0","prod_01KPJVEGKT8495ACQCJRQXZAPG","vevor-underhoist-support-stand-3-4-ton-capacity-under-hoist-jack-stand-yxdzkaqzj075frsor001v0","CREATED"
"prod_01KP6FEXGWB3NAGYDND7N8DA5Y","vevor-ac-manifold-gauge-set-for-r134a-r404a-r1234yf-r22-refrigerant-3-jxlmb3tldstxramfl001v0","JXLMB4TLBDSTGNWO6001V0","prod_01KPJVEH37H09HY3R8BGDJ5J0J","vevor-ac-manifold-gauge-set-for-r22-r404a-r410a-r12-refrigerants-4-way-jxlmb4tlbdstgnwo6001v0","CREATED"
"prod_01KP6FEXGWB3NAGYDND7N8DA5Y","vevor-ac-manifold-gauge-set-for-r134a-r404a-r1234yf-r22-refrigerant-3-jxlmb3tldstxramfl001v0","JXLMB4TLDSTXOAEMC001V0","prod_01KPJVEH9GNSYC4PXHJDJK6Y7K","vevor-ac-manifold-gauge-set-for-r134a-r404a-r1234yf-r22-refrigerant-4-jxlmb4tldstxoaemc001v0","CREATED"
"prod_01KP6FEXGWB3NAGYDND7N8DA5Y","vevor-ac-manifold-gauge-set-for-r134a-r404a-r1234yf-r22-refrigerant-3-jxlmb3tldstxramfl001v0","JXLMB3TLDSTXRAMFL001V0","prod_01KPJVEHG30J5ESSRV75GH5V74","vevor-ac-manifold-gauge-set-for-r134a-r404a-r1234yf-r22-refrigerant-3-jxlmb3tldstxramfl001v0","CREATED"
"prod_01KP6FEYAQECGJTYJ3NQMZKR09","vevor-artificial-plant-wall-101-6-x-304-8-cm-artificial-boxwood-panels-rzzwqpjspjs3thl8d001v0","RZZWQPJSPJS32H8TW001V0","prod_01KPJVEHY8GYCNZBHAK80R1BAW","vevor-artificial-plant-wall-16pcs-50-8-x-50-8-cm-artificial-boxwood-pa-rzzwqpjspjs32h8tw001v0","CREATED"
"prod_01KP6FEYAQECGJTYJ3NQMZKR09","vevor-artificial-plant-wall-101-6-x-304-8-cm-artificial-boxwood-panels-rzzwqpjspjs3thl8d001v0","RZZWQPJSPJS32GB87001V0","prod_01KPJVEJ4K24CX126MTB44GF95","vevor-artificial-plant-wall-12pcs-50-8-x-50-8-cm-artificial-boxwood-pa-rzzwqpjspjs32gb87001v0","CREATED"
"prod_01KP6FEYAQECGJTYJ3NQMZKR09","vevor-artificial-plant-wall-101-6-x-304-8-cm-artificial-boxwood-panels-rzzwqpjspjs3thl8d001v0","RZZWQPJSPJSJVEFAW001V0","prod_01KPJVEJAYAWA3PH8Q3RHMQ2ZE","vevor-artificial-plant-wall-12pcs-50-8-x-50-8-cm-artificial-boxwood-pa-rzzwqpjspjsjvefaw001v0","CREATED"
"prod_01KP6FEYAQECGJTYJ3NQMZKR09","vevor-artificial-plant-wall-101-6-x-304-8-cm-artificial-boxwood-panels-rzzwqpjspjs3thl8d001v0","RZZWQPJSPJS3I04L4001V0","prod_01KPJVEJHHGWBQ78X0NGS2NN3J","vevor-artificial-plant-wall-4-pcs-61-x-243-8-cm-artificial-boxwood-pan-rzzwqpjspjs3i04l4001v0","CREATED"
"prod_01KP6FEYAQECGJTYJ3NQMZKR09","vevor-artificial-plant-wall-101-6-x-304-8-cm-artificial-boxwood-panels-rzzwqpjspjs3thl8d001v0","RZZWQPJSPJS3F1M0A001V0","prod_01KPJVEJRAHS5S254F3XFY4CRW","vevor-artificial-luxury-flower-wall-backdrop-2-pcs-each-panel-61-x-243-rzzwqpjspjs3f1m0a001v0","CREATED"
"prod_01KP6FEYAQECGJTYJ3NQMZKR09","vevor-artificial-plant-wall-101-6-x-304-8-cm-artificial-boxwood-panels-rzzwqpjspjs3thl8d001v0","RZZWQPJSPJS3THL8D001V0","prod_01KPJVEJYGE8XMT7MVT01CJ9TP","vevor-artificial-plant-wall-101-6-x-304-8-cm-artificial-boxwood-panels-rzzwqpjspjs3thl8d001v0","CREATED"
"prod_01KP6FEYNTCDQ2B53ANDKXAWM7","vevor-canopy-sidewalls-1-73-x-1-48-m-canopy-tent-walls-with-waterproof-zpsltcbggmstpo0wf001v0","ZPSLTCBGGMSTLZM68001V0","prod_01KPJVEKC51WYN5SBWQFW7XN7T","vevor-canopy-sidewalls-1-73-x-1-48-m-canopy-tent-walls-with-waterproof-zpsltcbggmstlzm68001v0","CREATED"
"prod_01KP6FEYNTCDQ2B53ANDKXAWM7","vevor-canopy-sidewalls-1-73-x-1-48-m-canopy-tent-walls-with-waterproof-zpsltcbggmstpo0wf001v0","ZPSLTCBGGMSTPO0WF001V0","prod_01KPJVEKJ957JNB37ND6NXB1CQ","vevor-canopy-sidewalls-1-73-x-1-48-m-canopy-tent-walls-with-waterproof-zpsltcbggmstpo0wf001v0","CREATED"
"prod_01KP6FEZDTVAAMMMHB3J77AHQF","vevor-8000w-solar-street-light-outdoor-450000lm-commercial-parking-lot-ytstynldhs1jd7sxt001v9","YTSTYNLDHS4JFHXST001V9","prod_01KPJVEM3GT8JXGGY2B8K66EMQ","vevor-4-pack-500w-solar-street-lights-outdoor-50000lm-commercial-parki-ytstynldhs4jfhxst001v9","CREATED"
"prod_01KP6FEZDTVAAMMMHB3J77AHQF","vevor-8000w-solar-street-light-outdoor-450000lm-commercial-parking-lot-ytstynldhs1jd7sxt001v9","YTSTYNLDHS1J5SNJ5001V9","prod_01KPJVEM9JM26DBWVJFW159NG1","vevor-12000w-solar-street-light-outdoor-900000lm-commercial-parking-lo-ytstynldhs1j5snj5001v9","CREATED"
"prod_01KP6FEZDTVAAMMMHB3J77AHQF","vevor-8000w-solar-street-light-outdoor-450000lm-commercial-parking-lot-ytstynldhs1jd7sxt001v9","YTSTYNLDHS3JZ2QRU001V9","prod_01KPJVEMG2DABZTH13MFNHRW0H","vevor-8000w-solar-street-lights-outdoor-450000lm-commercial-parking-lo-ytstynldhs3jz2qru001v9","CREATED"
"prod_01KP6FEZDTVAAMMMHB3J77AHQF","vevor-8000w-solar-street-light-outdoor-450000lm-commercial-parking-lot-ytstynldhs1jd7sxt001v9","YTSTYNLDHS1JD7SXT001V9","prod_01KPJVEMPHMAENZ9C3MQ3GWXN7","vevor-8000w-solar-street-light-outdoor-450000lm-commercial-parking-lot-ytstynldhs1jd7sxt001v9","CREATED"
"prod_01KP6FEZDTVAAMMMHB3J77AHQF","vevor-8000w-solar-street-light-outdoor-450000lm-commercial-parking-lot-ytstynldhs1jd7sxt001v9","YTSTYNLDHS2JE9W79001V9","prod_01KPJVEMWSH6KG8DRQWEYJPWQJ","vevor-8000w-solar-street-lights-outdoor-450000lm-commercial-parking-lo-ytstynldhs2je9w79001v9","CREATED"
"prod_01KP6FF0F3QRAGR1TWNPCSNWNM","vevor-heavy-duty-platform-truck-907-18-kg-capacity-industrial-steel-fl-zxpbchjg2000xcoas001v0","ZXPBC3060INC6J057001V0","prod_01KPJVENAJ0P909YVPK6X259S1","vevor-heavy-duty-platform-truck-907-18-kg-capacity-industrial-steel-fl-zxpbc3060inc6j057001v0","CREATED"
"prod_01KP6FF0F3QRAGR1TWNPCSNWNM","vevor-heavy-duty-platform-truck-907-18-kg-capacity-industrial-steel-fl-zxpbchjg2000xcoas001v0","ZXPBCHJG2000XCOAS001V0","prod_01KPJVENH4A3N8X88DDB39E042","vevor-heavy-duty-platform-truck-907-18-kg-capacity-industrial-steel-fl-zxpbchjg2000xcoas001v0","CREATED"
"prod_01KP6FF0PHRTKT33BEH9AKY54E","vevor-beach-tent-sun-shelter-upf50-sun-protection-2-m-tall-3-x-3-m-eas-zpstpzpstpsjtvq55001v0","ZPSTPZPSTPSJ8NUB3001V0","prod_01KPJVEP1W2773K2RJTXTQ9R65","vevor-beach-tent-sun-shelter-upf50-sun-protection-2-m-tall-3x3-m-easy-zpstpzpstpsj8nub3001v0","CREATED"
"prod_01KP6FF0PHRTKT33BEH9AKY54E","vevor-beach-tent-sun-shelter-upf50-sun-protection-2-m-tall-3-x-3-m-eas-zpstpzpstpsjtvq55001v0","ZPSTPZPSTPSJTVQ55001V0","prod_01KPJVEP76VZFE1RMGM7QZSZ2Z","vevor-beach-tent-sun-shelter-upf50-sun-protection-2-m-tall-3-x-3-m-eas-zpstpzpstpsjtvq55001v0","CREATED"
"prod_01KP6FF0PHRTKT33BEH9AKY54E","vevor-beach-tent-sun-shelter-upf50-sun-protection-2-m-tall-3-x-3-m-eas-zpstpzpstpsjtvq55001v0","ZPSTPZPSTPSJP8X5V001V0","prod_01KPJVEPCHBRKHJYP23BY0DWXW","vevor-beach-tent-sun-shelter-upf50-sun-protection-2-m-tall-3-4-x-3-4-m-zpstpzpstpsjp8x5v001v0","CREATED"
"prod_01KP6FF0PHRTKT33BEH9AKY54E","vevor-beach-tent-sun-shelter-upf50-sun-protection-2-m-tall-3-x-3-m-eas-zpstpzpstpsjtvq55001v0","ZPSTPZPSTPSJH3USY001V0","prod_01KPJVEPJ9Q5MF75DRW1EJAB7N","vevor-beach-tent-sun-shelter-upf50-sun-protection-2-8-m-tall-6-1-x-4-m-zpstpzpstpsjh3usy001v0","CREATED"
"prod_01KP6FF0PHRTKT33BEH9AKY54E","vevor-beach-tent-sun-shelter-upf50-sun-protection-2-m-tall-3-x-3-m-eas-zpstpzpstpsjtvq55001v0","ZPSTPZPSTPSJOEBHF001V0","prod_01KPJVEPRE4AT9K77N4SZ5NC8T","vevor-beach-tent-sun-shelter-upf50-sun-protection-2-m-tall-3x3-m-easy-zpstpzpstpsjoebhf001v0","CREATED"
"prod_01KP6FF0PHRTKT33BEH9AKY54E","vevor-beach-tent-sun-shelter-upf50-sun-protection-2-m-tall-3-x-3-m-eas-zpstpzpstpsjtvq55001v0","ZPSTPZPSTPSJT24RE001V0","prod_01KPJVEPZ1AG040E6G13WA9FPF","vevor-beach-tent-sun-shelter-upf50-sun-protection-2-m-tall-2-3-x-2-3-m-zpstpzpstpsjt24re001v0","CREATED"
"prod_01KP6FF0PHRTKT33BEH9AKY54E","vevor-beach-tent-sun-shelter-upf50-sun-protection-2-m-tall-3-x-3-m-eas-zpstpzpstpsjtvq55001v0","ZPSTPZPSTPSJDVTGH001V0","prod_01KPJVEQ5J6TH41TQJV041C3KV","vevor-beach-tent-sun-shelter-upf50-sun-protection-2-m-tall-3-x-3-m-eas-zpstpzpstpsjdvtgh001v0","CREATED"
"prod_01KP6FF0PHRTKT33BEH9AKY54E","vevor-beach-tent-sun-shelter-upf50-sun-protection-2-m-tall-3-x-3-m-eas-zpstpzpstpsjtvq55001v0","ZPSTPZPSTPSJOK49B001V0","prod_01KPJVEQBXZ5VWK6M23SNA860M","vevor-beach-tent-sun-shelter-upf50-sun-protection-2-m-tall-3-x-3-m-eas-zpstpzpstpsjok49b001v0","CREATED"
"prod_01KP6FF166QV5W2P9F14GYFA3X","vevor-oversized-camping-chairs-204-kg-heavy-duty-support-portable-fold-hwzdyxdxxsysm48pb001v0","HWZDYXDZYXSYC0VPC001V0","prod_01KPJVEQT9G4E60X2C870Z6FZG","vevor-camping-chair-with-canopy-shade-folding-beach-chair-with-canopy-hwzdyxdzyxsyc0vpc001v0","CREATED"
"prod_01KP6FF166QV5W2P9F14GYFA3X","vevor-oversized-camping-chairs-204-kg-heavy-duty-support-portable-fold-hwzdyxdxxsysm48pb001v0","HWZDYXGBSTY23ZK53001V0","prod_01KPJVER0KM587VY9A5322YWZH","vevor-folding-beach-chair-high-back-camping-chairs-for-adults-with-cup-hwzdyxgbsty23zk53001v0","CREATED"
"prod_01KP6FF166QV5W2P9F14GYFA3X","vevor-oversized-camping-chairs-204-kg-heavy-duty-support-portable-fold-hwzdyxdxxsysm48pb001v0","HWZDYXGBSTY1U8Y1E001V0","prod_01KPJVER6V5DV0N9XPSYZSX5A4","vevor-folding-beach-chair-high-back-camping-chairs-for-adults-with-cup-hwzdyxgbsty1u8y1e001v0","CREATED"
"prod_01KP6FF166QV5W2P9F14GYFA3X","vevor-oversized-camping-chairs-204-kg-heavy-duty-support-portable-fold-hwzdyxdxxsysm48pb001v0","HWZDYXSRYLYSNFM74001V0","prod_01KPJVERDCW7W01RB0TYCYSFCQ","vevor-double-camping-chair-oversized-two-person-camp-chair-with-300-kg-hwzdyxsrylysnfm74001v0","CREATED"
"prod_01KP6FF166QV5W2P9F14GYFA3X","vevor-oversized-camping-chairs-204-kg-heavy-duty-support-portable-fold-hwzdyxdxxsysm48pb001v0","HWZDYXDXXSYSM48PB001V0","prod_01KPJVERM26PVW282NF14ZF3WR","vevor-oversized-camping-chairs-204-kg-heavy-duty-support-portable-fold-hwzdyxdxxsysm48pb001v0","CREATED"
"prod_01KP6FF166QV5W2P9F14GYFA3X","vevor-oversized-camping-chairs-204-kg-heavy-duty-support-portable-fold-hwzdyxdxxsysm48pb001v0","HWZDYXDXYLYSOKSV5001V0","prod_01KPJVERTJ656QAHF8K7W73BBP","vevor-oversized-camping-chairs-204-kg-heavy-duty-support-portable-padd-hwzdyxdxylysoksv5001v0","CREATED"
"prod_01KP6FF1GRMC4YG7KWZ2W22ZXF","vevor-canopy-sidewalls-fit-for-3-x-3-m-pop-up-canopy-tent-tent-side-wa-tpsltcbpjllkzrbzt001v0","TPSLTCB1M10XDK2DC001V0","prod_01KPJVES7CRGJF7VP3Z9CWEX39","vevor-canopy-sidewalls-fit-for-3-x-3-m-pop-up-canopy-tent-tent-side-wa-tpsltcb1m10xdk2dc001v0","CREATED"
"prod_01KP6FF1GRMC4YG7KWZ2W22ZXF","vevor-canopy-sidewalls-fit-for-3-x-3-m-pop-up-canopy-tent-tent-side-wa-tpsltcbpjllkzrbzt001v0","TPSLTCBPJLLKGNJ3S001V0","prod_01KPJVESDK65J6KB8MT8AQPC6J","vevor-canopy-sidewalls-fit-for-3-x-3-m-pop-up-canopy-tent-tent-side-wa-tpsltcbpjllkgnj3s001v0","CREATED"
"prod_01KP6FF1GRMC4YG7KWZ2W22ZXF","vevor-canopy-sidewalls-fit-for-3-x-3-m-pop-up-canopy-tent-tent-side-wa-tpsltcbpjllkzrbzt001v0","TPSLTCBPJLLKZRBZT001V0","prod_01KPJVESM57N953C47DJEJWF6V","vevor-canopy-sidewalls-fit-for-3-x-3-m-pop-up-canopy-tent-tent-side-wa-tpsltcbpjllkzrbzt001v0","CREATED"
"prod_01KP6FF3GCG88XP1NPCHMN1ZP7","vevor-potting-bench-table-outdoor-gardening-wooden-storage-cabinet-wit-jszzgztsm3c3lbc65001v0","JSZZGZTSM3C3H3AHS001V0","prod_01KPJVET26PY6BQDJHP7CWFF22","vevor-potting-bench-table-outdoor-gardening-wooden-storage-cabinet-wit-jszzgztsm3c3h3ahs001v0","CREATED"
"prod_01KP6FF3GCG88XP1NPCHMN1ZP7","vevor-potting-bench-table-outdoor-gardening-wooden-storage-cabinet-wit-jszzgztsm3c3lbc65001v0","JSZZGZTSM3C3LBC65001V0","prod_01KPJVET8Q8AZ6XPJJ4WF0YDAC","vevor-potting-bench-table-outdoor-gardening-wooden-storage-cabinet-wit-jszzgztsm3c3lbc65001v0","CREATED"
"prod_01KP6FF5H9HBHEE0MA8APN1BFE","vevor-expandable-fence-privacy-screen-64-9-x-310-cm-expand-artificial-rzzwqwlswlkzph7ij001v0","RZZWQWLSWLKZPH7IJ001V0","prod_01KPJVETPSC60W1MTBR2YFG1FD","vevor-expandable-fence-privacy-screen-64-9-x-310-cm-expand-artificial-rzzwqwlswlkzph7ij001v0","CREATED"
"prod_01KP6FF5H9HBHEE0MA8APN1BFE","vevor-expandable-fence-privacy-screen-64-9-x-310-cm-expand-artificial-rzzwqwlswlkzph7ij001v0","RZZWQWLSWLKZ4G0IF001V0","prod_01KPJVETX42HEJ84DBPGBBXXPZ","vevor-expandable-fence-privacy-screen-63-5-x-320-cm-expand-artificial-rzzwqwlswlkz4g0if001v0","CREATED"
"prod_01KP6FF5QX3S971CRFP54S7HDX","vevor-solar-pool-ionizer-round-copper-pool-ionizer-up-to-170343-l-floa-tynyclzfsqdhogjv5001v0","TYNYCLZFSQDHQ59ZZ001V0","prod_01KPJVEVCW60HCPZ27Q1Y2888C","vevor-solar-pool-ionizer-petal-copper-pool-ionizer-up-to-170343-l-floa-tynyclzfsqdhq59zz001v0","CREATED"
"prod_01KP6FF5QX3S971CRFP54S7HDX","vevor-solar-pool-ionizer-round-copper-pool-ionizer-up-to-170343-l-floa-tynyclzfsqdhogjv5001v0","TYNYCLZFSQDHOGJV5001V0","prod_01KPJVEVJ0AQHZ5QNJ3R6KEVCG","vevor-solar-pool-ionizer-round-copper-pool-ionizer-up-to-170343-l-floa-tynyclzfsqdhogjv5001v0","CREATED"
"prod_01KP6FF5QX3S971CRFP54S7HDX","vevor-solar-pool-ionizer-round-copper-pool-ionizer-up-to-170343-l-floa-tynyclzfsqdhogjv5001v0","TYNYCLZFSQDHDJNV9001V0","prod_01KPJVEVRESVBSEQM4F71RS58T","vevor-solar-pool-ionizer-hexagon-copper-pool-ionizer-up-to-170343-l-fl-tynyclzfsqdhdjnv9001v0","CREATED"
"prod_01KP6FF5QX3S971CRFP54S7HDX","vevor-solar-pool-ionizer-round-copper-pool-ionizer-up-to-170343-l-floa-tynyclzfsqdhogjv5001v0","TYNYCLZFSQXHUMG2E001V0","prod_01KPJVEVZ1B0YJZ8S36BT4CN7W","vevor-solar-pool-ionizer-round-copper-pool-ionizer-up-to-132489-l-floa-tynyclzfsqxhumg2e001v0","CREATED"
"prod_01KP6FF60A9SPJ69TE0EPDJB4Y","vevor-variable-speed-pool-pump-1650w-ac-220-240v-33-000-l-h-in-above-s-bsycglbss20h2uys0001v2","BSYCGLBSS15HK7EDB001V2","prod_01KPJVEWE1BEV48591QX084PPJ","vevor-variable-speed-pool-pump-1100w-ac-220-240v-26-000-l-h-in-above-s-bsycglbss15hk7edb001v2","CREATED"
"prod_01KP6FF60A9SPJ69TE0EPDJB4Y","vevor-variable-speed-pool-pump-1650w-ac-220-240v-33-000-l-h-in-above-s-bsycglbss20h2uys0001v2","BSYCGLBSS20H2UYS0001V2","prod_01KPJVEWKXK1CSZF2RRHH3SW79","vevor-variable-speed-pool-pump-1650w-ac-220-240v-33-000-l-h-in-above-s-bsycglbss20h2uys0001v2","CREATED"
"prod_01KP6FF60A9SPJ69TE0EPDJB4Y","vevor-variable-speed-pool-pump-1650w-ac-220-240v-33-000-l-h-in-above-s-bsycglbss20h2uys0001v2","BSYCGLBSS15HTPH92001V2","prod_01KPJVEWSP62BZ32J6J9XCT5PA","vevor-variable-speed-pool-pump-1350w-ac-220-240v-30-000-l-h-in-above-s-bsycglbss15htph92001v2","CREATED"
"prod_01KP6FF60A9SPJ69TE0EPDJB4Y","vevor-variable-speed-pool-pump-1650w-ac-220-240v-33-000-l-h-in-above-s-bsycglbss20h2uys0001v2","BSYCGLBSS30H8LGW2001V2","prod_01KPJVEX0GDAVBM0SC44SV1C4R","vevor-variable-speed-pool-pump-2200w-ac-220-240v-43-000-l-h-in-above-s-bsycglbss30h8lgw2001v2","CREATED"
"prod_01KP6FF6BN0H4E9Q83NB3P8FY8","vevor-plate-compactor-6-5-hp-212cc-gas-engine-6400-vpm-vibrating-groun-rypbysj65hpbq4o2d001v0","RYPBYSJ20HPW5XY34001V0","prod_01KPJVEXDT5GY5FACFE7H9GD2P","vevor-plate-compactor-2-hp-79cc-gas-engine-5250-vpm-vibrating-ground-r-rypbysj20hpw5xy34001v0","CREATED"
"prod_01KP6FF6BN0H4E9Q83NB3P8FY8","vevor-plate-compactor-6-5-hp-212cc-gas-engine-6400-vpm-vibrating-groun-rypbysj65hpbq4o2d001v0","RYPBYSJ65HPBQ4O2D001V0","prod_01KPJVEXM3K3Q7GVDV1JTX6NKC","vevor-plate-compactor-6-5-hp-212cc-gas-engine-6400-vpm-vibrating-groun-rypbysj65hpbq4o2d001v0","CREATED"
"prod_01KP6FF6BN0H4E9Q83NB3P8FY8","vevor-plate-compactor-6-5-hp-212cc-gas-engine-6400-vpm-vibrating-groun-rypbysj65hpbq4o2d001v0","RYPBYSJ65HPW1EMWD001V0","prod_01KPJVEXTR6Y1YJ25S4M0M170Y","vevor-plate-compactor-6-5-hp-196cc-gas-engine-5600-vpm-vibrating-groun-rypbysj65hpw1emwd001v0","CREATED"
"prod_01KP6FF6JW9ZZQY7XCX1E3SNRP","vevor-10-pack-6-6-ft-2m-v-shape-led-aluminum-channel-with-milky-cover-ledddcvx66ftag0u5001v0","LEDDDCVX66FTAG0U5001V0","prod_01KPJVEY9PA5CD8PCAZHPP71S1","vevor-10-pack-6-6-ft-2m-v-shape-led-aluminum-channel-with-milky-cover-ledddcvx66ftag0u5001v0","CREATED"
"prod_01KP6FF6JW9ZZQY7XCX1E3SNRP","vevor-10-pack-6-6-ft-2m-v-shape-led-aluminum-channel-with-milky-cover-ledddcvx66ftag0u5001v0","LEDDDCUX66FTUTKG9001V0","prod_01KPJVEYG6H4F44M7BT4V64QX7","vevor-20-pack-6-6-ft-2m-u-shape-led-aluminum-channel-with-milky-cover-ledddcux66ftutkg9001v0","CREATED"
"prod_01KP6FF6JW9ZZQY7XCX1E3SNRP","vevor-10-pack-6-6-ft-2m-v-shape-led-aluminum-channel-with-milky-cover-ledddcvx66ftag0u5001v0","LEDDDCSBQRS6SHKMF001V0","prod_01KPJVEYNV2Y538PN9HRE2N3RF","vevor-plaster-in-led-aluminum-channel-10-pack-6-6-ft-2m-trimless-reces-ledddcsbqrs6shkmf001v0","CREATED"
"prod_01KP6FF6JW9ZZQY7XCX1E3SNRP","vevor-10-pack-6-6-ft-2m-v-shape-led-aluminum-channel-with-milky-cover-ledddcvx66ftag0u5001v0","LEDDDCVX33FTED2UA001V0","prod_01KPJVEYVVFJ32C7F38WPMECR5","vevor-20-pack-3-3-ft-1m-v-shape-led-aluminum-channel-with-milky-cover-ledddcvx33fted2ua001v0","CREATED"
"prod_01KP6FF6JW9ZZQY7XCX1E3SNRP","vevor-10-pack-6-6-ft-2m-v-shape-led-aluminum-channel-with-milky-cover-ledddcvx66ftag0u5001v0","LEDDDCUX33FTAGY5K001V0","prod_01KPJVEZ24V9A5582YZB440QF3","vevor-20-pack-3-3-ft-1m-u-shape-led-aluminum-channel-with-milky-cover-ledddcux33ftagy5k001v0","CREATED"
"prod_01KP6FF6JW9ZZQY7XCX1E3SNRP","vevor-10-pack-6-6-ft-2m-v-shape-led-aluminum-channel-with-milky-cover-ledddcvx66ftag0u5001v0","LEDDDCUX66FT2OL72001V0","prod_01KPJVEZ8D6PZ6TFKJV7SH24QG","vevor-10-pack-6-6-ft-2m-u-shape-led-aluminum-channel-with-milky-cover-ledddcux66ft2ol72001v0","CREATED"
"prod_01KP6FF6YX60ZVN5TA1MT6V1FD","vevor-2-tier-heavy-duty-wall-garage-shelving-610-x-1219-mm-steel-wall-ckgbgswgj244paie8001v0","CKGBGSWGJDGJSS371001V0","prod_01KPJVEZRF3EBTBBTXAAV2PD4R","vevor-2-tier-heavy-duty-wall-garage-shelving-4-pack-305-x-914-mm-steel-ckgbgswgjdgjss371001v0","CREATED"
"prod_01KP6FF6YX60ZVN5TA1MT6V1FD","vevor-2-tier-heavy-duty-wall-garage-shelving-610-x-1219-mm-steel-wall-ckgbgswgj244paie8001v0","CKGBGSWGJ244PAIE8001V0","prod_01KPJVEZYW60K7P7METEFN7M68","vevor-2-tier-heavy-duty-wall-garage-shelving-610-x-1219-mm-steel-wall-ckgbgswgj244paie8001v0","CREATED"
"prod_01KP6FF6YX60ZVN5TA1MT6V1FD","vevor-2-tier-heavy-duty-wall-garage-shelving-610-x-1219-mm-steel-wall-ckgbgswgj244paie8001v0","CKGBGSWGJ123E7HT0001V0","prod_01KPJVF05DDPJ6GM1F0JH6KEFJ","vevor-3-tier-heavy-duty-wall-garage-shelving-275-x-914-mm-steel-wall-m-ckgbgswgj123e7ht0001v0","CREATED"
"prod_01KP6FF6YX60ZVN5TA1MT6V1FD","vevor-2-tier-heavy-duty-wall-garage-shelving-610-x-1219-mm-steel-wall-ckgbgswgj244paie8001v0","CKGBGSWGJ2434WRWA001V0","prod_01KPJVF0BNGPSGKV8K8KR6J4P1","vevor-2-tier-heavy-duty-wall-garage-shelving-610-x-914-mm-steel-wall-m-ckgbgswgj2434wrwa001v0","CREATED"
"prod_01KP6FF78GNM56F4SFFMFERMZK","vevor-2-tier-heavy-duty-wall-garage-shelving-50-x-122-cm-steel-wall-mo-ckgbddbj2jdgsj6cq001v0","CKGBDDBJDGJF4X35T001V0","prod_01KPJVF0SFN3VVFDWVW0F26DRT","vevor-2-tier-heavy-duty-wall-garage-shelving-610-x-914-mm-steel-wall-m-ckgbddbjdgjf4x35t001v0","CREATED"
"prod_01KP6FF78GNM56F4SFFMFERMZK","vevor-2-tier-heavy-duty-wall-garage-shelving-50-x-122-cm-steel-wall-mo-ckgbddbj2jdgsj6cq001v0","CKGBDDBJ2JDGSJ6CQ001V0","prod_01KPJVF108DBTG1DX5JGGQ2MBQ","vevor-2-tier-heavy-duty-wall-garage-shelving-50-x-122-cm-steel-wall-mo-ckgbddbj2jdgsj6cq001v0","CREATED"
"prod_01KP6FF7P47TARD503WZC60VXH","vevor-5-step-ladder-folding-step-stool-with-wide-anti-slip-pedal-and-c-lhjbgtwb0000tq4we001v0","LHJBGTSB00002PVUB001V0","prod_01KPJVF1GE6QMCS9WAR7KK7Y6J","vevor-3-step-ladder-folding-step-stool-with-wide-anti-slip-pedal-and-c-lhjbgtsb00002pvub001v0","CREATED"
"prod_01KP6FF7P47TARD503WZC60VXH","vevor-5-step-ladder-folding-step-stool-with-wide-anti-slip-pedal-and-c-lhjbgtwb0000tq4we001v0","LHJBGTLB00009A83G001V0","prod_01KPJVF1NZKXZE2P5AMZGCX1KR","vevor-6-step-ladder-folding-step-stool-with-wide-anti-slip-pedal-and-c-lhjbgtlb00009a83g001v0","CREATED"
"prod_01KP6FF7P47TARD503WZC60VXH","vevor-5-step-ladder-folding-step-stool-with-wide-anti-slip-pedal-and-c-lhjbgtwb0000tq4we001v0","LHJBGTWB0000TQ4WE001V0","prod_01KPJVF1W50CAF935A3KWP4EM7","vevor-5-step-ladder-folding-step-stool-with-wide-anti-slip-pedal-and-c-lhjbgtwb0000tq4we001v0","CREATED"
"prod_01KP6FF7P47TARD503WZC60VXH","vevor-5-step-ladder-folding-step-stool-with-wide-anti-slip-pedal-and-c-lhjbgtwb0000tq4we001v0","LHJBGTSB0000629CE001V0","prod_01KPJVF22RG4S3621K7VSA2EHA","vevor-4-step-ladder-folding-step-stool-with-wide-anti-slip-pedal-and-c-lhjbgtsb0000629ce001v0","CREATED"
"prod_01KP6FF7YXX3P27E8N2CCCYKJF","vevor-2-step-ladder-folding-step-stool-with-wide-anti-slip-pedal-and-c-lhjhjtlb0000ltszh001v0","LHJHJTLB0000LTSZH001V0","prod_01KPJVF2GW0TS2ZQMSHQMPRMQV","vevor-2-step-ladder-folding-step-stool-with-wide-anti-slip-pedal-and-c-lhjhjtlb0000ltszh001v0","CREATED"
"prod_01KP6FF7YXX3P27E8N2CCCYKJF","vevor-2-step-ladder-folding-step-stool-with-wide-anti-slip-pedal-and-c-lhjhjtlb0000ltszh001v0","LHJHJTSB0000TIJOS001V0","prod_01KPJVF2PVBGM4K6C572RQ571Z","vevor-3-step-ladder-folding-step-stool-with-wide-anti-slip-pedal-and-c-lhjhjtsb0000tijos001v0","CREATED"
"prod_01KP6FF8W0YEEW3D93K5YEF6YC","vevor-pulley-system-2-pcs-lat-and-lift-pulley-system-gym-rack-pulleys-jyhlxlqxgsglrs28o001v0","JYHLXLQXGSGLRS28O001V0","prod_01KPJVF34RD34F5GYB8MN8AT82","vevor-pulley-system-2-pcs-lat-and-lift-pulley-system-gym-rack-pulleys-jyhlxlqxgsglrs28o001v0","CREATED"
"prod_01KP6FF8W0YEEW3D93K5YEF6YC","vevor-pulley-system-2-pcs-lat-and-lift-pulley-system-gym-rack-pulleys-jyhlxlqxgsglrs28o001v0","JYHLXLQXGSGLSP1D6001V0","prod_01KPJVF3BB8RP9CA4AZN52CTJW","vevor-pulley-system-1-pc-lat-and-lift-pulley-system-gym-rack-pulleys-a-jyhlxlqxgsglsp1d6001v0","CREATED"
"prod_01KP6FF9QQPT0Y3VQKY58MYW8R","vevor-jump-starter-1000a-peak-car-jumper-starter-battery-pack-12v-port-yjdyqdx1000ayvm3g001v9","YJDYQDX1000AYVM3G001V9","prod_01KPJVF3TERK5BPSZ0R4HMN6CG","vevor-jump-starter-1000a-peak-car-jumper-starter-battery-pack-12v-port-yjdyqdx1000ayvm3g001v9","CREATED"
"prod_01KP6FF9QQPT0Y3VQKY58MYW8R","vevor-jump-starter-1000a-peak-car-jumper-starter-battery-pack-12v-port-yjdyqdx1000ayvm3g001v9","YJDYQDX3000A1A8EO001V9","prod_01KPJVF40GA5MT3VZWXGFZJME2","vevor-jump-starter-3000a-peak-car-jumper-starter-battery-pack-12v-port-yjdyqdx3000a1a8eo001v9","CREATED"
"prod_01KP6FF9QQPT0Y3VQKY58MYW8R","vevor-jump-starter-1000a-peak-car-jumper-starter-battery-pack-12v-port-yjdyqdx1000ayvm3g001v9","YJDYQDX6000AMVPUI001V9","prod_01KPJVF473HPF7M09K8JGB67MM","vevor-jump-starter-6000a-peak-car-jumper-starter-battery-pack-12v-port-yjdyqdx6000amvpui001v9","CREATED"
"prod_01KP6FF9QQPT0Y3VQKY58MYW8R","vevor-jump-starter-1000a-peak-car-jumper-starter-battery-pack-12v-port-yjdyqdx1000ayvm3g001v9","YJDYQDX4000ARVZXS001V9","prod_01KPJVF4DAZ69M6V2QPVFVG109","vevor-jump-starter-4000a-peak-car-jumper-starter-battery-pack-12v-port-yjdyqdx4000arvzxs001v9","CREATED"
"prod_01KP6FF9QQPT0Y3VQKY58MYW8R","vevor-jump-starter-1000a-peak-car-jumper-starter-battery-pack-12v-port-yjdyqdx1000ayvm3g001v9","YJDYQDX1500AGX9EK001V9","prod_01KPJVF4KQBSQ2NJ0J1XAH3R2D","vevor-jump-starter-1500a-peak-car-jumper-starter-battery-pack-12v-port-yjdyqdx1500agx9ek001v9","CREATED"
"prod_01KP6FFA39CDG8RWY6HNCG0YPF","vevor-drainage-mat-90-x-300-cm-pvc-non-slip-commercial-floor-mat-wet-a-ytspsdyts3109kv41001v0","YTSPSDYTS3500DIMI001V0","prod_01KPJVF53B7H8KZ22FKRN1654Z","vevor-drainage-mat-90-x-1500-cm-pvc-non-slip-commercial-floor-mat-wet-ytspsdyts3500dimi001v0","CREATED"
"prod_01KP6FFA39CDG8RWY6HNCG0YPF","vevor-drainage-mat-90-x-300-cm-pvc-non-slip-commercial-floor-mat-wet-a-ytspsdyts3109kv41001v0","YTSPSDYTS3109KV41001V0","prod_01KPJVF592T7JY7SWHQZC0Y450","vevor-drainage-mat-90-x-300-cm-pvc-non-slip-commercial-floor-mat-wet-a-ytspsdyts3109kv41001v0","CREATED"
"prod_01KP6FFA39CDG8RWY6HNCG0YPF","vevor-drainage-mat-90-x-300-cm-pvc-non-slip-commercial-floor-mat-wet-a-ytspsdyts3109kv41001v0","YTSPSD350FTHWEG8V001V0","prod_01KPJVF5E9XQFT5C9MJSJZ1VH0","vevor-drainage-mat-90-x-1500-cm-pvc-non-slip-commercial-floor-mat-wet-ytspsd350fthweg8v001v0","CREATED"
"prod_01KP6FFA39CDG8RWY6HNCG0YPF","vevor-drainage-mat-90-x-300-cm-pvc-non-slip-commercial-floor-mat-wet-a-ytspsdyts3109kv41001v0","YTSPSDYTS316JEVTI001V0","prod_01KPJVF5MR7GCW0SBGCPENXNVR","vevor-drainage-mat-90-x-500-cm-pvc-non-slip-commercial-floor-mat-wet-a-ytspsdyts316jevti001v0","CREATED"
"prod_01KP6FFAC7XH6GXTTC36VY6AKC","vevor-screw-extractor-set-27-pieces-hex-head-multi-spline-easy-out-bol-dgntqqtzlsdljogfa001v0","DGNTQQTZLSDLEJT1E001V0","prod_01KPJVF64XBJJ24W3Y04QAMX72","vevor-screw-extractor-set-with-drill-bits-41-pieces-easy-out-bolt-extr-dgntqqtzlsdlejt1e001v0","CREATED"
"prod_01KP6FFAC7XH6GXTTC36VY6AKC","vevor-screw-extractor-set-27-pieces-hex-head-multi-spline-easy-out-bol-dgntqqtzlsdljogfa001v0","DGNTQQTZLSDLJOGFA001V0","prod_01KPJVF6AP8XKWESQ16ZAM5NAW","vevor-screw-extractor-set-27-pieces-hex-head-multi-spline-easy-out-bol-dgntqqtzlsdljogfa001v0","CREATED"
"prod_01KP6FFAC7XH6GXTTC36VY6AKC","vevor-screw-extractor-set-27-pieces-hex-head-multi-spline-easy-out-bol-dgntqqtzlsdljogfa001v0","DGNTQQTZLSLS8SSRS001V0","prod_01KPJVF6GRM5K1M8AHE886JNJ9","vevor-screw-extractor-set-63-pieces-with-nut-and-bolt-extractors-nut-s-dgntqqtzlsls8ssrs001v0","CREATED"
"prod_01KP6FFAC7XH6GXTTC36VY6AKC","vevor-screw-extractor-set-27-pieces-hex-head-multi-spline-easy-out-bol-dgntqqtzlsdljogfa001v0","DGNTQQTZLSLMJSZ94001V0","prod_01KPJVF6P5S9VSGW2E0PXEW0KG","vevor-bolt-extractor-kit-16-pieces-impact-bolt-nut-remover-set-with-ad-dgntqqtzlslmjsz94001v0","CREATED"
"prod_01KP6FFAC7XH6GXTTC36VY6AKC","vevor-screw-extractor-set-27-pieces-hex-head-multi-spline-easy-out-bol-dgntqqtzlsdljogfa001v0","DGNTQQTZLSDLQPMCH001V0","prod_01KPJVF6WFECAW4X8R78NX1JJB","vevor-screw-extractor-set-with-drill-bits-49-pieces-easy-out-nut-bolt-dgntqqtzlsdlqpmch001v0","CREATED"
"prod_01KP6FFAC7XH6GXTTC36VY6AKC","vevor-screw-extractor-set-27-pieces-hex-head-multi-spline-easy-out-bol-dgntqqtzlsdljogfa001v0","DGNTQQTZGDTQT1SGR001V0","prod_01KPJVF72VZYZTZ21PV46MS3WX","vevor-pipe-extractor-set-9-pieces-heavy-duty-steel-broken-pipe-extract-dgntqqtzgdtqt1sgr001v0","CREATED"
"prod_01KP6FFAC7XH6GXTTC36VY6AKC","vevor-screw-extractor-set-27-pieces-hex-head-multi-spline-easy-out-bol-dgntqqtzlsdljogfa001v0","DGNTQQTZDGNTEAWM1001V0","prod_01KPJVF78VE9QGNNF1GJA31W86","vevor-screw-extractor-set-with-drill-bits-54-pieces-easy-out-nut-bolt-dgntqqtzdgnteawm1001v0","CREATED"
"prod_01KP6FFAC7XH6GXTTC36VY6AKC","vevor-screw-extractor-set-27-pieces-hex-head-multi-spline-easy-out-bol-dgntqqtzlsdljogfa001v0","DGNTQQTZDGNTDH4ND001V0","prod_01KPJVF7FAMK07K9SR3MTTNYHM","vevor-screw-extractor-set-with-drill-bits-65-pieces-easy-out-nut-bolt-dgntqqtzdgntdh4nd001v0","CREATED"
"prod_01KP6FFAWK6Y0F7NE6R5M1V61H","vevor-vinyl-cutting-machine-305-mm-button-and-screen-controlled-vinyl-tssdkzj2pdp10y76z001v2","TSSDKZJ2PDP1XKCGU001V2","prod_01KPJVF7YPJESJ2X95PKFJ2H0P","vevor-vinyl-cutting-machine-305-mm-touchscreen-controlled-vinyl-cutter-tssdkzj2pdp1xkcgu001v2","CREATED"
"prod_01KP6FFAWK6Y0F7NE6R5M1V61H","vevor-vinyl-cutting-machine-305-mm-button-and-screen-controlled-vinyl-tssdkzj2pdp10y76z001v2","TSSDKZJ2PDP1UV4TH001V2","prod_01KPJVF84QWCVSN4KKPE2XB92F","vevor-vinyl-cutting-machine-305-mm-button-controlled-vinyl-cutter-5000-tssdkzj2pdp1uv4th001v2","CREATED"
"prod_01KP6FFAWK6Y0F7NE6R5M1V61H","vevor-vinyl-cutting-machine-305-mm-button-and-screen-controlled-vinyl-tssdkzj2pdp10y76z001v2","TSSDKZJ2PDP1PO9OA001V2","prod_01KPJVF8B43XP42DE1JQJ01MXG","vevor-vinyl-cutting-machine-305-mm-button-and-screen-controlled-vinyl-tssdkzj2pdp1po9oa001v2","CREATED"
"prod_01KP6FFAWK6Y0F7NE6R5M1V61H","vevor-vinyl-cutting-machine-305-mm-button-and-screen-controlled-vinyl-tssdkzj2pdp10y76z001v2","TSSDKZJ2PDP10Y76Z001V2","prod_01KPJVF8HMDW23JDC6GEPAS4GB","vevor-vinyl-cutting-machine-305-mm-button-and-screen-controlled-vinyl-tssdkzj2pdp10y76z001v2","CREATED"
"prod_01KP6FFAWK6Y0F7NE6R5M1V61H","vevor-vinyl-cutting-machine-305-mm-button-and-screen-controlled-vinyl-tssdkzj2pdp10y76z001v2","TSSDKZJ2PDP1VG1DN001V2","prod_01KPJVF8R09AF33RG2B7N3NQ8Y","vevor-vinyl-cutting-machine-305-mm-touchscreen-controlled-vinyl-cutter-tssdkzj2pdp1vg1dn001v2","CREATED"
"prod_01KP6FFAWK6Y0F7NE6R5M1V61H","vevor-vinyl-cutting-machine-305-mm-button-and-screen-controlled-vinyl-tssdkzj2pdp10y76z001v2","TSSDKZJ2PDP13CLB0001V2","prod_01KPJVF8YDFCWFNTBA7HE7HD98","vevor-vinyl-cutting-machine-305-mm-button-controlled-vinyl-cutter-with-tssdkzj2pdp13clb0001v2","CREATED"
"prod_01KP6FFB81XT8PKHTBNVQQJ3GP","vevor-metal-storage-trunk-set-of-2-wooden-suitcase-storage-boxes-with-dxjscwx2833i84qaw001v0","DXJSCWX2833IA1Y32001V0","prod_01KPJVF9E6ZW0KSRH3AVAQQAW6","vevor-metal-storage-trunk-set-of-2-wooden-suitcase-storage-boxes-with-dxjscwx2833ia1y32001v0","CREATED"
"prod_01KP6FFB81XT8PKHTBNVQQJ3GP","vevor-metal-storage-trunk-set-of-2-wooden-suitcase-storage-boxes-with-dxjscwx2833i84qaw001v0","DXJSCWX2833IHUG4D001V0","prod_01KPJVF9MEM3R7KRB9HS84EVRC","vevor-metal-storage-trunk-set-of-2-wooden-suitcase-storage-boxes-with-dxjscwx2833ihug4d001v0","CREATED"
"prod_01KP6FFB81XT8PKHTBNVQQJ3GP","vevor-metal-storage-trunk-set-of-2-wooden-suitcase-storage-boxes-with-dxjscwx2833i84qaw001v0","DXJSCWX2833ISNVYL001V0","prod_01KPJVF9TMGP7NGWBDNP2EQZ5R","vevor-metal-storage-trunk-set-of-2-wooden-suitcase-storage-boxes-with-dxjscwx2833isnvyl001v0","CREATED"
"prod_01KP6FFB81XT8PKHTBNVQQJ3GP","vevor-metal-storage-trunk-set-of-2-wooden-suitcase-storage-boxes-with-dxjscwx2833i84qaw001v0","DXJSCWX2833I84QAW001V0","prod_01KPJVFA1JDR71KKG9B5H2ZT4S","vevor-metal-storage-trunk-set-of-2-wooden-suitcase-storage-boxes-with-dxjscwx2833i84qaw001v0","CREATED"
"prod_01KP6FFBGV2MTMQQ2NTPB7C4VD","vevor-hall-tree-1800-mm-coat-rack-with-shoe-storage-freestanding-4-tie-tydgnymjdgsxepf3f001v0","TYDGNYMJZHXKXKHPI001V0","prod_01KPJVFAGS3167VSZFMRJ1CZZH","vevor-coat-rack-with-shoe-bench-3-in-1-shoe-coat-rack-combo-set-with-h-tydgnymjzhxkxkhpi001v0","CREATED"
"prod_01KP6FFBGV2MTMQQ2NTPB7C4VD","vevor-hall-tree-1800-mm-coat-rack-with-shoe-storage-freestanding-4-tie-tydgnymjdgsxepf3f001v0","TYDGNYMJDGSXEPF3F001V0","prod_01KPJVFAQ3B4K02ZEKP75P79J9","vevor-hall-tree-1800-mm-coat-rack-with-shoe-storage-freestanding-4-tie-tydgnymjdgsxepf3f001v0","CREATED"
"prod_01KP6FFBGV2MTMQQ2NTPB7C4VD","vevor-hall-tree-1800-mm-coat-rack-with-shoe-storage-freestanding-4-tie-tydgnymjdgsxepf3f001v0","TYDGNYMJDGSXQKPDX001V0","prod_01KPJVFAWC9DHTW1X0DFM6KTSK","vevor-hall-tree-1800-mm-coat-rack-with-shoe-bench-3-drawers-3-in-1-fre-tydgnymjdgsxqkpdx001v0","CREATED"
"prod_01KP6FFBGV2MTMQQ2NTPB7C4VD","vevor-hall-tree-1800-mm-coat-rack-with-shoe-storage-freestanding-4-tie-tydgnymjdgsxepf3f001v0","TYDGNYMJDGSX3AOUZ001V0","prod_01KPJVFB2QZCZYJBJD4XM74PQ3","vevor-hall-tree-1830-mm-coat-rack-with-shoe-bench-2-tier-freestanding-tydgnymjdgsx3aouz001v0","CREATED"
"prod_01KP6FFBGV2MTMQQ2NTPB7C4VD","vevor-hall-tree-1800-mm-coat-rack-with-shoe-storage-freestanding-4-tie-tydgnymjdgsxepf3f001v0","TYDGNYMJZHXD9REN9001V0","prod_01KPJVFB9B4HG4CDBATEA6YBXA","vevor-hall-tree-1800-mm-coat-rack-with-shoe-bench-2-drawers-3-in-1-fre-tydgnymjzhxd9ren9001v0","CREATED"
"prod_01KP6FFBGV2MTMQQ2NTPB7C4VD","vevor-hall-tree-1800-mm-coat-rack-with-shoe-storage-freestanding-4-tie-tydgnymjdgsxepf3f001v0","TYDGNYMJZJXKPQJ57001V0","prod_01KPJVFBGKX0VFKBKK0CJF6TB9","vevor-corner-hall-tree-with-shoe-bench-1800-mm-coat-rack-with-hooks-an-tydgnymjzjxkpqj57001v0","CREATED"
"prod_01KP6FFBGV2MTMQQ2NTPB7C4VD","vevor-hall-tree-1800-mm-coat-rack-with-shoe-storage-freestanding-4-tie-tydgnymjdgsxepf3f001v0","TYDGNYMJZJXKUTMS0001V0","prod_01KPJVFBQ48RH5KDRD92G3N606","vevor-corner-hall-tree-1810-mm-coat-rack-with-hooks-top-shelf-steel-fr-tydgnymjzjxkutms0001v0","CREATED"
"prod_01KP6FFBX58YX2AQXNWTC67SP9","vevor-end-table-3-tier-narrow-side-table-with-open-storage-shelves-mod-tybzzzxtmkfso81c9001v0","TYBZZZXTMKFSO81C9001V0","prod_01KPJVFC45GNC0T4JVR1D8TRCN","vevor-end-table-3-tier-narrow-side-table-with-open-storage-shelves-mod-tybzzzxtmkfso81c9001v0","CREATED"
"prod_01KP6FFBX58YX2AQXNWTC67SP9","vevor-end-table-3-tier-narrow-side-table-with-open-storage-shelves-mod-tybzzzxtmkfso81c9001v0","TYBZFXTMKFS2TSD5G001V0","prod_01KPJVFCAE661M6GBF3JZHCN2B","vevor-end-table-2-tier-square-side-table-with-open-storage-shelves-mod-tybzfxtmkfs2tsd5g001v0","CREATED"
"prod_01KP6FFC6DA03KVB34VJTMPJ26","vevor-smart-battery-charger-25a-6v-12v-24v-lithium-lifepo4-lead-acid-g-tsldqscdq25anygsw001v2","TSLDQSCDQ20AJDCWH001V2","prod_01KPJVFCRXF02R8VNJ8WKPKCCF","vevor-smart-battery-charger-20a-6v-12v-24v-lithium-lifepo4-lead-acid-g-tsldqscdq20ajdcwh001v2","CREATED"
"prod_01KP6FFC6DA03KVB34VJTMPJ26","vevor-smart-battery-charger-25a-6v-12v-24v-lithium-lifepo4-lead-acid-g-tsldqscdq25anygsw001v2","TSLDQSCDQ25ANYGSW001V2","prod_01KPJVFCZAR3SEH3S4BTJYESP2","vevor-smart-battery-charger-25a-6v-12v-24v-lithium-lifepo4-lead-acid-g-tsldqscdq25anygsw001v2","CREATED"
"prod_01KP6FFC6DA03KVB34VJTMPJ26","vevor-smart-battery-charger-25a-6v-12v-24v-lithium-lifepo4-lead-acid-g-tsldqscdq25anygsw001v2","TSLDQSCDQ30AYUE5U001V2","prod_01KPJVFD57MBR0V09M96V6EZRG","vevor-smart-battery-charger-30a-6v-12v-24v-lifepo4-lead-acid-gel-agm-l-tsldqscdq30ayue5u001v2","CREATED"
"prod_01KP6FFCNER976YX0GT2TY11WW","vevor-portable-power-station-1800w-solar-generator-power-station-1008w-dxcndywtynb177dif001v2","DXCNDYWTYNB5I6NQI001V2","prod_01KPJVFDMMPKDHDRYZN21RZAGD","vevor-portable-power-station-600w-solar-generator-power-station-493wh-dxcndywtynb5i6nqi001v2","CREATED"
"prod_01KP6FFCNER976YX0GT2TY11WW","vevor-portable-power-station-1800w-solar-generator-power-station-1008w-dxcndywtynb177dif001v2","DXCNDYWTYNB8SOZ1E001V2","prod_01KPJVFDTFDFEMHKYGDWB6KBQN","vevor-portable-power-station-1200w-solar-generator-power-station-806wh-dxcndywtynb8soz1e001v2","CREATED"
"prod_01KP6FFCNER976YX0GT2TY11WW","vevor-portable-power-station-1800w-solar-generator-power-station-1008w-dxcndywtynb177dif001v2","DXCNDYWTYNB39QS59001V2","prod_01KPJVFE11QGWJY7Q79M84TVD2","vevor-portable-power-station-3000w-solar-generator-power-station-3072w-dxcndywtynb39qs59001v2","CREATED"
"prod_01KP6FFCNER976YX0GT2TY11WW","vevor-portable-power-station-1800w-solar-generator-power-station-1008w-dxcndywtynb177dif001v2","DXCNDYWTYNB177DIF001V2","prod_01KPJVFE7FBDHR3AT26TFTS0BS","vevor-portable-power-station-1800w-solar-generator-power-station-1008w-dxcndywtynb177dif001v2","CREATED"
"prod_01KP6FFD0M53Z6VJPX2K0C034D","vevor-corten-steel-landscape-edging-1000-x-15-cm-steel-edging-for-land-jspzjnhg10m1tn4vi001v0","JSPZJTG10M100QEXL001V0","prod_01KPJVFEN6P320J1CBF4TSWY26","vevor-carbon-steel-landscape-edging-1000-x-14-cm-steel-edging-for-land-jspzjtg10m100qexl001v0","CREATED"
"prod_01KP6FFD0M53Z6VJPX2K0C034D","vevor-corten-steel-landscape-edging-1000-x-15-cm-steel-edging-for-land-jspzjnhg10m1tn4vi001v0","JSPZJNHG10M1TN4VI001V0","prod_01KPJVFEVDCRW8EBED0J8RW13T","vevor-corten-steel-landscape-edging-1000-x-15-cm-steel-edging-for-land-jspzjnhg10m1tn4vi001v0","CREATED"
"prod_01KP6FFD9VY08D8YEGVAJY0Y6S","vevor-pool-storage-bin-93-5-x-61-x-90-4-cm-rolling-pool-float-storage-yccwkjszj483rir93001v0","YCCWKJSZJ493DT6IZ001V0","prod_01KPJVFF97AGE071K43TX2K4SP","vevor-pool-storage-bin-125-x-84-x-84-cm-rolling-pool-float-storage-org-yccwkjszj493dt6iz001v0","CREATED"
"prod_01KP6FFD9VY08D8YEGVAJY0Y6S","vevor-pool-storage-bin-93-5-x-61-x-90-4-cm-rolling-pool-float-storage-yccwkjszj483rir93001v0","YCCWKJSZJ483RIR93001V0","prod_01KPJVFFFKN0KGXK7MTQ1NY78K","vevor-pool-storage-bin-93-5-x-61-x-90-4-cm-rolling-pool-float-storage-yccwkjszj483rir93001v0","CREATED"
"prod_01KP6FFD9VY08D8YEGVAJY0Y6S","vevor-pool-storage-bin-93-5-x-61-x-90-4-cm-rolling-pool-float-storage-yccwkjszj483rir93001v0","YCCWKSLZJ473KTRPU001V0","prod_01KPJVFFP8H6FR42A0A3E27K22","vevor-pool-storage-bin-c-rolling-pool-float-storage-organizer-with-sid-yccwkslzj473ktrpu001v0","CREATED"
"prod_01KP6FFDHWZYM5VDHM5DD8VTRB","vevor-portable-power-station-with-100w-solar-panel-600w-solar-generato-dxcndytj1100d3d0e001v2","DXCNDYTJ1100D3D0E001V2","prod_01KPJVFG63ZWQGJTZAB69D2K06","vevor-portable-power-station-with-100w-solar-panel-600w-solar-generato-dxcndytj1100d3d0e001v2","CREATED"
"prod_01KP6FFDHWZYM5VDHM5DD8VTRB","vevor-portable-power-station-with-100w-solar-panel-600w-solar-generato-dxcndytj1100d3d0e001v2","DXCNDYTJ2200V2T2X001V2","prod_01KPJVFGC6R9H2C200M5BA072E","vevor-portable-power-station-with-2pcs-200w-solar-panels-3000w-solar-g-dxcndytj2200v2t2x001v2","CREATED"
"prod_01KP6FFDHWZYM5VDHM5DD8VTRB","vevor-portable-power-station-with-100w-solar-panel-600w-solar-generato-dxcndytj1100d3d0e001v2","DXCNDYTJ1200T987R001V2","prod_01KPJVFGHMH6MNZZEMPVB263MZ","vevor-portable-power-station-with-200w-solar-panel-1800w-solar-generat-dxcndytj1200t987r001v2","CREATED"
"prod_01KP6FFDHWZYM5VDHM5DD8VTRB","vevor-portable-power-station-with-100w-solar-panel-600w-solar-generato-dxcndytj1100d3d0e001v2","DXCNDYTJ12004XZMT001V2","prod_01KPJVFGR4X7H50280TGNK8QF0","vevor-portable-power-station-with-200w-solar-panel-1200w-solar-generat-dxcndytj12004xzmt001v2","CREATED"
"prod_01KP6FFDTSSPVWHVY4A6DF13B9","vevor-dirt-bike-and-dual-sport-tire-changer-fits-for-406-533-mm-wheels-zxcmtcltghgjm4vf9001v0","ZXCMTCLTGHGJM4VF9001V0","prod_01KPJVFH5XCJR0X222DA10AJ72","vevor-dirt-bike-and-dual-sport-tire-changer-fits-for-406-533-mm-wheels-zxcmtcltghgjm4vf9001v0","CREATED"
"prod_01KP6FFDTSSPVWHVY4A6DF13B9","vevor-dirt-bike-and-dual-sport-tire-changer-fits-for-406-533-mm-wheels-zxcmtcltghgjm4vf9001v0","ZXCMTCLTGHGJ9OXO6001V0","prod_01KPJVFHC237YMWDASA2WSJ4BN","vevor-dirt-bike-tire-changing-tool-kit-fits-for-motocross-enduro-406-5-zxcmtcltghgj9oxo6001v0","CREATED"
"prod_01KP6FFE21J4JNNVGQQJAACGZK","vevor-tire-bars-2-pcs-970-mm-tire-mount-and-demount-iron-heavy-duty-al-qcltczgjltgzfky6l001v0","QCLTCZGJLTGZFKY6L001V0","prod_01KPJVFHVCX4YMT0332B65K9FM","vevor-tire-bars-2-pcs-970-mm-tire-mount-and-demount-iron-heavy-duty-al-qcltczgjltgzfky6l001v0","CREATED"
"prod_01KP6FFE21J4JNNVGQQJAACGZK","vevor-tire-bars-2-pcs-970-mm-tire-mount-and-demount-iron-heavy-duty-al-qcltczgjltgzfky6l001v0","QCLTCZGJLTCJJUMKN001V0","prod_01KPJVFJ1GW71C3KXXE9AH1YQP","vevor-tire-bead-breaker-wedge-810-mm-handle-duck-billed-tire-hammer-he-qcltczgjltcjjumkn001v0","CREATED"
"prod_01KP6FFE21J4JNNVGQQJAACGZK","vevor-tire-bars-2-pcs-970-mm-tire-mount-and-demount-iron-heavy-duty-al-qcltczgjltgzfky6l001v0","QCLTCZGJYTTJTZD2M001V0","prod_01KPJVFJ80Q5RY5N80PF00P0VS","vevor-manual-tire-changer-duck-head-kit-with-silver-cone-fit-for-406-5-qcltczgjyttjtzd2m001v0","CREATED"
"prod_01KP6FFE21J4JNNVGQQJAACGZK","vevor-tire-bars-2-pcs-970-mm-tire-mount-and-demount-iron-heavy-duty-al-qcltczgjltgzfky6l001v0","QCLTCZGJLTGZU3I80001V0","prod_01KPJVFJEKJY1Z5ETK4NTZKVDA","vevor-tire-bars-2-pcs-970-mm-tire-mount-and-demount-iron-765-mm-mt-and-qcltczgjltgzu3i80001v0","CREATED"
"prod_01KP6FFECY7SPR915CKFQ9QPTJ","vevor-ergonomic-kneeling-chair-with-wheels-mobile-x-shaped-posture-kne-xxgyhsdlzwkbsxgbq001v0","XXGYHSDLZWKBSXGBQ001V0","prod_01KPJVFJW8XRK9RZCXA9M227X7","vevor-ergonomic-kneeling-chair-with-wheels-mobile-x-shaped-posture-kne-xxgyhsdlzwkbsxgbq001v0","CREATED"
"prod_01KP6FFECY7SPR915CKFQ9QPTJ","vevor-ergonomic-kneeling-chair-with-wheels-mobile-x-shaped-posture-kne-xxgyhsdlzwkbsxgbq001v0","XXGYHSDLZYKBSCMDY001V0","prod_01KPJVFK2DHPH36V0R5KWK025T","vevor-ergonomic-kneeling-chair-with-backrest-wheels-mobile-x-shaped-po-xxgyhsdlzykbscmdy001v0","CREATED"
"prod_01KP6FFF3S7CWJQ69FTAA727P0","vevor-jeep-tube-doors-4-door-compatible-with-2007-2018-jeep-wrangler-j-jpc4mcxjeepwlpma2001v0","JPC4MCXMGGQTW1ZJL001V0","prod_01KPJVFKKBXS3AP72SQKC3RVXZ","vevor-jeep-tube-doors-4-door-fit-for-2018-2026-jeep-wrangler-jl-2020-2-jpc4mcxmggqtw1zjl001v0","CREATED"
"prod_01KP6FFF3S7CWJQ69FTAA727P0","vevor-jeep-tube-doors-4-door-compatible-with-2007-2018-jeep-wrangler-j-jpc4mcxjeepwlpma2001v0","JPC4MCXBBHCSNBU5J001V0","prod_01KPJVFKSD8HW2ZSDKNS2XDBG0","vevor-jeep-tube-doors-4-door-compatible-with-2018-2026-jeep-wrangler-j-jpc4mcxbbhcsnbu5j001v0","CREATED"
"prod_01KP6FFF3S7CWJQ69FTAA727P0","vevor-jeep-tube-doors-4-door-compatible-with-2007-2018-jeep-wrangler-j-jpc4mcxjeepwlpma2001v0","JPC4MCXWXBZTJNFYM001V0","prod_01KPJVFKZSP6EGA59ANYJ28BNE","vevor-jeep-tube-doors-4-door-compatible-with-2018-2026-jeep-wrangler-j-jpc4mcxwxbztjnfym001v0","CREATED"
"prod_01KP6FFF3S7CWJQ69FTAA727P0","vevor-jeep-tube-doors-4-door-compatible-with-2007-2018-jeep-wrangler-j-jpc4mcxjeepwlpma2001v0","JPC4MCXJEEPWLPMA2001V0","prod_01KPJVFM59AR319G3JVP7MSY3T","vevor-jeep-tube-doors-4-door-compatible-with-2007-2018-jeep-wrangler-j-jpc4mcxjeepwlpma2001v0","CREATED"
"prod_01KP6FFF3S7CWJQ69FTAA727P0","vevor-jeep-tube-doors-4-door-compatible-with-2007-2018-jeep-wrangler-j-jpc4mcxjeepwlpma2001v0","JPC4MCXSBTA2GJ12U001V0","prod_01KPJVFMBVWYFXWYKTWBW4M7QC","vevor-jeep-tube-doors-4-door-fit-for-2018-2026-jeep-wrangler-jl-2020-2-jpc4mcxsbta2gj12u001v0","CREATED"
"prod_01KP6FFFMC08YSK6BM2EJTDPFD","vevor-rv-awning-sun-shade-screen-2-x-3-7-m-rv-awning-sun-shading-scree-fczypzmwbll2l8ov6001v0","FCZYPZMWB2M3ATBFB001V0","prod_01KPJVFMWP9SC6TXBEWGFXGPJ4","vevor-rv-awning-sun-shade-screen-2-x-3-3-m-polyester-mesh-sun-shading-fczypzmwb2m3atbfb001v0","CREATED"
"prod_01KP6FFFMC08YSK6BM2EJTDPFD","vevor-rv-awning-sun-shade-screen-2-x-3-7-m-rv-awning-sun-shading-scree-fczypzmwbll2l8ov6001v0","FCZYPZMWBLL2L8OV6001V0","prod_01KPJVFN2VAFFG54TZR2CYTRRE","vevor-rv-awning-sun-shade-screen-2-x-3-7-m-rv-awning-sun-shading-scree-fczypzmwbll2l8ov6001v0","CREATED"
"prod_01KP6FFFMC08YSK6BM2EJTDPFD","vevor-rv-awning-sun-shade-screen-2-x-3-7-m-rv-awning-sun-shading-scree-fczypzmwbll2l8ov6001v0","FCZYPZMWBLL2W0BWI001V0","prod_01KPJVFN9DVBY87B9MRFQQ5BN9","vevor-rv-awning-sun-shade-screen-2-x-2-8-m-sun-shading-screen-fits-3-m-fczypzmwbll2w0bwi001v0","CREATED"
"prod_01KP6FFFMC08YSK6BM2EJTDPFD","vevor-rv-awning-sun-shade-screen-2-x-3-7-m-rv-awning-sun-shading-scree-fczypzmwbll2l8ov6001v0","FCZYPZMWB2M4HR21M001V0","prod_01KPJVFNERWF4MV0J7MB67BKMD","vevor-rv-awning-sun-shade-screen-2-x-4-3-m-polyester-mesh-sun-shading-fczypzmwb2m4hr21m001v0","CREATED"
"prod_01KP6FFFMC08YSK6BM2EJTDPFD","vevor-rv-awning-sun-shade-screen-2-x-3-7-m-rv-awning-sun-shading-scree-fczypzmwbll2l8ov6001v0","FCZYPZMWBLL228O9H001V0","prod_01KPJVFNMYV2MEPEVN9MFE396J","vevor-rv-awning-sun-shade-screen-2-x-3-3-m-rv-awning-sun-shading-scree-fczypzmwbll228o9h001v0","CREATED"
"prod_01KP6FFG0DB2CK07PZY1J3HVRK","vevor-drag-harrow-122-x-50-cm-tow-behind-driveway-grader-with-adjustab-qyspltk4820i5mzh5001v0","QYSPLTK4820I5MZH5001V0","prod_01KPJVFP1R9JJ1Y6V37GY5RW9N","vevor-drag-harrow-122-x-50-cm-tow-behind-driveway-grader-with-adjustab-qyspltk4820i5mzh5001v0","CREATED"
"prod_01KP6FFG0DB2CK07PZY1J3HVRK","vevor-drag-harrow-122-x-50-cm-tow-behind-driveway-grader-with-adjustab-qyspltk4820i5mzh5001v0","QYSPLTK9620ILCQ14001V0","prod_01KPJVFP81TTK8PQ72R6KFEXDR","vevor-drag-harrow-243x50-cm-tow-behind-driveway-grader-with-adjustable-qyspltk9620ilcq14001v0","CREATED"
"prod_01KP6FFG9JBP13JAZ0EER96VJ1","vevor-1000-kg-electric-chain-hoist-3-m-lifting-height-230v-single-phas-gdsddhlhljck2rmwo001v2","GDSDDHLHLJCKTHQ8Y002V8","prod_01KPJVFPR2RNSBXCJX1PPXFYB3","vevor-2000-kg-electric-chain-hoist-6-m-lifting-height-three-phase-over-gdsddhlhljckthq8y002v8","CREATED"
"prod_01KP6FFG9JBP13JAZ0EER96VJ1","vevor-1000-kg-electric-chain-hoist-3-m-lifting-height-230v-single-phas-gdsddhlhljck2rmwo001v2","GDSDDHLHLJCKCHUKB001V2","prod_01KPJVFPY17EPQPM1TMM82T5GK","vevor-500-kg-electric-chain-hoist-6-m-lifting-height-230v-single-phase-gdsddhlhljckchukb001v2","CREATED"
"prod_01KP6FFG9JBP13JAZ0EER96VJ1","vevor-1000-kg-electric-chain-hoist-3-m-lifting-height-230v-single-phas-gdsddhlhljck2rmwo001v2","GDSDDHLHLJCKWGHBE001V2","prod_01KPJVFQ4DFXV0N9F04PWC6QRB","vevor-1000-kg-electric-chain-hoist-6-m-lifting-height-230v-single-phas-gdsddhlhljckwghbe001v2","CREATED"
"prod_01KP6FFG9JBP13JAZ0EER96VJ1","vevor-1000-kg-electric-chain-hoist-3-m-lifting-height-230v-single-phas-gdsddhlhljck2rmwo001v2","GDSDDHLHLJCK2RMWO001V2","prod_01KPJVFQ9VDZKC0Y676E6SX7VC","vevor-1000-kg-electric-chain-hoist-3-m-lifting-height-230v-single-phas-gdsddhlhljck2rmwo001v2","CREATED"
"prod_01KP6FFG9JBP13JAZ0EER96VJ1","vevor-1000-kg-electric-chain-hoist-3-m-lifting-height-230v-single-phas-gdsddhlhljck2rmwo001v2","GDSDDHLHLJCKJBHTU002V8","prod_01KPJVFQGC7HGQ6P6BTAYKD43Q","vevor-5000-kg-electric-chain-hoist-9-1-m-lifting-height-three-phase-ov-gdsddhlhljckjbhtu002v8","CREATED"
"prod_01KP6FFG9JBP13JAZ0EER96VJ1","vevor-1000-kg-electric-chain-hoist-3-m-lifting-height-230v-single-phas-gdsddhlhljck2rmwo001v2","GDSDDHLHLJCKVDE51001V8","prod_01KPJVFQPZR31YRWP9FEXSSGK2","vevor-500-kg-electric-chain-hoist-6-m-lifting-height-three-phase-overh-gdsddhlhljckvde51001v8","CREATED"
"prod_01KP6FFG9JBP13JAZ0EER96VJ1","vevor-1000-kg-electric-chain-hoist-3-m-lifting-height-230v-single-phas-gdsddhlhljck2rmwo001v2","GDSDDHLHLJCK4ECGG002V8","prod_01KPJVFQXHJ75QHEFM3YQQGD4R","vevor-2721-kg-electric-chain-hoist-9-1-m-lifting-height-three-phase-ov-gdsddhlhljck4ecgg002v8","CREATED"
"prod_01KP6FFG9JBP13JAZ0EER96VJ1","vevor-1000-kg-electric-chain-hoist-3-m-lifting-height-230v-single-phas-gdsddhlhljck2rmwo001v2","GDSDDHLHLJCKPRQPZ001V8","prod_01KPJVFR429K4WBHAQVZJGYZPT","vevor-1000-kg-electric-chain-hoist-6-m-lifting-height-three-phase-over-gdsddhlhljckprqpz001v8","CREATED"
"prod_01KP6FFGRJ5EE7MY3YP9F8JJ16","vevor-temporary-fence-with-posts-0-9-x-50m-plastic-mesh-fencing-garden-bxswl50m09mbdc67f001v0","BXSWL25M105MV0DQ0001V0","prod_01KPJVFRP17PKSXBQYPACA29BA","vevor-temporary-fence-with-posts-1-05-x-25m-plastic-mesh-fencing-garde-bxswl25m105mv0dq0001v0","CREATED"
"prod_01KP6FFGRJ5EE7MY3YP9F8JJ16","vevor-temporary-fence-with-posts-0-9-x-50m-plastic-mesh-fencing-garden-bxswl50m09mbdc67f001v0","BXSWL50M105MN2B6Q001V0","prod_01KPJVFRVG2GJ4D5JZ4TCDKH02","vevor-temporary-fence-with-posts-1-05-x-50m-plastic-mesh-fencing-garde-bxswl50m105mn2b6q001v0","CREATED"
"prod_01KP6FFGRJ5EE7MY3YP9F8JJ16","vevor-temporary-fence-with-posts-0-9-x-50m-plastic-mesh-fencing-garden-bxswl50m09mbdc67f001v0","BXSWL15M12MB3VY8B001V0","prod_01KPJVFS10AFEHDFW21EGEEPK2","vevor-temporary-fence-with-posts-1-2-x-15m-plastic-mesh-fencing-garden-bxswl15m12mb3vy8b001v0","CREATED"
"prod_01KP6FFGRJ5EE7MY3YP9F8JJ16","vevor-temporary-fence-with-posts-0-9-x-50m-plastic-mesh-fencing-garden-bxswl50m09mbdc67f001v0","BXSWL20M12MBVQBTH001V0","prod_01KPJVFS7G178B408WN5JR08YJ","vevor-temporary-fence-with-posts-1-2-x-20m-plastic-mesh-fencing-garden-bxswl20m12mbvqbth001v0","CREATED"
"prod_01KP6FFGRJ5EE7MY3YP9F8JJ16","vevor-temporary-fence-with-posts-0-9-x-50m-plastic-mesh-fencing-garden-bxswl50m09mbdc67f001v0","BXSWL15M09MBNSM5B001V0","prod_01KPJVFSDR9VB6CTYETT6FZDTA","vevor-temporary-fence-with-posts-0-9-x-15m-plastic-mesh-fencing-garden-bxswl15m09mbnsm5b001v0","CREATED"
"prod_01KP6FFGRJ5EE7MY3YP9F8JJ16","vevor-temporary-fence-with-posts-0-9-x-50m-plastic-mesh-fencing-garden-bxswl50m09mbdc67f001v0","BXSWL25M12MBGO4GU001V0","prod_01KPJVFSM9FSRT29MF1FE4Q2YZ","vevor-temporary-fence-with-posts-1-2-x-25m-plastic-mesh-fencing-garden-bxswl25m12mbgo4gu001v0","CREATED"
"prod_01KP6FFGRJ5EE7MY3YP9F8JJ16","vevor-temporary-fence-with-posts-0-9-x-50m-plastic-mesh-fencing-garden-bxswl50m09mbdc67f001v0","BXSWL20M09MBJ0NKT001V0","prod_01KPJVFSTNR4JF38MC7Z7X5PYZ","vevor-temporary-fence-with-posts-0-9-x-20m-plastic-mesh-fencing-garden-bxswl20m09mbj0nkt001v0","CREATED"
"prod_01KP6FFGRJ5EE7MY3YP9F8JJ16","vevor-temporary-fence-with-posts-0-9-x-50m-plastic-mesh-fencing-garden-bxswl50m09mbdc67f001v0","BXSWL25M125MXPUSI001V0","prod_01KPJVFT0ZRGWCG34HJA1VF1F9","vevor-temporary-fence-with-posts-1-25-x-25m-plastic-mesh-fencing-garde-bxswl25m125mxpusi001v0","CREATED"
"prod_01KP6FFGRJ5EE7MY3YP9F8JJ16","vevor-temporary-fence-with-posts-0-9-x-50m-plastic-mesh-fencing-garden-bxswl50m09mbdc67f001v0","BXSWL25M09MBVQQQH001V0","prod_01KPJVFT7AJTA74N9H1E9VKR8N","vevor-temporary-fence-with-posts-0-9-x-25m-plastic-mesh-fencing-garden-bxswl25m09mbvqqqh001v0","CREATED"
"prod_01KP6FFGRJ5EE7MY3YP9F8JJ16","vevor-temporary-fence-with-posts-0-9-x-50m-plastic-mesh-fencing-garden-bxswl50m09mbdc67f001v0","BXSWL50M09MBDC67F001V0","prod_01KPJVFTCHRFNVNZB9YZ2HHB2F","vevor-temporary-fence-with-posts-0-9-x-50m-plastic-mesh-fencing-garden-bxswl50m09mbdc67f001v0","CREATED"
"prod_01KP6FFH8MTK8YSNVCSCJWP4RF","vevor-media-storage-cabinet-7-tier-dvd-shelf-organizer-70-x-30-x-140-c-cdccjhskfs7gj9usx001v0","CDCCJXZS34GHL5RNW001V0","prod_01KPJVFTWQ4JZD0VVSBB426BTT","vevor-media-storage-cabinet-cd-rack-tower-34-compartments-rotating-med-cdccjxzs34ghl5rnw001v0","CREATED"
"prod_01KP6FFH8MTK8YSNVCSCJWP4RF","vevor-media-storage-cabinet-7-tier-dvd-shelf-organizer-70-x-30-x-140-c-cdccjhskfs7gj9usx001v0","CDCCJFBS24GHJOLNM001V0","prod_01KPJVFV2YH60RMBSQAVS3A5A2","vevor-media-storage-cabinet-6-tier-dvd-shelf-organizer-610-x-368-x-127-cdccjfbs24ghjolnm001v0","CREATED"
"prod_01KP6FFH8MTK8YSNVCSCJWP4RF","vevor-media-storage-cabinet-7-tier-dvd-shelf-organizer-70-x-30-x-140-c-cdccjhskfs7gj9usx001v0","CDCCJFBS24GSI4XH2001V0","prod_01KPJVFV9C7RPE9JQTZ0NVYWFQ","vevor-media-storage-cabinet-6-tier-dvd-shelf-organizer-610-x-368-x-127-cdccjfbs24gsi4xh2001v0","CREATED"
"prod_01KP6FFH8MTK8YSNVCSCJWP4RF","vevor-media-storage-cabinet-7-tier-dvd-shelf-organizer-70-x-30-x-140-c-cdccjhskfs7gj9usx001v0","CDCCJFBS16GH2M11B001V0","prod_01KPJVFVFY2XBXAGJ7XD9WS4VN","vevor-media-storage-cabinet-4-tier-dvd-shelf-organizer-610-x-368-x-846-cdccjfbs16gh2m11b001v0","CREATED"
"prod_01KP6FFH8MTK8YSNVCSCJWP4RF","vevor-media-storage-cabinet-7-tier-dvd-shelf-organizer-70-x-30-x-140-c-cdccjhskfs7gj9usx001v0","CDCCJKFS24GHLN8MC001V0","prod_01KPJVFVPG4HQJMPKA6QENXA0G","vevor-media-storage-cabinet-8-tier-dvd-shelf-organizer-142-x-22-x-130-cdccjkfs24ghln8mc001v0","CREATED"
"prod_01KP6FFH8MTK8YSNVCSCJWP4RF","vevor-media-storage-cabinet-7-tier-dvd-shelf-organizer-70-x-30-x-140-c-cdccjhskfs7gj9usx001v0","CDCCJLDSSNJ6U6Z4D001V0","prod_01KPJVFVWP7HM8XJB5NNY41259","vevor-media-storage-cabinet-4-shelf-dvd-shelf-organizer-with-drawers-4-cdccjldssnj6u6z4d001v0","CREATED"
"prod_01KP6FFH8MTK8YSNVCSCJWP4RF","vevor-media-storage-cabinet-7-tier-dvd-shelf-organizer-70-x-30-x-140-c-cdccjhskfs7gj9usx001v0","CDCCJKFS24GS426SB001V0","prod_01KPJVFW35FFXVBV7WN3409TYC","vevor-media-storage-cabinet-8-tier-dvd-shelf-organizer-142-x-22-x-130-cdccjkfs24gs426sb001v0","CREATED"
"prod_01KP6FFH8MTK8YSNVCSCJWP4RF","vevor-media-storage-cabinet-7-tier-dvd-shelf-organizer-70-x-30-x-140-c-cdccjhskfs7gj9usx001v0","CDCCJHSKFS7GJ9USX001V0","prod_01KPJVFW9TAE65FBHKSYGWTQYH","vevor-media-storage-cabinet-7-tier-dvd-shelf-organizer-70-x-30-x-140-c-cdccjhskfs7gj9usx001v0","CREATED"
"prod_01KP6FFHPJRGC72K6C8QDS4Z58","vevor-transition-edge-kit-11-piece-durable-pp-interlocking-modular-gar-hsdbtdsk11pc76wvs001v0","HSDBTBDSK11PZQGZJ001V0","prod_01KPJVFWQH0VPKP2V58HZFMV0G","vevor-transition-edge-kit-11-piece-durable-straight-garage-floor-edgin-hsdbtbdsk11pzqgzj001v0","CREATED"
"prod_01KP6FFHPJRGC72K6C8QDS4Z58","vevor-transition-edge-kit-11-piece-durable-pp-interlocking-modular-gar-hsdbtdsk11pc76wvs001v0","HSDBTDSK11PC76WVS001V0","prod_01KPJVFWXPDY5R85EMNVTF50XF","vevor-transition-edge-kit-11-piece-durable-pp-interlocking-modular-gar-hsdbtdsk11pc76wvs001v0","CREATED"
"prod_01KP6FFJ6K8MXQ59ATGAFGT830","vevor-literature-organizer-27-compartments-metal-office-mailbox-with-d-wjfpjcgkjs27j8tl9001v0","WJFPJCGKBHB32IQAQ001V0","prod_01KPJVFXE7BXHKCP6451BXG4SC","vevor-literature-organizer-36-compartments-office-mailbox-with-detacha-wjfpjcgkbhb32iqaq001v0","CREATED"
"prod_01KP6FFJ6K8MXQ59ATGAFGT830","vevor-literature-organizer-27-compartments-metal-office-mailbox-with-d-wjfpjcgkjs27j8tl9001v0","WJFPJCGKBHB53YKHR001V0","prod_01KPJVFXKDYT22QBMS8G94W5H2","vevor-literature-organizer-5-compartments-office-mailbox-with-adjustab-wjfpjcgkbhb53ykhr001v0","CREATED"
"prod_01KP6FFJ6K8MXQ59ATGAFGT830","vevor-literature-organizer-27-compartments-metal-office-mailbox-with-d-wjfpjcgkjs27j8tl9001v0","WJFPJCGKBHB30DFK4001V0","prod_01KPJVFXSP0HQQR3DM4TJHPSDS","vevor-literature-organizer-36-compartments-office-mailbox-with-detacha-wjfpjcgkbhb30dfk4001v0","CREATED"
"prod_01KP6FFJ6K8MXQ59ATGAFGT830","vevor-literature-organizer-27-compartments-metal-office-mailbox-with-d-wjfpjcgkjs27j8tl9001v0","WJFPJSXSNKBHGY5OY001V0","prod_01KPJVFXZEGEHVM8BV6871N2F1","vevor-literature-organizer-12-compartments-office-mailbox-with-side-ve-wjfpjsxsnkbhgy5oy001v0","CREATED"
"prod_01KP6FFJ6K8MXQ59ATGAFGT830","vevor-literature-organizer-27-compartments-metal-office-mailbox-with-d-wjfpjcgkjs27j8tl9001v0","WJFPJCGKJS27J8TL9001V0","prod_01KPJVFY5XYRQD8VZ88CYRYVHA","vevor-literature-organizer-27-compartments-metal-office-mailbox-with-d-wjfpjcgkjs27j8tl9001v0","CREATED"
"prod_01KP6FFJ6K8MXQ59ATGAFGT830","vevor-literature-organizer-27-compartments-metal-office-mailbox-with-d-wjfpjcgkjs27j8tl9001v0","WJFPJSXSNKBH28R8W001V0","prod_01KPJVFYCFZR77VV6K3KBBVKD8","vevor-literature-organizer-4-compartments-office-mailbox-with-detachab-wjfpjsxsnkbh28r8w001v0","CREATED"
"prod_01KP6FFJ6K8MXQ59ATGAFGT830","vevor-literature-organizer-27-compartments-metal-office-mailbox-with-d-wjfpjcgkjs27j8tl9001v0","WJFPJCTKBHB5WJBIO001V0","prod_01KPJVFYJZ2KVFER1TXVYRXMQ3","vevor-literature-organizer-4-compartments-office-mailbox-with-detachab-wjfpjctkbhb5wjbio001v0","CREATED"
"prod_01KP6FFJRYGHYMTNX82KFS1BSQ","vevor-tub-transfer-bench-with-handle-150-kg-shower-bath-seat-portable-kjsygzytslbk6px82001v0","KJSYGZYTSLBK6PX82001V0","prod_01KPJVFZ0V6YA8XFDQF11S1SW7","vevor-tub-transfer-bench-with-handle-150-kg-shower-bath-seat-portable-kjsygzytslbk6px82001v0","CREATED"
"prod_01KP6FFJRYGHYMTNX82KFS1BSQ","vevor-tub-transfer-bench-with-handle-150-kg-shower-bath-seat-portable-kjsygzytslbk6px82001v0","KJSYGZYTLSLKW6CAD001V0","prod_01KPJVFZ7639CDPDT25TM5T47R","vevor-swivel-shower-chair-with-arms-and-back-100-kg-heavy-duty-bench-s-kjsygzytlslkw6cad001v0","CREATED"
"prod_01KP6FFK6KNV6NC81ZP4CKH3WG","vevor-gun-rack-wall-mount-heavy-duty-steel-indoor-rifle-shotgun-rack-w-bgszsqjjs3qw4lvyr001v0","BGSZSQJJS3QW4LVYR001V0","prod_01KPJVFZMSKV8GWJJ25240ZJWY","vevor-gun-rack-wall-mount-heavy-duty-steel-indoor-rifle-shotgun-rack-w-bgszsqjjs3qw4lvyr001v0","CREATED"
"prod_01KP6FFK6KNV6NC81ZP4CKH3WG","vevor-gun-rack-wall-mount-heavy-duty-steel-indoor-rifle-shotgun-rack-w-bgszsqjjs3qw4lvyr001v0","BGSZSQJJS5QWL0CBU001V0","prod_01KPJVFZTTK8FE2CFSPNWNQDCB","vevor-gun-rack-wall-mount-heavy-duty-steel-indoor-rifle-shotgun-rack-w-bgszsqjjs5qwl0cbu001v0","CREATED"
"prod_01KP6FFKDR3EGG6XE5PGF73ZP9","vevor-gun-rack-floor-standing-indoor-heavy-duty-steel-rifle-shotgun-ra-ldszsqjjs9qw31n9a001v0","LDSZSQJJS5QW6CY3G001V0","prod_01KPJVG08793S4RJHT77C0NX9P","vevor-gun-rack-floor-standing-indoor-rifle-shotgun-rack-stand-with-sto-ldszsqjjs5qw6cy3g001v0","CREATED"
"prod_01KP6FFKDR3EGG6XE5PGF73ZP9","vevor-gun-rack-floor-standing-indoor-heavy-duty-steel-rifle-shotgun-ra-ldszsqjjs9qw31n9a001v0","LDSZSQJJS9QW31N9A001V0","prod_01KPJVG0EC6JHGPMC89BSZYVSZ","vevor-gun-rack-floor-standing-indoor-heavy-duty-steel-rifle-shotgun-ra-ldszsqjjs9qw31n9a001v0","CREATED"
"prod_01KP6FFKYE54KFA90SFYJY891G","vevor-kitchen-bakers-rack-600-mm-width-bakers-rack-kitchen-stand-with-lshbj236inch04g6m001v0","LSHBJ236INCH04G6M001V0","prod_01KPJVG0YH4QMZ5T4RRC5DGA23","vevor-kitchen-bakers-rack-600-mm-width-bakers-rack-kitchen-stand-with-lshbj236inch04g6m001v0","CREATED"
"prod_01KP6FFKYE54KFA90SFYJY891G","vevor-kitchen-bakers-rack-600-mm-width-bakers-rack-kitchen-stand-with-lshbj236inch04g6m001v0","LSHBJ315INCHP16Q2001V2","prod_01KPJVG148M5N261AVSBZVBNP1","vevor-kitchen-bakers-rack-1-5m-power-cable-bakers-rack-with-power-outl-lshbj315inchp16q2001v2","CREATED"
"prod_01KP6FFKYE54KFA90SFYJY891G","vevor-kitchen-bakers-rack-600-mm-width-bakers-rack-kitchen-stand-with-lshbj236inch04g6m001v0","LSHBJ315INCHD7LV8001V0","prod_01KPJVG1AQ9TH7AANPJNHA31ZT","vevor-kitchen-bakers-rack-800-mm-width-bakers-rack-kitchen-stand-with-lshbj315inchd7lv8001v0","CREATED"
"prod_01KP6FFKYE54KFA90SFYJY891G","vevor-kitchen-bakers-rack-600-mm-width-bakers-rack-kitchen-stand-with-lshbj236inch04g6m001v0","LSHBJ354INCHB8MAJ001V0","prod_01KPJVG1HA6E51Q4VQCMFF6T03","vevor-kitchen-bakers-rack-900-mm-width-bakers-rack-kitchen-stand-with-lshbj354inchb8maj001v0","CREATED"
"prod_01KP6FFM7DPW6KJ7F7V75WYBRA","vevor-gun-rack-wall-mount-heavy-duty-steel-tactical-rifle-carbine-shot-qszsqjjs6qw0gi6iv001v0","QSZSQJJS6QW0GI6IV001V0","prod_01KPJVG1YW40B335YEX6VG4HC8","vevor-gun-rack-wall-mount-heavy-duty-steel-tactical-rifle-carbine-shot-qszsqjjs6qw0gi6iv001v0","CREATED"
"prod_01KP6FFM7DPW6KJ7F7V75WYBRA","vevor-gun-rack-wall-mount-heavy-duty-steel-tactical-rifle-carbine-shot-qszsqjjs6qw0gi6iv001v0","QSZSQJJS2QW0QY758001V0","prod_01KPJVG252TEW3CW55HYA43THE","vevor-gun-rack-wall-mount-tactical-rifle-shotgun-handgun-storage-heavy-qszsqjjs2qw0qy758001v0","CREATED"
"prod_01KP6FFMG0DX18QR1Y2MCF0C49","vevor-5-section-kids-coat-locker-wooden-toddler-cubby-storage-organize-ymgjbdjm5fq5x6epn001v0","YMGJBDJM4FQ4R1DBY001V0","prod_01KPJVG2KZA2PV66RWTM537E3Q","vevor-4-section-kids-coat-locker-wooden-toddler-cubby-storage-organize-ymgjbdjm4fq4r1dby001v0","CREATED"
"prod_01KP6FFMG0DX18QR1Y2MCF0C49","vevor-5-section-kids-coat-locker-wooden-toddler-cubby-storage-organize-ymgjbdjm5fq5x6epn001v0","YMGJBDJM3FQ3M3WCN001V0","prod_01KPJVG2SAHA9PB3T7663XKMZK","vevor-3-section-kids-coat-locker-wooden-toddler-cubby-storage-organize-ymgjbdjm3fq3m3wcn001v0","CREATED"
"prod_01KP6FFMG0DX18QR1Y2MCF0C49","vevor-5-section-kids-coat-locker-wooden-toddler-cubby-storage-organize-ymgjbdjm5fq5x6epn001v0","YMGJBDJM8FQ8UODJU001V0","prod_01KPJVG2YNVZ0003TQXVJEDSGK","vevor-8-section-kids-coat-locker-wooden-toddler-cubby-storage-organize-ymgjbdjm8fq8uodju001v0","CREATED"
"prod_01KP6FFMG0DX18QR1Y2MCF0C49","vevor-5-section-kids-coat-locker-wooden-toddler-cubby-storage-organize-ymgjbdjm5fq5x6epn001v0","YMGJBDJM5FQ5MV1V8001V0","prod_01KPJVG355PHXXDQ9GAE5G138D","vevor-5-section-kids-coat-locker-wooden-toddler-cubby-storage-organize-ymgjbdjm5fq5mv1v8001v0","CREATED"
"prod_01KP6FFMG0DX18QR1Y2MCF0C49","vevor-5-section-kids-coat-locker-wooden-toddler-cubby-storage-organize-ymgjbdjm5fq5x6epn001v0","YMGJBDJM2FQ2T9W9A001V0","prod_01KPJVG3BKMNPEQV3ZMB4D5KPF","vevor-2-section-kids-coat-locker-wooden-toddler-cubby-storage-organize-ymgjbdjm2fq2t9w9a001v0","CREATED"
"prod_01KP6FFMG0DX18QR1Y2MCF0C49","vevor-5-section-kids-coat-locker-wooden-toddler-cubby-storage-organize-ymgjbdjm5fq5x6epn001v0","YMGJBDJM5FQ5X6EPN001V0","prod_01KPJVG3J2QTHA6WY2CV3JYPDY","vevor-5-section-kids-coat-locker-wooden-toddler-cubby-storage-organize-ymgjbdjm5fq5x6epn001v0","CREATED"
"prod_01KP6FFN28GQ1D231MZAQV8219","vevor-dash-cam-front-and-rear-4k-1080p-wifi-app-control-dual-channel-d-dfblxcjlyztnl7n7w001v9","DFBLXCJLYZTNL7N7W001V9","prod_01KPJVG40RNTECXKZ3E9F72Y6H","vevor-dash-cam-front-and-rear-4k-1080p-wifi-app-control-dual-channel-d-dfblxcjlyztnl7n7w001v9","CREATED"
"prod_01KP6FFN28GQ1D231MZAQV8219","vevor-dash-cam-front-and-rear-4k-1080p-wifi-app-control-dual-channel-d-dfblxcjlyztnl7n7w001v9","DFBLXCJLYXPNA2XEY001V9","prod_01KPJVG46YV2NWTBY4SJ2TKZQ9","vevor-dash-cam-front-and-rear-4k-1080p-64-gb-card-included-dual-channe-dfblxcjlyxpna2xey001v9","CREATED"
"prod_01KP6FFN28GQ1D231MZAQV8219","vevor-dash-cam-front-and-rear-4k-1080p-wifi-app-control-dual-channel-d-dfblxcjlyztnl7n7w001v9","DFBLXCJLYXPNDHK0M001V9","prod_01KPJVG4D5XB2WH3XM0NA8SH65","vevor-dash-cam-front-and-rear-4k-1080p-32-gb-card-included-dual-channe-dfblxcjlyxpndhk0m001v9","CREATED"
"prod_01KP6FFNP3CT9DVEFB2K6AY1S6","vevor-commercial-ice-maker-machine-54-kg-24h-with-14-kg-storage-capaci-ytszbjfb120ltihjp001v2","YTSZBJFB130LLID9H001V2","prod_01KPJVG4XP88SV0P1V3NJ2XMW3","vevor-commercial-ice-maker-machine-59-kg-24h-with-14-kg-storage-capaci-ytszbjfb130llid9h001v2","CREATED"
"prod_01KP6FFNP3CT9DVEFB2K6AY1S6","vevor-commercial-ice-maker-machine-54-kg-24h-with-14-kg-storage-capaci-ytszbjfb120ltihjp001v2","YTSZBJFB160LAQVGU001V2","prod_01KPJVG53WWFBJ2FVQGQJE2MHJ","vevor-commercial-ice-maker-machine-73-kg-24h-with-14-kg-storage-capaci-ytszbjfb160laqvgu001v2","CREATED"
"prod_01KP6FFNP3CT9DVEFB2K6AY1S6","vevor-commercial-ice-maker-machine-54-kg-24h-with-14-kg-storage-capaci-ytszbjfb120ltihjp001v2","YTSZBJFB120LTIHJP001V2","prod_01KPJVG5A2388MHJKKHJHQ3JTB","vevor-commercial-ice-maker-machine-54-kg-24h-with-14-kg-storage-capaci-ytszbjfb120ltihjp001v2","CREATED"
"prod_01KP6FFNP3CT9DVEFB2K6AY1S6","vevor-commercial-ice-maker-machine-54-kg-24h-with-14-kg-storage-capaci-ytszbjfb120ltihjp001v2","YTSZBJFB100LH5H89001V2","prod_01KPJVG5G993A5K4HQ6AW8KMYE","vevor-commercial-ice-maker-machine-45-kg-24h-with-14-kg-storage-capaci-ytszbjfb100lh5h89001v2","CREATED"
"prod_01KP6FFNP3CT9DVEFB2K6AY1S6","vevor-commercial-ice-maker-machine-54-kg-24h-with-14-kg-storage-capaci-ytszbjfb120ltihjp001v2","YTSZBJFB150LBSFBP001V2","prod_01KPJVG5PW35PC6VC8R7TBTVBW","vevor-commercial-ice-maker-machine-68-kg-24h-with-14-kg-storage-capaci-ytszbjfb150lbsfbp001v2","CREATED"
"prod_01KP6FFNZ507EMBKABD74HG6WK","vevor-kayak-storage-rack-for-3-kayaks-holds-90-kg-heavy-duty-adjustabl-dlsphtzj3sdm94b2i001v0","DLSPHTZJ6SSMLB1DA001V0","prod_01KPJVG66HV9SMR8ZKHSYWPX6R","vevor-kayak-storage-rack-for-6-kayaks-holds-180-kg-heavy-duty-freestan-dlsphtzj6ssmlb1da001v0","CREATED"
"prod_01KP6FFNZ507EMBKABD74HG6WK","vevor-kayak-storage-rack-for-3-kayaks-holds-90-kg-heavy-duty-adjustabl-dlsphtzj3sdm94b2i001v0","DLSPHTZJ4SDMH0JSX001V0","prod_01KPJVG6CP3750CAVCFQNR7KZ1","vevor-kayak-storage-rack-for-4-kayaks-holds-100-kg-heavy-duty-freestan-dlsphtzj4sdmh0jsx001v0","CREATED"
"prod_01KP6FFNZ507EMBKABD74HG6WK","vevor-kayak-storage-rack-for-3-kayaks-holds-90-kg-heavy-duty-adjustabl-dlsphtzj3sdm94b2i001v0","DLSPHTZJ3SDM94B2I001V0","prod_01KPJVG6K5DXDH8BNST7G7TS22","vevor-kayak-storage-rack-for-3-kayaks-holds-90-kg-heavy-duty-adjustabl-dlsphtzj3sdm94b2i001v0","CREATED"
"prod_01KP6FFNZ507EMBKABD74HG6WK","vevor-kayak-storage-rack-for-3-kayaks-holds-90-kg-heavy-duty-adjustabl-dlsphtzj3sdm94b2i001v0","DLSPHTZJ2SDMG3RBF001V0","prod_01KPJVG6SMH6439H2FSYPS2C4E","vevor-kayak-storage-rack-for-2-kayaks-holds-80-kg-heavy-duty-adjustabl-dlsphtzj2sdmg3rbf001v0","CREATED"
"prod_01KP6FFPH410WDD54709ZM60E7","vevor-kayak-storage-rack-for-2-kayaks-holds-90-7-kg-heavy-duty-adjusta-bgsphtzjzj2s9vsed001v0","BGSPHTZJZJ2S9VSED001V0","prod_01KPJVG76DMNSFES9GWSH083BY","vevor-kayak-storage-rack-for-2-kayaks-holds-90-7-kg-heavy-duty-adjusta-bgsphtzjzj2s9vsed001v0","CREATED"
"prod_01KP6FFPH410WDD54709ZM60E7","vevor-kayak-storage-rack-for-2-kayaks-holds-90-7-kg-heavy-duty-adjusta-bgsphtzjzj2s9vsed001v0","BGSPHTZJZJ4SJ71E2001V0","prod_01KPJVG7CHY9KJVRGY7RRE5260","vevor-kayak-storage-rack-for-4-kayaks-holds-136-kg-heavy-duty-adjustab-bgsphtzjzj4sj71e2001v0","CREATED"
"prod_01KP6FFPRHGDTG6HD7M8F50GQ4","vevor-shallow-well-jet-pump-1300w-230v-4800l-h-maximum-flow-rate-pp-ga-slkqjb600w00bfs2b001v2","SLKQJB1000W0XJYDD001V2","prod_01KPJVG7V9P18TNSG4CKZC37TZ","vevor-shallow-well-jet-pump-800w-230v-3300-l-h-maximum-flow-rate-pp-ga-slkqjb1000w0xjydd001v2","CREATED"
"prod_01KP6FFPRHGDTG6HD7M8F50GQ4","vevor-shallow-well-jet-pump-1300w-230v-4800l-h-maximum-flow-rate-pp-ga-slkqjb600w00bfs2b001v2","SLKQJB600W00BFS2B001V2","prod_01KPJVG81KWT4RRA5FY8YS7G7D","vevor-shallow-well-jet-pump-1300w-230v-4800l-h-maximum-flow-rate-pp-ga-slkqjb600w00bfs2b001v2","CREATED"
"prod_01KP6FFPRHGDTG6HD7M8F50GQ4","vevor-shallow-well-jet-pump-1300w-230v-4800l-h-maximum-flow-rate-pp-ga-slkqjb600w00bfs2b001v2","SLKQJB1300W0Q1DFT001V2","prod_01KPJVG875HY2G8GQFXC573MMR","vevor-electronic-shallow-well-jet-pump-1300w-4800-l-h-maximum-flow-rat-slkqjb1300w0q1dft001v2","CREATED"
"prod_01KP6FFQ2ZSQQG3W60VVMMACN0","vevor-above-ground-pool-ladder-3-step-steel-a-frame-swimming-pool-stai-dsycttgkaxbsvqr02001v0","DSYCTTGKAXBSVQR02001V0","prod_01KPJVG8Q83BQR13NJ4ZS966V1","vevor-above-ground-pool-ladder-3-step-steel-a-frame-swimming-pool-stai-dsycttgkaxbsvqr02001v0","CREATED"
"prod_01KP6FFQ2ZSQQG3W60VVMMACN0","vevor-above-ground-pool-ladder-3-step-steel-a-frame-swimming-pool-stai-dsycttgkaxbsvqr02001v0","DSYCTTGKAXHSF1RO7001V0","prod_01KPJVG8XC9ZBNTJV2QCZTNYA3","vevor-above-ground-pool-ladder-4-step-steel-a-frame-swimming-pool-stai-dsycttgkaxhsf1ro7001v0","CREATED"
"prod_01KP6FFQ2ZSQQG3W60VVMMACN0","vevor-above-ground-pool-ladder-3-step-steel-a-frame-swimming-pool-stai-dsycttgkaxbsvqr02001v0","DSYCTTGKAXHS1C0T1001V0","prod_01KPJVG93TD6AH5DV748YBGWMD","vevor-above-ground-pool-ladder-4-step-steel-a-frame-swimming-pool-stai-dsycttgkaxhs1c0t1001v0","CREATED"
"prod_01KP6FFQ2ZSQQG3W60VVMMACN0","vevor-above-ground-pool-ladder-3-step-steel-a-frame-swimming-pool-stai-dsycttgkaxbsvqr02001v0","DSYCTTGK42IN9J90B001V0","prod_01KPJVG9ACXZWDER5GE9A5DSJJ","vevor-above-ground-pool-ladder-3-step-steel-a-frame-swimming-pool-stai-dsycttgk42in9j90b001v0","CREATED"
"prod_01KP6FFQ2ZSQQG3W60VVMMACN0","vevor-above-ground-pool-ladder-3-step-steel-a-frame-swimming-pool-stai-dsycttgkaxbsvqr02001v0","DSYCTTGKAXHSFCQJR001V0","prod_01KPJVG9GXPWSFM2YQVYRQ33KN","vevor-above-ground-pool-ladder-2-step-steel-a-frame-swimming-pool-stai-dsycttgkaxhsfcqjr001v0","CREATED"
"prod_01KP6FFQD8YD91HPJW8VJPGEFZ","vevor-deionized-filter-for-spotless-car-wash-system-2-x-0-5l-color-cha-qlzslxlcbshclnfu1001v0","QLZSLXLCPTHCMMH8X001V0","prod_01KPJVG9ZBAS4TK93JZNEH6FSN","vevor-deionized-filter-for-spotless-car-wash-system-2-x-4l-mixed-bed-d-qlzslxlcpthcmmh8x001v0","CREATED"
"prod_01KP6FFQD8YD91HPJW8VJPGEFZ","vevor-deionized-filter-for-spotless-car-wash-system-2-x-0-5l-color-cha-qlzslxlcbshclnfu1001v0","QLZSLXLCPTHCVQZ0V001V0","prod_01KPJVGA5N28M7BBF7G3JX0DGC","vevor-deionized-resin-filter-refill-for-spotless-car-wash-system-5l-mi-qlzslxlcpthcvqz0v001v0","CREATED"
"prod_01KP6FFQD8YD91HPJW8VJPGEFZ","vevor-deionized-filter-for-spotless-car-wash-system-2-x-0-5l-color-cha-qlzslxlcbshclnfu1001v0","QLZSLXLCBSHCLNFU1001V0","prod_01KPJVGABWJ3NJPCPTN8ZHNJGN","vevor-deionized-filter-for-spotless-car-wash-system-2-x-0-5l-color-cha-qlzslxlcbshclnfu1001v0","CREATED"
"prod_01KP6FFQVGPXD06TCBV7KB4RHY","vevor-deionized-water-system-for-car-wash-spotless-car-wash-water-syst-qlzxcxtzjst54u0pg001v9","QLZXCXTZJGZSP8EL7001V0","prod_01KPJVGAT3RNH692RVMNDSCX9S","vevor-deionized-water-system-for-car-wash-spotless-car-wash-water-syst-qlzxcxtzjgzsp8el7001v0","CREATED"
"prod_01KP6FFQVGPXD06TCBV7KB4RHY","vevor-deionized-water-system-for-car-wash-spotless-car-wash-water-syst-qlzxcxtzjst54u0pg001v9","QLZXCXTZJST54U0PG001V9","prod_01KPJVGB0K9BAK6Z6VVY0AZ82K","vevor-deionized-water-system-for-car-wash-spotless-car-wash-water-syst-qlzxcxtzjst54u0pg001v9","CREATED"
"prod_01KP6FFQVGPXD06TCBV7KB4RHY","vevor-deionized-water-system-for-car-wash-spotless-car-wash-water-syst-qlzxcxtzjst54u0pg001v9","QLZXCXTZJST1T1X49001V9","prod_01KPJVGB6ZAFZ1EW3K6DTSTBDC","vevor-deionized-water-system-for-car-wash-spotless-car-wash-water-syst-qlzxcxtzjst1t1x49001v9","CREATED"
"prod_01KP6FFR3F8YV9QMRZD2P2TM9X","vevor-floating-cooler-37-9-l-floating-ice-chest-with-dry-storage-wheel-pflqqcx40qty36jr1001v0","PFLQQCX40QTWIHBSN001V0","prod_01KPJVGBMJ9P3N7G0SJXJDXZBB","vevor-floating-cooler-37-9-l-floating-ice-chest-with-dry-storage-tow-r-pflqqcx40qtwihbsn001v0","CREATED"
"prod_01KP6FFR3F8YV9QMRZD2P2TM9X","vevor-floating-cooler-37-9-l-floating-ice-chest-with-dry-storage-wheel-pflqqcx40qty36jr1001v0","PFLQQCX40QTY36JR1001V0","prod_01KPJVGBTN25CV5DT15RCFNWTW","vevor-floating-cooler-37-9-l-floating-ice-chest-with-dry-storage-wheel-pflqqcx40qty36jr1001v0","CREATED"
"prod_01KP6FFRHHRP6JS03V70FAXE7T","vevor-foldable-shower-chair-wall-mounted-457mm-folding-shower-seat-wit-mydslczhdpezxx4jg001v0","MYDSLCZABSWZSTZ38001V0","prod_01KPJVGC8P3MFSM014PNMKRRVP","vevor-foldable-shower-seat-wall-mounted-317mm-folding-shower-bench-pp-mydslczabswzstz38001v0","CREATED"
"prod_01KP6FFRHHRP6JS03V70FAXE7T","vevor-foldable-shower-chair-wall-mounted-457mm-folding-shower-seat-wit-mydslczhdpezxx4jg001v0","MYDSLCZHDPEZXX4JG001V0","prod_01KPJVGCEXCCR0CAXFV4VXVC09","vevor-foldable-shower-chair-wall-mounted-457mm-folding-shower-seat-wit-mydslczhdpezxx4jg001v0","CREATED"
"prod_01KP6FFS3J8HBMMH3NE1SGB1VG","vevor-interlocking-drainage-mats-310-x-310-mm-modular-garage-flooring-szxpsd1212yc0923g001v0","SZXPSD1212YCJZF47001V0","prod_01KPJVGCXE79XBCSD7ZK6TJ6N1","vevor-interlocking-drainage-mats-310x310-mm-garage-flooring-tiles-non-szxpsd1212ycjzf47001v0","CREATED"
"prod_01KP6FFS3J8HBMMH3NE1SGB1VG","vevor-interlocking-drainage-mats-310-x-310-mm-modular-garage-flooring-szxpsd1212yc0923g001v0","SZXPSD1212YCQ2ZZ3001V0","prod_01KPJVGD41Z083G3MDMB4VJEBA","vevor-interlocking-drainage-mats-310-x-310-mm-modular-garage-flooring-szxpsd1212ycq2zz3001v0","CREATED"
"prod_01KP6FFS3J8HBMMH3NE1SGB1VG","vevor-interlocking-drainage-mats-310-x-310-mm-modular-garage-flooring-szxpsd1212yc0923g001v0","SZXPSD1212YC0923G001V0","prod_01KPJVGDAGGXG1HWBDA655AN8X","vevor-interlocking-drainage-mats-310-x-310-mm-modular-garage-flooring-szxpsd1212yc0923g001v0","CREATED"
"prod_01KP6FFS3J8HBMMH3NE1SGB1VG","vevor-interlocking-drainage-mats-310-x-310-mm-modular-garage-flooring-szxpsd1212yc0923g001v0","SZXPSD1212YCOO2X5001V0","prod_01KPJVGDGZ3TYW6B02805A4WNF","vevor-interlocking-drainage-mats-310-x-310-mm-modular-garage-flooring-szxpsd1212ycoo2x5001v0","CREATED"
"prod_01KP6FFS3J8HBMMH3NE1SGB1VG","vevor-interlocking-drainage-mats-310-x-310-mm-modular-garage-flooring-szxpsd1212yc0923g001v0","SZXPSD1212YCLBE8R001V0","prod_01KPJVGDQBYAGYYY1ENMXKMZ0V","vevor-interlocking-drainage-mats-310-x-310-mm-modular-garage-flooring-szxpsd1212yclbe8r001v0","CREATED"
"prod_01KP6FFSDW2YZF0PNJJXVH2C3B","vevor-low-profile-floor-jack-2-5-ton-capacity-steel-racing-floor-jack-dbqjdtz25tdgjuubz001v0","DBQJDTZ3TSGBPV5QX001V0","prod_01KPJVGE5BZ6VVD70XJ87V61V3","vevor-low-profile-floor-jack-3-ton-capacity-steel-racing-floor-jack-wi-dbqjdtz3tsgbpv5qx001v0","CREATED"
"prod_01KP6FFSDW2YZF0PNJJXVH2C3B","vevor-low-profile-floor-jack-2-5-ton-capacity-steel-racing-floor-jack-dbqjdtz25tdgjuubz001v0","DBQJDTZ3TDGBURLE2001V0","prod_01KPJVGEAJCHS5NVGFE988QZ6G","vevor-low-profile-floor-jack-3-ton-capacity-steel-racing-floor-jack-wi-dbqjdtz3tdgburle2001v0","CREATED"
"prod_01KP6FFSDW2YZF0PNJJXVH2C3B","vevor-low-profile-floor-jack-2-5-ton-capacity-steel-racing-floor-jack-dbqjdtz25tdgjuubz001v0","DBQJDTZ2TDGBU9ZCE001V0","prod_01KPJVGEH01PZY3EN26ZKTBYHC","vevor-low-profile-floor-jack-2-ton-capacity-steel-racing-floor-jack-wi-dbqjdtz2tdgbu9zce001v0","CREATED"
"prod_01KP6FFSDW2YZF0PNJJXVH2C3B","vevor-low-profile-floor-jack-2-5-ton-capacity-steel-racing-floor-jack-dbqjdtz25tdgjuubz001v0","DBQJDLT3TSGBVH6KL001V0","prod_01KPJVGEQFVTZ0RSBF5S1B6J78","vevor-floor-jack-3-ton-capacity-aluminum-steel-racing-floor-jack-with-dbqjdlt3tsgbvh6kl001v0","CREATED"
"prod_01KP6FFSDW2YZF0PNJJXVH2C3B","vevor-low-profile-floor-jack-2-5-ton-capacity-steel-racing-floor-jack-dbqjdtz25tdgjuubz001v0","DBQJDTZ25TDGJUUBZ001V0","prod_01KPJVGEXC7EKW74X0DFF5Y97S","vevor-low-profile-floor-jack-2-5-ton-capacity-steel-racing-floor-jack-dbqjdtz25tdgjuubz001v0","CREATED"
"prod_01KP6FFSDW2YZF0PNJJXVH2C3B","vevor-low-profile-floor-jack-2-5-ton-capacity-steel-racing-floor-jack-dbqjdtz25tdgjuubz001v0","DBQJDTZ25TDGUXBVX001V0","prod_01KPJVGF3XR7PS19GF4EFKAKM7","vevor-low-profile-floor-jack-2-5-ton-capacity-steel-racing-floor-jack-dbqjdtz25tdguxbvx001v0","CREATED"
"prod_01KP6FFSTNB26E6WZ2D1XXPDV7","vevor-commercial-electric-meat-bandsaw-1500w-bone-sawing-machine-with-2025kghtsjgji6vz4001v2","2025KGHTSJGJI6VZ4001V2","prod_01KPJVGFHVAJ5NSZJQG4K2P746","vevor-commercial-electric-meat-bandsaw-1500w-bone-sawing-machine-with-2025kghtsjgji6vz4001v2","CREATED"
"prod_01KP6FFSTNB26E6WZ2D1XXPDV7","vevor-commercial-electric-meat-bandsaw-1500w-bone-sawing-machine-with-2025kghtsjgji6vz4001v2","2025KGHTSJGJ9BRGW001V2","prod_01KPJVGFR4ZYXSJ6Z9YTMXB240","vevor-commercial-electric-meat-bandsaw-1100w-bone-sawing-machine-with-2025kghtsjgj9brgw001v2","CREATED"
"prod_01KP6FFT8RZFKRQQ8MFEBH660N","vevor-rotary-viscometer-rotor-1-80-cp-0-viscometer-spindle-stainless-s-xzzdjzdj0zzyi8egf001v0","XZZDJSZXZZDJAZMEG001V2","prod_01KPJVGG6890YVMPG288T3METC","vevor-digital-rotary-viscometer-10-100-000-mpa-s-cp-2-accuracy-100-240-xzzdjszxzzdjazmeg001v2","CREATED"
"prod_01KP6FFT8RZFKRQQ8MFEBH660N","vevor-rotary-viscometer-rotor-1-80-cp-0-viscometer-spindle-stainless-s-xzzdjzdj0zzyi8egf001v0","XZZDJZDJ0ZZYI8EGF001V0","prod_01KPJVGGCDDB42R31S7C02ZFCY","vevor-rotary-viscometer-rotor-1-80-cp-0-viscometer-spindle-stainless-s-xzzdjzdj0zzyi8egf001v0","CREATED"
"prod_01KP6FFTG7TSRA1389RCH1S123","vevor-outdoor-dog-kennel-2-3-x-2-3-x-2-15-m-large-dog-kennel-with-secu-dxhwqsys7575a0ktf001v0","DXHWQSYS7575A0KTF001V0","prod_01KPJVGGT9R5H49M5W75P7EBV6","vevor-outdoor-dog-kennel-2-3-x-2-3-x-2-15-m-large-dog-kennel-with-secu-dxhwqsys7575a0ktf001v0","CREATED"
"prod_01KP6FFTG7TSRA1389RCH1S123","vevor-outdoor-dog-kennel-2-3-x-2-3-x-2-15-m-large-dog-kennel-with-secu-dxhwqsys7575a0ktf001v0","DXHWQSYS6565NAQH5002V0","prod_01KPJVGH0G1AXR39930T2CYJMX","vevor-outdoor-dog-kennel-2-x-2-x-1-6-m-large-dog-kennel-with-secure-lo-dxhwqsys6565naqh5002v0","CREATED"
"prod_01KP6FFV7Y3VYXE3V7HBYCABPB","vevor-735w-shallow-well-pump-with-pressure-tank-3785-lph-irrigation-je-gsjbgsdglqfyb6oyn001v2","GSJBGSDGLQFYB6OYN001V2","prod_01KPJVGHFC2WD2DW44CT9PEEFZ","vevor-735w-shallow-well-pump-with-pressure-tank-3785-lph-irrigation-je-gsjbgsdglqfyb6oyn001v2","CREATED"
"prod_01KP6FFV7Y3VYXE3V7HBYCABPB","vevor-735w-shallow-well-pump-with-pressure-tank-3785-lph-irrigation-je-gsjbgsdglqfyb6oyn001v2","GSJBGSWGLQFYXLL3C001V2","prod_01KPJVGHNG62J4TP7WSMKNXC1J","vevor-1-hp-shallow-well-pump-with-pressure-tank-230v-3750-lph-cast-iro-gsjbgswglqfyxll3c001v2","CREATED"
"prod_01KP6FFV7Y3VYXE3V7HBYCABPB","vevor-735w-shallow-well-pump-with-pressure-tank-3785-lph-irrigation-je-gsjbgsdglqfyb6oyn001v2","GSJBGSDGLQFYTAHHF001V2","prod_01KPJVGHVS8EVHFFMPQ7XBTDP0","vevor-1100w-shallow-well-pump-with-pressure-tank-5300-lph-irrigation-j-gsjbgsdglqfytahhf001v2","CREATED"
"prod_01KP6FFVJ3ZXNPQKS1WEX7WW1G","vevor-ergonomic-kneeling-chair-wooden-posture-knee-chair-with-adjustab-jykgyhsbdlwkim5w8001v0","JYKGYMBSBDLYBRKXJ001V0","prod_01KPJVGJCF08RM5F9FS8A17ZVF","vevor-ergonomic-kneeling-chair-wooden-posture-knee-chair-with-adjustab-jykgymbsbdlybrkxj001v0","CREATED"
"prod_01KP6FFVJ3ZXNPQKS1WEX7WW1G","vevor-ergonomic-kneeling-chair-wooden-posture-knee-chair-with-adjustab-jykgyhsbdlwkim5w8001v0","JYKGYHSBDLWKIM5W8001V0","prod_01KPJVGJJPD0NVD7S9B44M0Z9B","vevor-ergonomic-kneeling-chair-wooden-posture-knee-chair-with-adjustab-jykgyhsbdlwkim5w8001v0","CREATED"
"prod_01KP6FFVJ3ZXNPQKS1WEX7WW1G","vevor-ergonomic-kneeling-chair-wooden-posture-knee-chair-with-adjustab-jykgyhsbdlwkim5w8001v0","JYKGYHSBDLWKT4TV5001V0","prod_01KPJVGJRYJH1FB9QQWBB6F3C7","vevor-ergonomic-kneeling-chair-wooden-posture-knee-chair-with-adjustab-jykgyhsbdlwkt4tv5001v0","CREATED"
"prod_01KP6FFVJ3ZXNPQKS1WEX7WW1G","vevor-ergonomic-kneeling-chair-wooden-posture-knee-chair-with-adjustab-jykgyhsbdlwkim5w8001v0","JYKGYHSWKBBDH0V6Q001V0","prod_01KPJVGJZFHWT8YN9RV6BZKTHP","vevor-ergonomic-kneeling-chair-wooden-posture-knee-chair-with-thick-fo-jykgyhswkbbdh0v6q001v0","CREATED"
"prod_01KP6FFVJ3ZXNPQKS1WEX7WW1G","vevor-ergonomic-kneeling-chair-wooden-posture-knee-chair-with-adjustab-jykgyhsbdlwkim5w8001v0","JYKGYMBSBDLWFBRDG001V0","prod_01KPJVGK5WXJ14RBY2QA7Z2VNQ","vevor-ergonomic-kneeling-chair-wooden-posture-knee-chair-with-adjustab-jykgymbsbdlwfbrdg001v0","CREATED"
"prod_01KP6FFVY2J9N6C6F6A9V99A8A","vevor-1800-mm-manual-tile-cutter-upgraded-rail-and-sliding-head-precis-gddzdghhdtsjhh0nu001v0","GDDZDGHHDTSJKE91I001V0","prod_01KPJVGKMM6V8X7K1QFJMTDMDC","vevor-1600-mm-manual-tile-cutter-upgraded-rail-and-sliding-head-precis-gddzdghhdtsjke91i001v0","CREATED"
"prod_01KP6FFVY2J9N6C6F6A9V99A8A","vevor-1800-mm-manual-tile-cutter-upgraded-rail-and-sliding-head-precis-gddzdghhdtsjhh0nu001v0","GDDZDGHHDTSJHH0NU001V0","prod_01KPJVGKT5Q6PAYQ2FM0QWNP9P","vevor-1800-mm-manual-tile-cutter-upgraded-rail-and-sliding-head-precis-gddzdghhdtsjhh0nu001v0","CREATED"
"prod_01KP6FFVY2J9N6C6F6A9V99A8A","vevor-1800-mm-manual-tile-cutter-upgraded-rail-and-sliding-head-precis-gddzdghhdtsjhh0nu001v0","GDDZDGHHDTSJBBPZL001V0","prod_01KPJVGM1J2JYDX22GT2P16WPM","vevor-1200-mm-manual-tile-cutter-upgraded-rail-and-sliding-head-precis-gddzdghhdtsjbbpzl001v0","CREATED"
"prod_01KP6FFW7VADNDZT1AP5JDZWVN","vevor-600-mm-manual-tile-cutter-upgraded-sliding-head-cutting-tool-wit-dhdzhdtsjk06ufl78001v0","DHDZHDTSJK06UFL78001V0","prod_01KPJVGMH9T7F9ESV802RQW0AC","vevor-600-mm-manual-tile-cutter-upgraded-sliding-head-cutting-tool-wit-dhdzhdtsjk06ufl78001v0","CREATED"
"prod_01KP6FFW7VADNDZT1AP5JDZWVN","vevor-600-mm-manual-tile-cutter-upgraded-sliding-head-cutting-tool-wit-dhdzhdtsjk06ufl78001v0","DHDZHDTSJK12MZ2VW001V0","prod_01KPJVGMPVNK72NBHT0Z3EQNT0","vevor-1200-mm-manual-tile-cutter-upgraded-sliding-head-cutting-tool-wi-dhdzhdtsjk12mz2vw001v0","CREATED"
"prod_01KP6FFW7VADNDZT1AP5JDZWVN","vevor-600-mm-manual-tile-cutter-upgraded-sliding-head-cutting-tool-wit-dhdzhdtsjk06ufl78001v0","DHDZHDTSJK1060S0L001V0","prod_01KPJVGMX12FYZG18YA8CC4461","vevor-1000-mm-manual-tile-cutter-upgraded-sliding-head-cutting-tool-wi-dhdzhdtsjk1060s0l001v0","CREATED"
"prod_01KP6FFWHKN4326ED4KJ3XBAWY","vevor-600-mm-manual-tile-cutter-spring-loaded-base-cutting-tool-with-a-dhdzptk06mdgtanh0001v0","DHDZPTK12MDGM56WY001V0","prod_01KPJVGNB5NNJRQC867HQHB897","vevor-1200-mm-manual-tile-cutter-spring-loaded-base-cutting-tool-with-dhdzptk12mdgm56wy001v0","CREATED"
"prod_01KP6FFWHKN4326ED4KJ3XBAWY","vevor-600-mm-manual-tile-cutter-spring-loaded-base-cutting-tool-with-a-dhdzptk06mdgtanh0001v0","DHDZPTK06MDGTANH0001V0","prod_01KPJVGNHFY5Z6ND4Z7NHA5K9D","vevor-600-mm-manual-tile-cutter-spring-loaded-base-cutting-tool-with-a-dhdzptk06mdgtanh0001v0","CREATED"
"prod_01KP6FFWRX9538B6F4XZSSJNNY","vevor-rv-steps-with-dual-handrails-2-steps-300-kg-load-capacity-heavy-tygdk2jhjgsfruuz3001v0","TYGDK2JHJGSFRUUZ3001V0","prod_01KPJVGP03JRTECBW1DFV7J91J","vevor-rv-steps-with-dual-handrails-2-steps-300-kg-load-capacity-heavy-tygdk2jhjgsfruuz3001v0","CREATED"
"prod_01KP6FFWRX9538B6F4XZSSJNNY","vevor-rv-steps-with-dual-handrails-2-steps-300-kg-load-capacity-heavy-tygdk2jhjgsfruuz3001v0","TYGDK4JHJGSFHXCYF001V0","prod_01KPJVGP69XKSRC4XPBSEFT4KY","vevor-rv-steps-with-dual-handrails-4-steps-300-kg-load-capacity-heavy-tygdk4jhjgsfhxcyf001v0","CREATED"
"prod_01KP6FFWRX9538B6F4XZSSJNNY","vevor-rv-steps-with-dual-handrails-2-steps-300-kg-load-capacity-heavy-tygdk2jhjgsfruuz3001v0","TYGDK3JHJGSFQX5P3001V0","prod_01KPJVGPCP44ET14CFPHPH9XCB","vevor-rv-steps-with-dual-handrails-3-steps-300-kg-load-capacity-heavy-tygdk3jhjgsfqx5p3001v0","CREATED"
"prod_01KP6FFX375ZK7RNNWEE79TZN3","vevor-table-legs-740-x-450-mm-h-x-w-square-steel-furniture-legs-modula-ztcfkfx28177lqdbn001v0","ZTCFKXX2830I85NBJ001V0","prod_01KPJVGPXYRMRB08A0YGMJQ9YW","vevor-table-legs-750-x-760-mm-hxw-w-steel-furniture-legs-modular-desig-ztcfkxx2830i85nbj001v0","CREATED"
"prod_01KP6FFX375ZK7RNNWEE79TZN3","vevor-table-legs-740-x-450-mm-h-x-w-square-steel-furniture-legs-modula-ztcfkfx28177lqdbn001v0","ZTCFKFX28177LQDBN001V0","prod_01KPJVGQ3HANFDW17KMXQ79RKS","vevor-table-legs-740-x-450-mm-h-x-w-square-steel-furniture-legs-modula-ztcfkfx28177lqdbn001v0","CREATED"
"prod_01KP6FFX375ZK7RNNWEE79TZN3","vevor-table-legs-740-x-450-mm-h-x-w-square-steel-furniture-legs-modula-ztcfkfx28177lqdbn001v0","ZTCFKFX2824I29UYU001V0","prod_01KPJVGQ9YK4D1EAEEV5QTB9GT","vevor-table-legs-750-x-600-mm-h-x-w-square-steel-furniture-legs-modula-ztcfkfx2824i29uyu001v0","CREATED"
"prod_01KP6FFX375ZK7RNNWEE79TZN3","vevor-table-legs-740-x-450-mm-h-x-w-square-steel-furniture-legs-modula-ztcfkfx28177lqdbn001v0","ZTCFKXX8K281P8BDI001V0","prod_01KPJVGQGN15HR1TA2866Y8JS6","vevor-table-legs-740-x-472-mm-h-x-w-steel-furniture-legs-modular-desig-ztcfkxx8k281p8bdi001v0","CREATED"
"prod_01KP6FFX375ZK7RNNWEE79TZN3","vevor-table-legs-740-x-450-mm-h-x-w-square-steel-furniture-legs-modula-ztcfkfx28177lqdbn001v0","ZTCFKFX2835II5NSO001V0","prod_01KPJVGQQ15XVP3F2D76PHVQ0T","vevor-table-legs-750-x-900-mm-h-x-w-square-steel-furniture-legs-modula-ztcfkfx2835ii5nso001v0","CREATED"
"prod_01KP6FFX375ZK7RNNWEE79TZN3","vevor-table-legs-740-x-450-mm-h-x-w-square-steel-furniture-legs-modula-ztcfkfx28177lqdbn001v0","ZTCFKXX2831IBPCFO001V0","prod_01KPJVGQX62VT103TM1RWT06BH","vevor-table-legs-750-x-790-mm-h-x-w-steel-furniture-legs-modular-desig-ztcfkxx2831ibpcfo001v0","CREATED"
"prod_01KP6FFX375ZK7RNNWEE79TZN3","vevor-table-legs-740-x-450-mm-h-x-w-square-steel-furniture-legs-modula-ztcfkfx28177lqdbn001v0","ZTCFKTX281772W9UW001V0","prod_01KPJVGR3JM9MQM73D3KFC2FA4","vevor-table-legs-740-x-550-mm-h-x-w-trapezoid-steel-furniture-legs-mod-ztcfktx281772w9uw001v0","CREATED"
"prod_01KP6FFX375ZK7RNNWEE79TZN3","vevor-table-legs-740-x-450-mm-h-x-w-square-steel-furniture-legs-modula-ztcfkfx28177lqdbn001v0","ZTCFKFXTK281F1QMG001V0","prod_01KPJVGRA2E7KB9EQDP59X9JEA","vevor-table-legs-740-x-450-mm-h-x-w-square-t-shape-steel-furniture-leg-ztcfkfxtk281f1qmg001v0","CREATED"
"prod_01KP6FFX375ZK7RNNWEE79TZN3","vevor-table-legs-740-x-450-mm-h-x-w-square-steel-furniture-legs-modula-ztcfkfx28177lqdbn001v0","ZTCFKXXIIK284YMYC001V0","prod_01KPJVGRGFZZ724XSDS6RBXVXN","vevor-table-legs-740-x-610-mm-h-x-w-steel-furniture-legs-1000-kg-max-l-ztcfkxxiik284ymyc001v0","CREATED"
"prod_01KP6FFX375ZK7RNNWEE79TZN3","vevor-table-legs-740-x-450-mm-h-x-w-square-steel-furniture-legs-modula-ztcfkfx28177lqdbn001v0","ZTCFKXX2824IDAGR1001V0","prod_01KPJVGRP6CRSEEC5MB587WMR8","vevor-table-legs-750-x-600-mm-h-x-w-steel-furniture-legs-modular-desig-ztcfkxx2824idagr1001v0","CREATED"
"prod_01KP6FFXNZMX6D3D6T2ZBCAXMZ","vevor-adjustable-table-legs-710-1100-mm-steel-furniture-legs-544-kg-ma-sjztsjk284334vurx001v0","SJZTSJKYG244KH463001V0","prod_01KPJVGS56FZ9G4Z18CGF0MWN2","vevor-adjustable-table-legs-610-1016-mm-round-steel-furniture-legs-544-sjztsjkyg244kh463001v0","CREATED"
"prod_01KP6FFXNZMX6D3D6T2ZBCAXMZ","vevor-adjustable-table-legs-710-1100-mm-steel-furniture-legs-544-kg-ma-sjztsjk284334vurx001v0","SJZTSJK284334VURX001V0","prod_01KPJVGSBNN838EW26QT6YAAKE","vevor-adjustable-table-legs-710-1100-mm-steel-furniture-legs-544-kg-ma-sjztsjk284334vurx001v0","CREATED"
"prod_01KP6FFXNZMX6D3D6T2ZBCAXMZ","vevor-adjustable-table-legs-710-1100-mm-steel-furniture-legs-544-kg-ma-sjztsjk284334vurx001v0","SJZTSJKFG244SV65F001V0","prod_01KPJVGSHWB4W6SZRQNHX6P93H","vevor-adjustable-table-legs-610-1016-mm-square-steel-furniture-legs-54-sjztsjkfg244sv65f001v0","CREATED"
"prod_01KP6FFXXXNM9GXS7PYP186QFB","vevor-subwoofer-bass-package-305mm-245w-rms-complete-car-audio-subwoof-yy1pcs12inchdackm001v9","YY1PCS12INCHDACKM001V9","prod_01KPJVGT0NY9MB7DKRNNMJPMHG","vevor-subwoofer-bass-package-305mm-245w-rms-complete-car-audio-subwoof-yy1pcs12inchdackm001v9","CREATED"
"prod_01KP6FFXXXNM9GXS7PYP186QFB","vevor-subwoofer-bass-package-305mm-245w-rms-complete-car-audio-subwoof-yy1pcs12inchdackm001v9","YY2PCS12INCHLBWYH001V9","prod_01KPJVGT6TXBKA3VMQCY7AQNX6","vevor-subwoofer-bass-package-305mm-490w-rms-dual-car-audio-subwoofer-a-yy2pcs12inchlbwyh001v9","CREATED"
"prod_01KP6FFXXXNM9GXS7PYP186QFB","vevor-subwoofer-bass-package-305mm-245w-rms-complete-car-audio-subwoof-yy1pcs12inchdackm001v9","YY2PCS12INCHJHRLH001V9","prod_01KPJVGTDFJHMEDYN8QDG8AMSS","vevor-subwoofer-bass-package-305mm-1200w-rms-dual-car-audio-subwoofer-yy2pcs12inchjhrlh001v9","CREATED"
"prod_01KP6FFYM74FYQKH31HZKW913N","vevor-brake-line-flaring-tool-kit-45-single-double-flare-tool-for-4-75-pqgkgqsdkgqt3yt6b001v0","PQGKGQYJKKGJHLIPZ001V0","prod_01KPJVGTYE2ZQR28Y85B5PEG8F","vevor-brake-line-repair-kit-45-single-brake-line-flaring-tool-kit-7-6m-pqgkgqyjkkgjhlipz001v0","CREATED"
"prod_01KP6FFYM74FYQKH31HZKW913N","vevor-brake-line-flaring-tool-kit-45-single-double-flare-tool-for-4-75-pqgkgqsdkgqt3yt6b001v0","PQGKGQYJKKGJOVJIK001V0","prod_01KPJVGV3P5657PE3A5BXYYWJE","vevor-brake-line-repair-kit-45-double-single-brake-line-flaring-tool-k-pqgkgqyjkkgjovjik001v0","CREATED"
"prod_01KP6FFYM74FYQKH31HZKW913N","vevor-brake-line-flaring-tool-kit-45-single-double-flare-tool-for-4-75-pqgkgqsdkgqt3yt6b001v0","PQGKGQPXKKGJK9EFD001V0","prod_01KPJVGVA5N4KJA4EC2N9ASXV7","vevor-flaring-tool-hvac-45-eccentric-single-flaring-tool-for-1-4-3-4-6-pqgkgqpxkkgjk9efd001v0","CREATED"
"prod_01KP6FFYM74FYQKH31HZKW913N","vevor-brake-line-flaring-tool-kit-45-single-double-flare-tool-for-4-75-pqgkgqsdkgqt3yt6b001v0","PQGKGQPXKKGJ9YJ70001V0","prod_01KPJVGVGA6G1WN39WJFP8GJAK","vevor-flaring-tool-hvac-45-eccentric-single-flaring-tool-for-4-76mm-19-pqgkgqpxkkgj9yj70001v0","CREATED"
"prod_01KP6FFYM74FYQKH31HZKW913N","vevor-brake-line-flaring-tool-kit-45-single-double-flare-tool-for-4-75-pqgkgqsdkgqt3yt6b001v0","PQGKGQSDKGQT3YT6B001V0","prod_01KPJVGVPTBKMR94NTEGKC5AK2","vevor-brake-line-flaring-tool-kit-45-single-double-flare-tool-for-4-75-pqgkgqsdkgqt3yt6b001v0","CREATED"
"prod_01KP6FFYM74FYQKH31HZKW913N","vevor-brake-line-flaring-tool-kit-45-single-double-flare-tool-for-4-75-pqgkgqsdkgqt3yt6b001v0","PQGKGQCCGLKKNR1FH001V0","prod_01KPJVGVXGAN2BRRDRB3TWGVA6","vevor-professional-brake-line-flaring-tool-45-37-degree-double-flare-b-pqgkgqccglkknr1fh001v0","CREATED"
"prod_01KP6FFYM74FYQKH31HZKW913N","vevor-brake-line-flaring-tool-kit-45-single-double-flare-tool-for-4-75-pqgkgqsdkgqt3yt6b001v0","PQGKGQCCGLKKI85ZT001V0","prod_01KPJVGW38KPYXP4PEP8E1DZNW","vevor-professional-brake-line-flaring-tool-45-degree-double-flare-bubb-pqgkgqccglkki85zt001v0","CREATED"
"prod_01KP6FFYM74FYQKH31HZKW913N","vevor-brake-line-flaring-tool-kit-45-single-double-flare-tool-for-4-75-pqgkgqsdkgqt3yt6b001v0","PQGKGQPQGKGGCXAN1001V0","prod_01KPJVGW9KB52BH818FCRQWZ6A","vevor-exhaust-pipe-expander-tool-kit-41-27mm-107-95mm-exhaust-pipe-str-pqgkgqpqgkggcxan1001v0","CREATED"
"prod_01KP6FFYM74FYQKH31HZKW913N","vevor-brake-line-flaring-tool-kit-45-single-double-flare-tool-for-4-75-pqgkgqsdkgqt3yt6b001v0","PQGKGQSDGGKGQHSOK001V0","prod_01KPJVGWG1G9S1W74F9YNKA3CS","vevor-pex-pipe-expander-tool-kit-manual-tubing-expansion-tool-for-9-52-pqgkgqsdggkgqhsok001v0","CREATED"
"prod_01KP6FFZCP0E83VRM90QMECWBH","vevor-charcoal-grill-0-5-m-large-charcoal-barbecue-grill-with-2-liftab-tlzhksfxltg5k2ns2001v0","TLCTZDKZTKBXI2GZV001V0","prod_01KPJVGWXV5FJZ14J1NJ91HJXR","vevor-foldable-charcoal-grill-0-16-m-portable-charcoal-barbecue-grill-tlctzdkztkbxi2gzv001v0","CREATED"
"prod_01KP6FFZCP0E83VRM90QMECWBH","vevor-charcoal-grill-0-5-m-large-charcoal-barbecue-grill-with-2-liftab-tlzhksfxltg5k2ns2001v0","TLZHKSFXLTG5K2NS2001V0","prod_01KPJVGX436WY540VJ44R3BY0H","vevor-charcoal-grill-0-5-m-large-charcoal-barbecue-grill-with-2-liftab-tlzhksfxltg5k2ns2001v0","CREATED"
"prod_01KP6FFZPAKT05M170CAQ6PFG1","vevor-low-profile-floor-jack-3-ton-capacity-steel-racing-floor-jack-wi-zjdbqjdtz3tsuyk36001v0","ZJDBQJDTZ3TDSBWNO001V0","prod_01KPJVGXHJXEYYX5N14K38JNSD","vevor-low-profile-floor-jack-3-ton-capacity-steel-racing-floor-jack-wi-zjdbqjdtz3tdsbwno001v0","CREATED"
"prod_01KP6FFZPAKT05M170CAQ6PFG1","vevor-low-profile-floor-jack-3-ton-capacity-steel-racing-floor-jack-wi-zjdbqjdtz3tsuyk36001v0","ZJDBQJDTZ3TSUYK36001V0","prod_01KPJVGXQRXC1NKGAWD7Q1FG2E","vevor-low-profile-floor-jack-3-ton-capacity-steel-racing-floor-jack-wi-zjdbqjdtz3tsuyk36001v0","CREATED"
"prod_01KP6FFZXH72CW8PXKJP79D5YS","vevor-tow-behind-plug-aerator-32-in-lawn-spike-aerator-with-universal-tsjcpqq32inc8ogi0001v0","TSJCPQQ40INCR3R8P001V0","prod_01KPJVGY5REFECRT3H5GYGDNWV","vevor-tow-behind-plug-aerator-40-in-lawn-spike-aerator-with-universal-tsjcpqq40incr3r8p001v0","CREATED"
"prod_01KP6FFZXH72CW8PXKJP79D5YS","vevor-tow-behind-plug-aerator-32-in-lawn-spike-aerator-with-universal-tsjcpqq32inc8ogi0001v0","TSJCPQQ32INC8OGI0001V0","prod_01KPJVGYBYWJANXF6QHQ5ZYTPR","vevor-tow-behind-plug-aerator-32-in-lawn-spike-aerator-with-universal-tsjcpqq32inc8ogi0001v0","CREATED"
"prod_01KP6FG0744ASTERHF1MDCSHFA","vevor-2041-kg-electric-winch-12v-dc-atv-utv-winch-with-6-mm-x-12-m-ste-zlqdxgssjp45oj5b5001v9","ZLQDXGSSJP45OJ5B5001V9","prod_01KPJVGYSEA90YSCK80FF8TT09","vevor-2041-kg-electric-winch-12v-dc-atv-utv-winch-with-6-mm-x-12-m-ste-zlqdxgssjp45oj5b5001v9","CREATED"
"prod_01KP6FG0744ASTERHF1MDCSHFA","vevor-2041-kg-electric-winch-12v-dc-atv-utv-winch-with-6-mm-x-12-m-ste-zlqdxgssjp45oj5b5001v9","ZLQDXGSSJP30CRZ05001V9","prod_01KPJVGYZKV1809M9CF8AD0MJC","vevor-1360-kg-electric-winch-12v-dc-atv-utv-winch-with-5-mm-x-12-m-ste-zlqdxgssjp30crz05001v9","CREATED"
"prod_01KP6FG0E8NPPGRC9AWYCXZ24R","vevor-heavy-duty-double-welding-cable-reel-welding-cable-lead-reels-fo-hjdljpjtsl2zhxd0p001v0","HJDLJPZXDHJJAM484001V0","prod_01KPJVGZD6Q7DG09KW731YFM3R","vevor-2pcs-heavy-duty-welding-cable-reels-welding-cable-lead-reels-for-hjdljpzxdhjjam484001v0","CREATED"
"prod_01KP6FG0E8NPPGRC9AWYCXZ24R","vevor-heavy-duty-double-welding-cable-reel-welding-cable-lead-reels-fo-hjdljpjtsl2zhxd0p001v0","HJDLJPJTSL2ZHXD0P001V0","prod_01KPJVGZKGS5VB71AYHYCMET9R","vevor-heavy-duty-double-welding-cable-reel-welding-cable-lead-reels-fo-hjdljpjtsl2zhxd0p001v0","CREATED"
"prod_01KP6FG0NPVG5KWKD3M8C867SA","vevor-corded-electric-tiller-45cm-tilling-width-garden-rototiller-1500-yxddgyj68ampfzvpg001v2","YXDDGYJ55AMPUVH1S001V2","prod_01KPJVH01MR1756S8C46HSNMP8","vevor-corded-electric-tiller-36cm-tilling-width-garden-rototiller-1200-yxddgyj55ampuvh1s001v2","CREATED"
"prod_01KP6FG0NPVG5KWKD3M8C867SA","vevor-corded-electric-tiller-45cm-tilling-width-garden-rototiller-1500-yxddgyj68ampfzvpg001v2","YXDDGYJ68AMPFZVPG001V2","prod_01KPJVH07QPP29QWGVRRJ2N1AR","vevor-corded-electric-tiller-45cm-tilling-width-garden-rototiller-1500-yxddgyj68ampfzvpg001v2","CREATED"
"prod_01KP6FG0YW4GBY8JJ9M41TXM1W","vevor-2721-kg-electric-winch-12v-dc-atv-utv-winch-with-6-mm-x-15-m-syn-zlqdxchcsjp67msra001v9","ZLQDXCHCSJP2J2VL0001V9","prod_01KPJVH0NTADYR3VPRH0RX5G82","vevor-1134-kg-electric-winch-12v-dc-atv-utv-winch-with-4-8-mm-x-12-m-s-zlqdxchcsjp2j2vl0001v9","CREATED"
"prod_01KP6FG0YW4GBY8JJ9M41TXM1W","vevor-2721-kg-electric-winch-12v-dc-atv-utv-winch-with-6-mm-x-15-m-syn-zlqdxchcsjp67msra001v9","ZLQDXCHCSJP3VMPZG001V9","prod_01KPJVH0W3FQZ26NYS5VJT5SVC","vevor-1587-kg-electric-winch-12v-dc-atv-utv-winch-with-5-5-mm-x-10-m-s-zlqdxchcsjp3vmpzg001v9","CREATED"
"prod_01KP6FG0YW4GBY8JJ9M41TXM1W","vevor-2721-kg-electric-winch-12v-dc-atv-utv-winch-with-6-mm-x-15-m-syn-zlqdxchcsjp67msra001v9","ZLQDXCHCSJP67MSRA001V9","prod_01KPJVH12CN9QTH236C047TZS9","vevor-2721-kg-electric-winch-12v-dc-atv-utv-winch-with-6-mm-x-15-m-syn-zlqdxchcsjp67msra001v9","CREATED"
"prod_01KP6FG18VJQGGE17GNTY4NY08","vevor-tap-and-die-set-60-piece-metric-m3-to-m12-and-sae-sizes-with-coa-szhbytz60jtmynael001v0","SZHBYTZDCC5190DRK001V0","prod_01KPJVH1JBVG84JYEP8EA8JWEW","vevor-tap-and-die-set-51-piece-metric-sizes-m6-to-m24-with-coarse-and-szhbytzdcc5190drk001v0","CREATED"
"prod_01KP6FG18VJQGGE17GNTY4NY08","vevor-tap-and-die-set-60-piece-metric-m3-to-m12-and-sae-sizes-with-coa-szhbytz60jtmynael001v0","SZHBYTZ60JTMYNAEL001V0","prod_01KPJVH1RJEYD4J4KD2WSFD277","vevor-tap-and-die-set-60-piece-metric-m3-to-m12-and-sae-sizes-with-coa-szhbytz60jtmynael001v0","CREATED"
"prod_01KP6FG18VJQGGE17GNTY4NY08","vevor-tap-and-die-set-60-piece-metric-m3-to-m12-and-sae-sizes-with-coa-szhbytz60jtmynael001v0","SZHBYTZDCC510B8PI001V0","prod_01KPJVH1XYMM67XJTS3YK95YYH","vevor-tap-and-die-set-51-piece-sae-sizes-with-coarse-and-fine-thread-t-szhbytzdcc510b8pi001v0","CREATED"
"prod_01KP6FG18VJQGGE17GNTY4NY08","vevor-tap-and-die-set-60-piece-metric-m3-to-m12-and-sae-sizes-with-coa-szhbytz60jtmynael001v0","SZHBYTZTTC86ODWII001V0","prod_01KPJVH24CQ59JWRG43VFRC75Z","vevor-tap-and-die-set-86-piece-metric-and-sae-sizes-m3-to-m12-with-coa-szhbytzttc86odwii001v0","CREATED"
"prod_01KP6FG1RG5WMKC2NY93QZR4WR","vevor-portable-air-conditioner-9000-btu-2-6kw-3-in-1-standing-cooling-bxskdozkdl9052fm2001v2","BXSKDOZKDL9052FM2001V2","prod_01KPJVH2J174BZ890BQPC0XJ00","vevor-portable-air-conditioner-9000-btu-2-6kw-3-in-1-standing-cooling-bxskdozkdl9052fm2001v2","CREATED"
"prod_01KP6FG1RG5WMKC2NY93QZR4WR","vevor-portable-air-conditioner-9000-btu-2-6kw-3-in-1-standing-cooling-bxskdozkdl9052fm2001v2","BXSKDOZKDL709AKMP001V2","prod_01KPJVH2R75Z7NR8R5RP8ACJPK","vevor-portable-air-conditioner-7000-btu-2kw-3-in-1-standing-cooling-ac-bxskdozkdl709akmp001v2","CREATED"
"prod_01KP6FG1ZXPF09F8ZFE09KV22R","vevor-250a-mig-welding-gun-with-4-57m-cable-replacement-for-miller-mdx-mighqmillerm4fbfb001v0","MIGHQMILLERSGGQKS001V0","prod_01KPJVH371S8YXYCRHH9STJJAX","vevor-135amp-spool-gun-with-3m-cable-replacement-for-miller-spoolmate-mighqmillersggqks001v0","CREATED"
"prod_01KP6FG1ZXPF09F8ZFE09KV22R","vevor-250a-mig-welding-gun-with-4-57m-cable-replacement-for-miller-mdx-mighqmillerm4fbfb001v0","MIGHQMILLERM4FBFB001V0","prod_01KPJVH3D4SVR6A7B7MSV61ZS3","vevor-250a-mig-welding-gun-with-4-57m-cable-replacement-for-miller-mdx-mighqmillerm4fbfb001v0","CREATED"
"prod_01KP6FG1ZXPF09F8ZFE09KV22R","vevor-250a-mig-welding-gun-with-4-57m-cable-replacement-for-miller-mdx-mighqmillerm4fbfb001v0","MIGHQLINCOLN4EQ6N001V0","prod_01KPJVH3KJSFZ4GER55EQQH541","vevor-100a-mig-welding-gun-with-3m-cable-replacement-for-lincoln-magnu-mighqlincoln4eq6n001v0","CREATED"
"prod_01KP6FG285Z0RXNYBH7K327ZSB","vevor-car-buffer-polisher-30-50-76-mm-rotary-polisher-buffer-600w-6-va-qcpgjtxhcpgwv1ie4001v2","QCPGJSJGDPGWTICKL001V2","prod_01KPJVH41NCTF14WAGD1FAXKBZ","vevor-car-buffer-polisher-150mm-dual-action-polisher-buffer-waxer-650w-qcpgjsjgdpgwtickl001v2","CREATED"
"prod_01KP6FG285Z0RXNYBH7K327ZSB","vevor-car-buffer-polisher-30-50-76-mm-rotary-polisher-buffer-600w-6-va-qcpgjtxhcpgwv1ie4001v2","QCPGJTXHCPGWV1IE4001V2","prod_01KPJVH47V0THG3D8HJDNSXZJN","vevor-car-buffer-polisher-30-50-76-mm-rotary-polisher-buffer-600w-6-va-qcpgjtxhcpgwv1ie4001v2","CREATED"
"prod_01KP6FG2HNA9K3598EWKPR8W0X","vevor-pipe-press-tool-18v-electric-pipe-crimping-tool-with-v15-v22-v28-ztyyddyjgjobo2yqq001v9","ZTYYDDYJGJOBO2YQQ001V9","prod_01KPJVH4N33MZPPJ2TCR4HC8HT","vevor-pipe-press-tool-18v-electric-pipe-crimping-tool-with-v15-v22-v28-ztyyddyjgjobo2yqq001v9","CREATED"
"prod_01KP6FG2HNA9K3598EWKPR8W0X","vevor-pipe-press-tool-18v-electric-pipe-crimping-tool-with-v15-v22-v28-ztyyddyjgjobo2yqq001v9","ZTYYDDYJGJOBFG7S9001V9","prod_01KPJVH4V56K6HHTXM42HDF58H","vevor-pipe-press-tool-18v-electric-pipe-crimping-tool-with-m15-m22-m28-ztyyddyjgjobfg7s9001v9","CREATED"
"prod_01KP6FG3F1HJ1F3BKA59BM1STF","vevor-toddler-tricycle-for-2-5-year-old-kids-trike-with-adjustable-sea-bdstgbddphll2a6nv001v0","BDSTGBDDPHLL2A6NV001V0","prod_01KPJVH596JMGQ3AAS69D3CEMG","vevor-toddler-tricycle-for-2-5-year-old-kids-trike-with-adjustable-sea-bdstgbddphll2a6nv001v0","CREATED"
"prod_01KP6FG3F1HJ1F3BKA59BM1STF","vevor-toddler-tricycle-for-2-5-year-old-kids-trike-with-adjustable-sea-bdstgbddphll2a6nv001v0","BDSTGBDDPHLLG7KKL001V0","prod_01KPJVH5EQF3FC6Q4ZVV8R5B1S","vevor-toddler-tricycle-for-2-5-year-old-folding-kids-trike-with-adjust-bdstgbddphllg7kkl001v0","CREATED"
"prod_01KP6FG3WHERXJK2E4DT94J8DZ","vevor-lake-weed-roller-3-66-m-lake-pond-weed-removal-tool-muck-razer-a-hbccgtgcxpvc2zvjd002v0","HBCCGTJCXPVCRY036002V0","prod_01KPJVH5YACDJ3QSMK926661J6","vevor-lake-weed-roller-18-ft-lake-pond-weed-removal-tool-muck-razer-aq-hbccgtjcxpvcry036002v0","CREATED"
"prod_01KP6FG3WHERXJK2E4DT94J8DZ","vevor-lake-weed-roller-3-66-m-lake-pond-weed-removal-tool-muck-razer-a-hbccgtgcxpvc2zvjd002v0","HBCCGTJCXBXGYZNXT002V0","prod_01KPJVH64RRZE1C6474V9M300S","vevor-lake-weed-roller-14-1-ft-stainless-steel-lake-pond-weed-removal-hbccgtjcxbxgyznxt002v0","CREATED"
"prod_01KP6FG3WHERXJK2E4DT94J8DZ","vevor-lake-weed-roller-3-66-m-lake-pond-weed-removal-tool-muck-razer-a-hbccgtgcxpvc2zvjd002v0","HBCCGTJCXPVC7UEDV002V0","prod_01KPJVH6B871TGEXN9HRMWY6QV","vevor-lake-weed-roller-20-ft-lake-pond-weed-removal-tool-muck-razer-aq-hbccgtjcxpvc7uedv002v0","CREATED"
"prod_01KP6FG3WHERXJK2E4DT94J8DZ","vevor-lake-weed-roller-3-66-m-lake-pond-weed-removal-tool-muck-razer-a-hbccgtgcxpvc2zvjd002v0","HBCCGTGCXPVC2ZVJD002V0","prod_01KPJVH6HTB4K693X95TNYDR7N","vevor-lake-weed-roller-3-66-m-lake-pond-weed-removal-tool-muck-razer-a-hbccgtgcxpvc2zvjd002v0","CREATED"
"prod_01KP6FG45T4AVGX22M5FZ6Z6YK","vevor-plant-fan-grow-tent-clip-on-fan-rechargeable-usb-port-with-9-spe-jgsfszwk6inc36gsh001v9","JGSFSZWK6INC36GSH001V9","prod_01KPJVH72SPJ0ZJJ5PJSZ7CX6S","vevor-plant-fan-grow-tent-clip-on-fan-rechargeable-usb-port-with-9-spe-jgsfszwk6inc36gsh001v9","CREATED"
"prod_01KP6FG45T4AVGX22M5FZ6Z6YK","vevor-plant-fan-grow-tent-clip-on-fan-rechargeable-usb-port-with-9-spe-jgsfszwk6inc36gsh001v9","JGSFSBXK8INC7RK1G001V9","prod_01KPJVH78XWZDG0FQ37XREW2N5","vevor-portable-clip-fan-rechargeable-clip-on-fan-with-light-usb-port-w-jgsfsbxk8inc7rk1g001v9","CREATED"
"prod_01KP6FG45T4AVGX22M5FZ6Z6YK","vevor-plant-fan-grow-tent-clip-on-fan-rechargeable-usb-port-with-9-spe-jgsfszwk6inc36gsh001v9","JGSFSZWK6INCUNSL5001V9","prod_01KPJVH7FDDGFQH6VX509J5K2B","vevor-plant-fan-grow-tent-clip-on-fan-rechargeable-usb-port-with-9-spe-jgsfszwk6incunsl5001v9","CREATED"
"prod_01KP6FG45T4AVGX22M5FZ6Z6YK","vevor-plant-fan-grow-tent-clip-on-fan-rechargeable-usb-port-with-9-spe-jgsfszwk6inc36gsh001v9","JGSFSBXK8INC1N8T6001V9","prod_01KPJVH7NTHA1RX71V6HFMR3SG","vevor-portable-clip-fan-rechargeable-clip-on-fan-usb-port-with-3-speed-jgsfsbxk8inc1n8t6001v9","CREATED"
"prod_01KP6FG45T4AVGX22M5FZ6Z6YK","vevor-plant-fan-grow-tent-clip-on-fan-rechargeable-usb-port-with-9-spe-jgsfszwk6inc36gsh001v9","JGSFSBXK8INCRHIGP001V9","prod_01KPJVH7W9P37JM756465RS6K7","vevor-portable-clip-fan-rechargeable-clip-on-fan-usb-port-with-3-speed-jgsfsbxk8incrhigp001v9","CREATED"
"prod_01KP6FG4FZ96PQBXY6N8G2C1EW","vevor-metal-storage-cabinet-81-5-kg-shelf-load-capacity-1800-mm-tall-g-ckcwjgjdctyb9ak4x001v0","CKCWJGJDCTNCWGRS9001V0","prod_01KPJVH8AHWE5A3E2N9ZCKV4JJ","vevor-metal-storage-cabinet-81-5-kg-shelf-load-capacity-1800-mm-tall-g-ckcwjgjdctncwgrs9001v0","CREATED"
"prod_01KP6FG4FZ96PQBXY6N8G2C1EW","vevor-metal-storage-cabinet-81-5-kg-shelf-load-capacity-1800-mm-tall-g-ckcwjgjdctyb9ak4x001v0","CKCWJGJDCTYBX5J7E001V0","prod_01KPJVH8GT780DRRNDS0MYEK8C","vevor-metal-storage-cabinet-with-wheels-81-5-kg-shelf-load-capacity-19-ckcwjgjdctybx5j7e001v0","CREATED"
"prod_01KP6FG4FZ96PQBXY6N8G2C1EW","vevor-metal-storage-cabinet-81-5-kg-shelf-load-capacity-1800-mm-tall-g-ckcwjgjdctyb9ak4x001v0","CKCWJGJDCTYB9AK4X001V0","prod_01KPJVH8QBKAJ0Z8V85KA1NPJF","vevor-metal-storage-cabinet-81-5-kg-shelf-load-capacity-1800-mm-tall-g-ckcwjgjdctyb9ak4x001v0","CREATED"
"prod_01KP6FG4T2SGNY4QHB0P6S9ANP","vevor-2026-upgraded-sewer-camera-with-wifi-20m-drain-pipeline-camera-i-wpsgdksybdpd0s0h7001v9","WPSGDKSYBDPD05GRH001V9","prod_01KPJVH95ZXBXBE34D4SVYKA0Z","vevor-2026-upgraded-sewer-camera-with-wifi-50m-drain-pipeline-camera-i-wpsgdksybdpd05grh001v9","CREATED"
"prod_01KP6FG4T2SGNY4QHB0P6S9ANP","vevor-2026-upgraded-sewer-camera-with-wifi-20m-drain-pipeline-camera-i-wpsgdksybdpd0s0h7001v9","WPSGDKSYBDPD0S0H7001V9","prod_01KPJVH9C5CCDT56DJSAMY7HES","vevor-2026-upgraded-sewer-camera-with-wifi-20m-drain-pipeline-camera-i-wpsgdksybdpd0s0h7001v9","CREATED"
"prod_01KP6FG4T2SGNY4QHB0P6S9ANP","vevor-2026-upgraded-sewer-camera-with-wifi-20m-drain-pipeline-camera-i-wpsgdksybdpd0s0h7001v9","WPSGDKSYBDPD5DCOR001V9","prod_01KPJVH9JQJBJM4Q3P4T5DNHP2","vevor-2026-upgraded-sewer-camera-with-wifi-30m-drain-pipeline-camera-i-wpsgdksybdpd5dcor001v9","CREATED"
"prod_01KPGAVS0FGE87YQHQ1CMXNK2Z","vevor-solar-panel-cleaning-kit-4-6-m-water-fed-pole-kit-with-cleaning-ehytyndcbqjtexdry001v0","EHYTYNDCBQJTEXQ9V001V0","prod_01KPJVHA1EPF9XY5M6J4B8R4NW","vevor-solar-panel-cleaning-kit-7-99-m-water-fed-pole-kit-with-cleaning-ehytyndcbqjtexq9v001v0","CREATED"
"prod_01KPGAVS0FGE87YQHQ1CMXNK2Z","vevor-solar-panel-cleaning-kit-4-6-m-water-fed-pole-kit-with-cleaning-ehytyndcbqjtexdry001v0","EHYTYNDCBQJTTQ8JZ001V0","prod_01KPJVHA6RR569TNDVJ5WBVFH6","vevor-solar-panel-cleaning-kit-10-02m-water-fed-pole-kit-with-cleaning-ehytyndcbqjttq8jz001v0","CREATED"
"prod_01KPGAVS0FGE87YQHQ1CMXNK2Z","vevor-solar-panel-cleaning-kit-4-6-m-water-fed-pole-kit-with-cleaning-ehytyndcbqjtexdry001v0","EHYTYNDCBQJTEXDRY001V0","prod_01KPJVHACTF20ADC2EB6KFHV7K","vevor-solar-panel-cleaning-kit-4-6-m-water-fed-pole-kit-with-cleaning-ehytyndcbqjtexdry001v0","CREATED"
"prod_01KPGAVSA1QK6BXVK0E8DEQA3Y","vevor-dog-stairs-for-car-4-steps-extra-wide-foldable-dog-ramp-for-larg-kzdgltekmzfh1knna001v0","KZDGLTEKMZFHUGZNR001V0","prod_01KPJVHAW3N3ANKN3QSX1XC4W9","vevor-dog-stairs-for-car-5-steps-extra-wide-foldable-dog-ramp-for-larg-kzdgltekmzfhugznr001v0","CREATED"
"prod_01KPGAVSA1QK6BXVK0E8DEQA3Y","vevor-dog-stairs-for-car-4-steps-extra-wide-foldable-dog-ramp-for-larg-kzdgltekmzfh1knna001v0","KZDGLTEKMZFH1KNNA001V0","prod_01KPJVHB2K8SM7BH1DA9ZTQBYF","vevor-dog-stairs-for-car-4-steps-extra-wide-foldable-dog-ramp-for-larg-kzdgltekmzfh1knna001v0","CREATED"
"prod_01KPGAVSA1QK6BXVK0E8DEQA3Y","vevor-dog-stairs-for-car-4-steps-extra-wide-foldable-dog-ramp-for-larg-kzdgltekmzfh1knna001v0","KZDGLTEKJCDJEVRSN001V0","prod_01KPJVHB91NK2GZ4AQ2FXACXE3","vevor-dog-stairs-for-car-4-steps-extra-wide-foldable-dog-ramp-for-larg-kzdgltekjcdjevrsn001v0","CREATED"
"prod_01KPGAVSA1QK6BXVK0E8DEQA3Y","vevor-dog-stairs-for-car-4-steps-extra-wide-foldable-dog-ramp-for-larg-kzdgltekmzfh1knna001v0","KZDGLTEKJCK53PHLZ001V0","prod_01KPJVHBFG03687B876S6DEVMY","vevor-dog-stairs-for-car-4-steps-extra-wide-foldable-dog-ramp-for-larg-kzdgltekjck53phlz001v0","CREATED"
"prod_01KPGAVSJFXC4XD6532NH07KF5","vevor-swing-hangers-6-pack-heavy-duty-swing-brackets-386-kg-each-load-qqggbxg6pcsxcli4e001v0","QQGG4PCSLHJ0VE8YA002V0","prod_01KPJVHBX3624JQ40N2FC460GK","vevor-swing-hangers-4-pack-heavy-duty-swing-brackets-2268-kg-capacity-qqgg4pcslhj0ve8ya002v0","CREATED"
"prod_01KPGAVSJFXC4XD6532NH07KF5","vevor-swing-hangers-6-pack-heavy-duty-swing-brackets-386-kg-each-load-qqggbxg6pcsxcli4e001v0","QQGGBXG6PCSXCLI4E001V0","prod_01KPJVHC3HD4RD00YRN5RR7KTT","vevor-swing-hangers-6-pack-heavy-duty-swing-brackets-386-kg-each-load-qqggbxg6pcsxcli4e001v0","CREATED"
"prod_01KPGAVT0VFTA490BZD3JZFF9N","vevor-550w-electric-fruit-apple-crusher-sus304-desktop-crushing-machin-xgsnjtm550w03s9ck001v2","XGSNJLD1100WNDU32001V2","prod_01KPJVHCH861Z5WKD1YF93080F","vevor-1100w-electric-fruit-apple-crusher-sus304-freestanding-crushing-xgsnjld1100wndu32001v2","CREATED"
"prod_01KPGAVT0VFTA490BZD3JZFF9N","vevor-550w-electric-fruit-apple-crusher-sus304-desktop-crushing-machin-xgsnjtm550w03s9ck001v2","XGSNJTM550W03S9CK001V2","prod_01KPJVHCQRCH2S3JEN8XQAZJ9T","vevor-550w-electric-fruit-apple-crusher-sus304-desktop-crushing-machin-xgsnjtm550w03s9ck001v2","CREATED"